dataset,model,layer,case_type,n,fraction,median_behavioral_alignment,median_latent_alignment,mean_behavioral_alignment,mean_latent_alignment,median_abs_alignment_gap,mean_abs_alignment_gap,median_signed_alignment_gap
not,deberta-hate-tuned,0,both_aligned,852,0.6816,0.994534172,0.5,0.9609741772187792,0.5,0.494534172,0.4609741772187793,-0.494534172
not,deberta-hate-tuned,0,aligned_output_misaligned_latent,0,0.0,,,,,,,
not,deberta-hate-tuned,0,misaligned_output_aligned_latent,398,0.3184,0.0102608195,0.5,0.0535987537846733,0.5,0.4897391805,0.4464012462153266,0.4897391805
not,deberta-hate-tuned,0,both_misaligned,0,0.0,,,,,,,
not,deberta-hate-tuned,1,both_aligned,479,0.3832,0.9952811473,0.5365436,0.9693867823160752,0.5450818464091858,0.45169568,0.4250045145290188,-0.45169568
not,deberta-hate-tuned,1,aligned_output_misaligned_latent,373,0.2984,0.993101999,0.4654258999999999,0.9501708586085792,0.4575255408310992,0.5160468255999999,0.4926453177774799,-0.5160468255999999
not,deberta-hate-tuned,1,misaligned_output_aligned_latent,158,0.1264,0.013302793,0.534641725,0.053986536735443,0.5460174012658228,0.5146748162,0.4920308645303797,0.5146748162
not,deberta-hate-tuned,1,both_misaligned,240,0.192,0.0090396375,0.4622755,0.0533434633420833,0.456907165875,0.43836210625,0.4036082514495833,0.43836210625
not,deberta-hate-tuned,2,both_aligned,432,0.3456,0.994307065,0.5566596799999999,0.9603324423847222,0.5663905196064815,0.4144942521999999,0.3942082402782407,-0.4144942521999999
not,deberta-hate-tuned,2,aligned_output_misaligned_latent,420,0.336,0.99505161795,0.4489181049999999,0.9616342473338096,0.4446006175952381,0.531000931,0.5170336297385714,-0.531000931
not,deberta-hate-tuned,2,misaligned_output_aligned_latent,223,0.1784,0.007947651,0.541811,0.04764491777713,0.5449595909417041,0.5228144929999999,0.497314673164574,0.5228144929999999
not,deberta-hate-tuned,2,both_misaligned,175,0.14,0.014849552,0.42391914,0.0611856419542857,0.4218923778285715,0.389871602,0.3621803303885714,0.389871602
not,deberta-hate-tuned,3,both_aligned,427,0.3416,0.994537206,0.565711,0.9626023398911008,0.573515730679157,0.4130480515999999,0.389422676471897,-0.4130480515999999
not,deberta-hate-tuned,3,aligned_output_misaligned_latent,425,0.34,0.9945310056,0.43689644,0.9593383526044704,0.4313622121529412,0.5438615518000001,0.5279761404515294,-0.5438615518000001
not,deberta-hate-tuned,3,misaligned_output_aligned_latent,223,0.1784,0.0077363355,0.5543952,0.0462011340699551,0.5558670432286996,0.53157915,0.5096659091587444,0.53157915
not,deberta-hate-tuned,3,both_misaligned,175,0.14,0.018422635,0.43702757,0.0630254349068571,0.4144171060571429,0.39042886,0.3554216834931428,0.39042886
not,deberta-hate-tuned,4,both_aligned,412,0.3296,0.99382987975,0.68016907,0.9610478542135924,0.6821408291650486,0.2812878174999999,0.2835915763592233,-0.2812878174999999
not,deberta-hate-tuned,4,aligned_output_misaligned_latent,440,0.352,0.99520516015,0.3253106699999999,0.96090518876,0.3311871343795454,0.6450746089,0.6297180543804545,-0.6450746089
not,deberta-hate-tuned,4,misaligned_output_aligned_latent,207,0.1656,0.0077363355,0.673882,0.0440788465724637,0.6666169679710146,0.641254716,0.6225381213985508,0.641254716
not,deberta-hate-tuned,4,both_misaligned,191,0.1528,0.014821836,0.3090291,0.0639161401350785,0.3108644867015707,0.26295462,0.2630054240534031,0.2596645684
not,deberta-hate-tuned,5,both_aligned,446,0.3568,0.9951709018,0.6604471249999999,0.9645186273035876,0.6389213724887892,0.32165945455,0.3326955398372198,-0.3210251838499999
not,deberta-hate-tuned,5,aligned_output_misaligned_latent,406,0.3248,0.9935863358,0.39093682,0.957080520229064,0.3764260245812807,0.5842673101,0.5806544956477833,-0.5842673101
not,deberta-hate-tuned,5,misaligned_output_aligned_latent,194,0.1552,0.01520208,0.6208016199999999,0.0613196186407216,0.6329265409278351,0.591711319,0.5716069222871134,0.591711319
not,deberta-hate-tuned,5,both_misaligned,204,0.1632,0.00779310015,0.387820425,0.0462563626960784,0.3843166640686274,0.35523303655,0.3395947007843137,0.35523303655
not,deberta-hate-tuned,6,both_aligned,399,0.3192,0.993360145,0.67053455,0.9550092819566416,0.6648886119649123,0.287768841,0.2975535375105263,-0.287768841
not,deberta-hate-tuned,6,aligned_output_misaligned_latent,453,0.3624,0.995374718,0.3194399,0.966228025363576,0.3269859751214128,0.6468659727,0.6392420502421633,-0.6468659727
not,deberta-hate-tuned,6,misaligned_output_aligned_latent,242,0.1936,0.00796008775,0.666773885,0.05135289753719,0.6640893278099174,0.6180259585,0.6127364302727273,0.6180259585
not,deberta-hate-tuned,6,both_misaligned,156,0.1248,0.014956565,0.29655996,0.0570827102711538,0.3150986735897436,0.2575328905,0.2725644289596153,0.2575328905
not,deberta-hate-tuned,7,both_aligned,409,0.3272,0.9939229963,0.6385463,0.95202941107555,0.6515313070977996,0.3220885999999999,0.3054609420217604,-0.3220885999999999
not,deberta-hate-tuned,7,aligned_output_misaligned_latent,443,0.3544,0.9951156746,0.34675574,0.9692324376083522,0.3475235096681716,0.6379934637,0.6217089279401805,-0.6379934637
not,deberta-hate-tuned,7,misaligned_output_aligned_latent,249,0.1992,0.0079725245,0.6407426,0.050978150690763,0.6390197352208835,0.60916085,0.5880415845301206,0.60916085
not,deberta-hate-tuned,7,both_misaligned,149,0.1192,0.01755831,0.3699845,0.0579781509013422,0.3558130627516778,0.332914605,0.3052553325214764,0.332914605
not,deberta-hate-tuned,8,both_aligned,409,0.3272,0.993812293,0.5987748,0.9560868616860636,0.6305255309266503,0.3455666125,0.3267783778498778,-0.3455666125
not,deberta-hate-tuned,8,aligned_output_misaligned_latent,443,0.3544,0.995218172,0.4178889,0.965486394042438,0.4034229160699774,0.571440403,0.5620634779724605,-0.571440403
not,deberta-hate-tuned,8,misaligned_output_aligned_latent,226,0.1808,0.0077784659999999,0.575782,0.0518012446663716,0.5699909150442477,0.5534297558,0.5181896703778761,0.5534297558
not,deberta-hate-tuned,8,both_misaligned,172,0.1376,0.0138202895,0.344055685,0.0559605971610465,0.3469405196511628,0.3038763913,0.2990363807459302,0.3038763913
not,deberta-hate-tuned,9,both_aligned,425,0.34,0.9945836756,0.65026408,0.9636471936872942,0.6639317196847059,0.3220919419999999,0.3051404010614117,-0.3220919419999999
not,deberta-hate-tuned,9,aligned_output_misaligned_latent,427,0.3416,0.9944493067,0.34000146,0.9583136807337236,0.3279893226018735,0.6407668134,0.6303243581318502,-0.6407668134
not,deberta-hate-tuned,9,misaligned_output_aligned_latent,223,0.1784,0.008483823,0.6549331,0.0506294158116591,0.6678821167264574,0.6228710137000001,0.6172527009147982,0.6228710137000001
not,deberta-hate-tuned,9,both_misaligned,175,0.14,0.013650317,0.3911246,0.0573825387445714,0.3682613534571428,0.3609945675,0.3140324148268571,0.3609945675
not,deberta-hate-tuned,10,both_aligned,433,0.3464,0.994841757,0.6223643400000001,0.960571970578522,0.6149593578752888,0.3578489735999999,0.3474304367678983,-0.3578489735999999
not,deberta-hate-tuned,10,aligned_output_misaligned_latent,419,0.3352,0.994119132,0.414907,0.9613898227443912,0.4061391384486873,0.5687566973,0.555250684295704,-0.5687566973
not,deberta-hate-tuned,10,misaligned_output_aligned_latent,260,0.208,0.008832542,0.5632649249999999,0.0490986242523076,0.5797603675769231,0.5369791955,0.5306617433246154,0.5369791955
not,deberta-hate-tuned,10,both_misaligned,138,0.1104,0.014942707,0.431042875,0.0620772587007246,0.4127337616666667,0.3788523165,0.3520789174586956,0.3788523165
not,deberta-hate-tuned,11,both_aligned,393,0.3144,0.9931593044,0.56960273,0.9493051202816796,0.6013550403689567,0.3948377900000001,0.3485513954852418,-0.3948377900000001
not,deberta-hate-tuned,11,aligned_output_misaligned_latent,459,0.3672,0.995254016,0.43992352,0.9709653305440088,0.4308052481176471,0.550371153,0.5401600824263617,-0.550371153
not,deberta-hate-tuned,11,misaligned_output_aligned_latent,256,0.2048,0.00817365075,0.557993725,0.0516448974925781,0.5571855796875,0.535381083,0.5055406821949219,0.535381083
not,deberta-hate-tuned,11,both_misaligned,142,0.1136,0.0158353635,0.44514257,0.0571211989309859,0.4055047549366197,0.406896835,0.3509210681183098,0.406896835
not,deberta-hate-tuned,12,both_aligned,486,0.3888,0.994773486,0.5961886,0.9564389191053498,0.6031520446296297,0.37105454305,0.3539114929530864,-0.37105454305
not,deberta-hate-tuned,12,aligned_output_misaligned_latent,366,0.2928,0.99422965615,0.41782088,0.9669964052054644,0.4216261456284153,0.56804058865,0.5453702595770492,-0.56804058865
not,deberta-hate-tuned,12,misaligned_output_aligned_latent,254,0.2032,0.0109330485,0.5638401500000001,0.0557201187480315,0.5621547625590552,0.5341064549999999,0.5064346438110235,0.5341064549999999
not,deberta-hate-tuned,12,both_misaligned,144,0.1152,0.0092713,0.44490361,0.0498569016965277,0.4355404202777777,0.411576094,0.3869569028868055,0.411576094
not,deberta-hate-tuned,13,both_aligned,527,0.4216,0.9944744264,0.561518,0.9556477019134724,0.5652785114041745,0.40777956,0.3904736976440227,-0.40777956
not,deberta-hate-tuned,13,aligned_output_misaligned_latent,325,0.26,0.994647131,0.4674442,0.9696112617907692,0.4657257429230769,0.5235612347999999,0.5038855188676924,-0.5235612347999999
not,deberta-hate-tuned,13,misaligned_output_aligned_latent,288,0.2304,0.01037183725,0.53197708,0.053234481571875,0.5328898705902777,0.5120978449,0.4796553890184027,0.5120978449
not,deberta-hate-tuned,13,both_misaligned,110,0.088,0.01012096425,0.4805494999999999,0.0545524846690909,0.4721651879090909,0.455358673,0.4177426421490909,0.455358673
not,deberta-hate-tuned,14,both_aligned,451,0.3608,0.9951134305,0.65797845,0.9602628508596452,0.6602819668292682,0.3104609300000001,0.3055128053607538,-0.3104609300000001
not,deberta-hate-tuned,14,aligned_output_misaligned_latent,401,0.3208,0.9934289875,0.37163484,0.961774197637656,0.3667570502493765,0.605116464,0.5950171473882793,-0.605116464
not,deberta-hate-tuned,14,misaligned_output_aligned_latent,237,0.1896,0.010734312,0.61061025,0.0547054046881856,0.6149690560337553,0.57660287,0.5602636513455697,0.57660287
not,deberta-hate-tuned,14,both_misaligned,161,0.1288,0.009272069,0.40000325,0.0519697086658385,0.382860151242236,0.365160313,0.3340715592223602,0.365160313
not,deberta-hate-tuned,15,both_aligned,477,0.3816,0.9950619848,0.572505,0.9616449780702304,0.5709611407966457,0.4193369942999999,0.3918400835209644,-0.4193369942999999
not,deberta-hate-tuned,15,aligned_output_misaligned_latent,375,0.3,0.994096363,0.4367299,0.9601209185357332,0.4346240108,0.540916744,0.5254969077357333,-0.540916744
not,deberta-hate-tuned,15,misaligned_output_aligned_latent,188,0.1504,0.0152966925,0.5656104,0.0626506726648936,0.5720472442553192,0.5345098089,0.5093965715904255,0.5345098089
not,deberta-hate-tuned,15,both_misaligned,210,0.168,0.00768547425,0.43485293,0.0454951311680952,0.4387746377142857,0.4210482076999999,0.3940275005461904,0.4210482076999999
not,deberta-hate-tuned,16,both_aligned,641,0.5128,0.995132749,0.6450279999999999,0.9628970293363494,0.6486349117160687,0.336198401,0.3203675289151326,-0.336198401
not,deberta-hate-tuned,16,aligned_output_misaligned_latent,211,0.1688,0.992042462,0.39410925,0.9551327165203792,0.3694616724644549,0.5821999200000001,0.5856710440559242,-0.5821999200000001
not,deberta-hate-tuned,16,misaligned_output_aligned_latent,223,0.1784,0.016330145,0.672705,0.0647942909829596,0.6746245035426008,0.631372395,0.6098302125596413,0.631372395
not,deberta-hate-tuned,16,both_misaligned,175,0.14,0.0066312863,0.4068669,0.0393324406691428,0.4096400410857143,0.382581568,0.3724668347022857,0.382581568
not,deberta-hate-tuned,17,both_aligned,620,0.496,0.99520516015,0.58171469,0.9643391395559676,0.5829417976451613,0.40565384255,0.3829729391043548,-0.40565384255
not,deberta-hate-tuned,17,aligned_output_misaligned_latent,232,0.1856,0.9924057461,0.446737615,0.9519816054556036,0.4383475059913793,0.5371129707,0.5136340994642241,-0.5371129707
not,deberta-hate-tuned,17,misaligned_output_aligned_latent,227,0.1816,0.016430004,0.57839346,0.0654264215110132,0.5857525271806167,0.547411408,0.5203261056696036,0.547411408
not,deberta-hate-tuned,17,both_misaligned,171,0.1368,0.006456705,0.44657016,0.037897697797076,0.4466631933918129,0.4282175019999999,0.4096922091619883,0.4282175019999999
not,deberta-hate-tuned,18,both_aligned,608,0.4864,0.99491862775,0.5802199100000001,0.9565420677577302,0.5739703134539473,0.3973493595,0.382904942790625,-0.3973493595
not,deberta-hate-tuned,18,aligned_output_misaligned_latent,244,0.1952,0.9934161131,0.4557336,0.972018122105328,0.452796466557377,0.5320381052500001,0.5192216555479509,-0.5320381052500001
not,deberta-hate-tuned,18,misaligned_output_aligned_latent,272,0.2176,0.017727806,0.5448606,0.0662282773742647,0.5478928358455882,0.5193669245000001,0.4816645584713235,0.5193669245000001
not,deberta-hate-tuned,18,both_misaligned,126,0.1008,0.0055210638,0.47119001,0.0263350203214285,0.4637213748412698,0.455041351,0.4376246338849206,0.455041351
not,deberta-hate-tuned,19,both_aligned,628,0.5024,0.99517938525,0.7902422849999999,0.9665113025578024,0.7744794487022293,0.2061572645999999,0.2198699811167197,-0.201770281
not,deberta-hate-tuned,19,aligned_output_misaligned_latent,224,0.1792,0.99097165125,0.242031875,0.945450450821875,0.2487897483928571,0.7044251623,0.6966607024290178,-0.7044251623
not,deberta-hate-tuned,19,misaligned_output_aligned_latent,215,0.172,0.014605441,0.896338,0.062361545908372,0.8582105655348837,0.8391450309999999,0.7958490196265116,0.8391450309999999
not,deberta-hate-tuned,19,both_misaligned,183,0.1464,0.007185667,0.29149842,0.0433036701420765,0.299993183989071,0.25968145,0.2641710706775956,0.25968145
not,deberta-hate-tuned,20,both_aligned,848,0.6784,0.994534172,0.846499145,0.9608293217237028,0.8329115809469341,0.15333905615,0.1651642360833726,-0.14071138
not,deberta-hate-tuned,20,aligned_output_misaligned_latent,4,0.0032,0.99408922315,0.4623671199999999,0.991683542175,0.4333764925,0.53020883985,0.558307049675,-0.53020883985
not,deberta-hate-tuned,20,misaligned_output_aligned_latent,321,0.2568,0.014777225,0.8537048,0.0635042368127725,0.8268560501246106,0.79263803,0.7633518133118381,0.79263803
not,deberta-hate-tuned,20,both_misaligned,77,0.0616,0.0049845865,0.38401043,0.0123044673948051,0.3712307283116883,0.3678649437,0.3610482637740259,0.3678649437
not,deberta-hate-tuned,21,both_aligned,819,0.6552,0.9946720693,0.80275491,0.9615291317540904,0.7962754477606838,0.1982409614,0.204193221380464,-0.1834675529999999
not,deberta-hate-tuned,21,aligned_output_misaligned_latent,33,0.0264,0.9869282795,0.4372933,0.947201214660606,0.4035692121212121,0.527853428,0.5436320025393939,-0.527853428
not,deberta-hate-tuned,21,misaligned_output_aligned_latent,331,0.2648,0.013767575,0.8580239,0.0617834256012084,0.8284179469184291,0.7875597750000001,0.7666345213172205,0.7875597750000001
not,deberta-hate-tuned,21,both_misaligned,67,0.0536,0.0047517577,0.38514352,0.0131640318253731,0.3754462156716417,0.3803007586,0.3653811193686567,0.3803007586
not,deberta-hate-tuned,22,both_aligned,832,0.6656,0.9946081798,0.785140245,0.9622768224367788,0.7939089186262019,0.2199745728,0.209697932825,-0.2083506821499999
not,deberta-hate-tuned,22,aligned_output_misaligned_latent,20,0.016,0.9558167275,0.4484478,0.90678413615,0.4056436009999999,0.50919858375,0.50114053515,-0.50919858375
not,deberta-hate-tuned,22,misaligned_output_aligned_latent,317,0.2536,0.015063578,0.8149266,0.06426687260694,0.7986772036277603,0.748426249,0.7344103310208202,0.748426249
not,deberta-hate-tuned,22,both_misaligned,81,0.0648,0.004769316,0.3954618,0.0118482146901234,0.3794367562962963,0.3901999243,0.3701512117296296,0.3901999243
not,deberta-hate-tuned,23,both_aligned,614,0.4912,0.9945390097,0.893289625,0.9509605478271989,0.860699988456026,0.0887133819,0.1254659750389251,-0.07188448315
not,deberta-hate-tuned,23,aligned_output_misaligned_latent,238,0.1904,0.9945116993,0.17080417,0.9868076580861344,0.2082820855462184,0.8120934567,0.7785255725399159,-0.8120934567
not,deberta-hate-tuned,23,misaligned_output_aligned_latent,299,0.2392,0.016330145,0.80621886,0.0672101621170568,0.7812081158862876,0.73240593,0.7139979537692308,0.73240593
not,deberta-hate-tuned,23,both_misaligned,99,0.0792,0.0053162933,0.31832433,0.0124895508414141,0.315919538030303,0.3051507645,0.3051224532494949,0.3051507645
not,deberta-hate-tuned,24,both_aligned,814,0.6512,0.9947289583,0.732433525,0.9626248249533168,0.7578228464864866,0.26747451475,0.2503732481474201,-0.2632378238
not,deberta-hate-tuned,24,aligned_output_misaligned_latent,38,0.0304,0.9780931755,0.37988305,0.9256155652210526,0.36843961,0.5364690892499999,0.5571759552210527,-0.5364690892499999
not,deberta-hate-tuned,24,misaligned_output_aligned_latent,301,0.2408,0.018512718,0.7778773,0.0673706798737541,0.7700087617607974,0.7077026799999999,0.7026380818870432,0.7077026799999999
not,deberta-hate-tuned,24,both_misaligned,97,0.0776,0.0048427614,0.41395146,0.0108631893226804,0.3960910424742268,0.410534218,0.3885688407804124,0.410534218
not,gemma-2-2b,0,both_aligned,626,0.5008,0.585731,0.5,0.5842205375399361,0.5,0.085731,0.0842205375399361,-0.085731
not,gemma-2-2b,0,aligned_output_misaligned_latent,0,0.0,,,,,,,
not,gemma-2-2b,0,misaligned_output_aligned_latent,624,0.4992,0.412106605,0.5,0.4126222029487179,0.5,0.0878933949999999,0.087377797051282,0.0878933949999999
not,gemma-2-2b,0,both_misaligned,0,0.0,,,,,,,
not,gemma-2-2b,1,both_aligned,290,0.232,0.5856620100000001,0.75517985,0.5827565955172413,0.7515140820344828,0.1732402699999999,0.1886236900344827,0.1732402699999999
not,gemma-2-2b,1,aligned_output_misaligned_latent,336,0.2688,0.585802495,0.2884972,0.5854840589285714,0.2812003680446428,0.298079445,0.3042836908839286,-0.298079445
not,gemma-2-2b,1,misaligned_output_aligned_latent,379,0.3032,0.4061414,0.72766197,0.40740462530343,0.7208834576437995,0.31491376,0.3134788323403694,0.31491376
not,gemma-2-2b,1,both_misaligned,245,0.196,0.4218248999999999,0.2058408,0.420693476122449,0.2263063025632653,0.2151077599999999,0.2119887462938775,-0.2151077599999999
not,gemma-2-2b,2,both_aligned,358,0.2864,0.5778951050000001,0.8781562700000001,0.577034220726257,0.8460513216480446,0.301857975,0.2724627274022346,0.301857975
not,gemma-2-2b,2,aligned_output_misaligned_latent,268,0.2144,0.59555825,0.15304022,0.5938201697014925,0.1864529042506343,0.4285225849999999,0.4073672654508582,-0.4285225849999999
not,gemma-2-2b,2,misaligned_output_aligned_latent,352,0.2816,0.39973885,0.911484525,0.4024763525852272,0.8613572100770739,0.5059067049999999,0.4588808574918465,0.5059067049999999
not,gemma-2-2b,2,both_misaligned,272,0.2176,0.430071675,0.1047462149999999,0.4257521269485294,0.1524460795955882,0.32017306,0.2777898213235294,-0.32017306
not,gemma-2-2b,3,both_aligned,348,0.2784,0.5778951050000001,0.961104035,0.5775965720689655,0.9042022774425288,0.369370335,0.3283428784770115,0.369370335
not,gemma-2-2b,3,aligned_output_misaligned_latent,278,0.2224,0.5937128,0.0971259329999999,0.5925124079856116,0.1413040093138129,0.48657848,0.4512083986717985,-0.48657848
not,gemma-2-2b,3,misaligned_output_aligned_latent,362,0.2896,0.40185355,0.967105993,0.4043904244198895,0.9050082975883038,0.5504057895,0.5006178731684143,0.5504057895
not,gemma-2-2b,3,both_misaligned,262,0.2096,0.42891935,0.04018565,0.4239958816793893,0.0972764695419847,0.3650699,0.329545644961832,-0.3650699
not,gemma-2-2b,4,both_aligned,354,0.2832,0.577446,0.9701332,0.5771885022881356,0.909201516440678,0.3720639599999999,0.3346547029096045,0.3720639599999999
not,gemma-2-2b,4,aligned_output_misaligned_latent,272,0.2176,0.5945885,0.0533322464999999,0.5933725245955882,0.1131873756074301,0.527856855,0.480185148988158,-0.527856855
not,gemma-2-2b,4,misaligned_output_aligned_latent,364,0.2912,0.40194177,0.97803849,0.4043446675274725,0.9103592232603406,0.5591180935,0.5060145557328681,0.5591180935
not,gemma-2-2b,4,both_misaligned,260,0.208,0.42891935,0.0333596999999999,0.4242107525384616,0.0841940590384615,0.376565825,0.3404765221923077,-0.376565825
not,gemma-2-2b,5,both_aligned,374,0.2992,0.5767715,0.960968685,0.5763471531283423,0.8984665628877007,0.367101745,0.3244500172459893,0.367101745
not,gemma-2-2b,5,aligned_output_misaligned_latent,252,0.2016,0.59719665,0.0556280815,0.5959056398015873,0.1106275905564761,0.528894725,0.4852780492451111,-0.528894725
not,gemma-2-2b,5,misaligned_output_aligned_latent,355,0.284,0.4003069999999999,0.986781189,0.4026083727323943,0.926962489058624,0.564414942,0.5243541163262295,0.564414942
not,gemma-2-2b,5,both_misaligned,269,0.2152,0.4305948,0.0446048999999999,0.4258374807434944,0.1022587542007434,0.3684771,0.3267386135315985,-0.3684771
not,gemma-2-2b,6,both_aligned,327,0.2616,0.5938016,0.9949155,0.5925678236391437,0.9576531952311926,0.3852346400000001,0.3652774238856269,0.3852346400000001
not,gemma-2-2b,6,aligned_output_misaligned_latent,299,0.2392,0.5730005,0.016597936,0.5750915657859532,0.0423041072971571,0.545771169,0.5327874584887959,-0.545771169
not,gemma-2-2b,6,misaligned_output_aligned_latent,352,0.2816,0.40335918,0.99727622525,0.4065468968181818,0.974856380828125,0.59046147145,0.5683094840099432,0.59046147145
not,gemma-2-2b,6,both_misaligned,272,0.2176,0.423049775,0.006907345,0.4204843638235294,0.0463863595183823,0.39568768,0.3741925988639706,-0.39568768
not,gemma-2-2b,7,both_aligned,330,0.264,0.5937625,0.9939549,0.5925652183030303,0.95503513612,0.3814584349999999,0.3624881843018182,0.3814584349999999
not,gemma-2-2b,7,aligned_output_misaligned_latent,296,0.2368,0.5730504000000001,0.0216338489999999,0.5749173461486486,0.0480438868113175,0.5383248620000001,0.5268734593373311,-0.5383248620000001
not,gemma-2-2b,7,misaligned_output_aligned_latent,350,0.28,0.40335918,0.99630281,0.4066758987428571,0.9769766887562,0.5887111089,0.5703007900133429,0.5887111089
not,gemma-2-2b,7,both_misaligned,274,0.2192,0.422877725,0.0086195249999999,0.4202178470072992,0.0482956381970802,0.3921379799999999,0.3719263705620438,-0.3921379799999999
not,gemma-2-2b,8,both_aligned,297,0.2376,0.5939722,0.9958607,0.5928529124579125,0.9602886745707072,0.38648904,0.3677444347053872,0.38648904
not,gemma-2-2b,8,aligned_output_misaligned_latent,329,0.2632,0.57580656,0.009230614,0.5764277857142858,0.0321348684528875,0.5528399954000001,0.5442929172613982,-0.5528399954000001
not,gemma-2-2b,8,misaligned_output_aligned_latent,351,0.2808,0.4041367999999999,0.9961879253,0.4064731569230769,0.9827021356217378,0.5905898657,0.576228978698661,0.5905898657
not,gemma-2-2b,8,both_misaligned,273,0.2184,0.4237048,0.00182015,0.4205281192673992,0.035731756884249,0.4075213399999999,0.3849792674380952,-0.4075213399999999
not,gemma-2-2b,9,both_aligned,287,0.2296,0.5938108,0.9942002,0.5926246142857142,0.9618707699477352,0.38530364,0.3702451550348432,0.38530364
not,gemma-2-2b,9,aligned_output_misaligned_latent,339,0.2712,0.5761377,0.008413076,0.5771055817109145,0.0304513597593805,0.5545272189999999,0.5466542219515339,-0.5545272189999999
not,gemma-2-2b,9,misaligned_output_aligned_latent,352,0.2816,0.40391473,0.99303007125,0.4062515334943182,0.979332683926733,0.5853666875,0.5730811504324147,0.5853666875
not,gemma-2-2b,9,both_misaligned,272,0.2176,0.423728585,0.0018228499999999,0.4208665987132353,0.03192332865625,0.4088127649999999,0.3891061031452206,-0.4088127649999999
not,gemma-2-2b,10,both_aligned,340,0.272,0.57614957,0.98840217,0.5770695268823529,0.9653198238210882,0.40444543,0.3889002063505,0.40444543
not,gemma-2-2b,10,aligned_output_misaligned_latent,286,0.2288,0.5938915,0.0095882415,0.592721739020979,0.0427554868137237,0.5735020036,0.5499662522072553,-0.5735020036
not,gemma-2-2b,10,misaligned_output_aligned_latent,279,0.2232,0.4237048,0.9984278679,0.420737704516129,0.9691862599765698,0.5675502458,0.5484485554604409,0.5675502458
not,gemma-2-2b,10,both_misaligned,345,0.276,0.4030257,0.0072944,0.406059232115942,0.0211638213623188,0.39249897,0.3848954107536231,-0.39249897
not,gemma-2-2b,11,both_aligned,289,0.2312,0.5938108,0.9924401,0.5926427169204153,0.9557034146723185,0.38290251,0.3638293744301037,0.38290251
not,gemma-2-2b,11,aligned_output_misaligned_latent,337,0.2696,0.5761377,0.009504298,0.5769979564094956,0.0310209054178041,0.552410593,0.5459770509916914,-0.552410593
not,gemma-2-2b,11,misaligned_output_aligned_latent,348,0.2784,0.40335918,0.9936311485,0.4063793574425287,0.979189629917385,0.5869266604500001,0.5728102724748563,0.5869266604500001
not,gemma-2-2b,11,both_misaligned,276,0.2208,0.42353275,0.001146365,0.4204936168478261,0.029577952022826,0.4089527349999999,0.3912468097525362,-0.4089527349999999
not,gemma-2-2b,12,both_aligned,283,0.2264,0.5939722,0.9929452,0.5930368865724382,0.9537480794438162,0.38313697,0.3614306639667844,0.38313697
not,gemma-2-2b,12,aligned_output_misaligned_latent,343,0.2744,0.5758699,0.010327668,0.5769464069970845,0.0334533997223323,0.551643089,0.5434930072747521,-0.551643089
not,gemma-2-2b,12,misaligned_output_aligned_latent,353,0.2824,0.4043398,0.993910771,0.4067100362606232,0.9786139710737676,0.586178522,0.5719039348131445,0.586178522
not,gemma-2-2b,12,both_misaligned,271,0.2168,0.4233607,0.0014672,0.4203232909225092,0.031261224406642,0.4092203,0.3894200818664207,-0.4092203
not,gemma-2-2b,13,both_aligned,278,0.2224,0.5940805499999999,0.992143765,0.5936386601798561,0.9552738013859712,0.382399295,0.3616726797672662,0.382399295
not,gemma-2-2b,13,aligned_output_misaligned_latent,348,0.2784,0.57583823,0.0126828065,0.5766968648563219,0.0388326780925287,0.54759099555,0.5378641867637931,-0.54759099555
not,gemma-2-2b,13,misaligned_output_aligned_latent,358,0.2864,0.40486265,0.99239907835,0.4070670901117318,0.9736687592855866,0.5814923677999999,0.5666016691738548,0.5814923677999999
not,gemma-2-2b,13,both_misaligned,266,0.2128,0.422877725,0.001207575,0.4200986330075188,0.0284468893763157,0.4091093049999999,0.391651743631203,-0.4091093049999999
not,gemma-2-2b,14,both_aligned,281,0.2248,0.5945177,0.9896122,0.5940499344128114,0.9482266488932384,0.3787792,0.3546129623096085,0.3787792
not,gemma-2-2b,14,aligned_output_misaligned_latent,345,0.276,0.5745044,0.018101016,0.5762145650144928,0.0464985369246376,0.543504653,0.5297160280898551,-0.543504653
not,gemma-2-2b,14,misaligned_output_aligned_latent,362,0.2896,0.40557265,0.98984691925,0.4076485890331491,0.9699739651623758,0.574940953,0.5623253761292265,0.574940953
not,gemma-2-2b,14,both_misaligned,262,0.2096,0.4219162999999999,0.00284205,0.4194941427862595,0.0326652482099236,0.406088405,0.3868288945763359,-0.406088405
not,gemma-2-2b,15,both_aligned,282,0.2256,0.5943533000000001,0.989689085,0.5937995658510639,0.9475547000867376,0.37983345,0.3545644092711347,0.37983345
not,gemma-2-2b,15,aligned_output_misaligned_latent,344,0.2752,0.5747144,0.0159145595,0.576367962005814,0.0409823974626162,0.546654475,0.5353855645431976,-0.546654475
not,gemma-2-2b,15,misaligned_output_aligned_latent,359,0.2872,0.4049256,0.992062449,0.4073242862674094,0.9761749735452924,0.581360641,0.568850687277883,0.581360641
not,gemma-2-2b,15,both_misaligned,265,0.212,0.42239475,0.0024699999999999,0.4197993806415094,0.0391435607350943,0.4049149399999999,0.3819686471516981,-0.4049149399999999
not,gemma-2-2b,16,both_aligned,291,0.2328,0.5956731,0.98408407,0.5947779965635739,0.940323542850172,0.3757894,0.3464360539841924,0.3757894
not,gemma-2-2b,16,aligned_output_misaligned_latent,335,0.268,0.5731003,0.019569764,0.5750497298507463,0.0482831460622388,0.5427462547,0.5267665837885075,-0.5427462547
not,gemma-2-2b,16,misaligned_output_aligned_latent,355,0.284,0.4047997,0.984570588,0.4071053842253521,0.9681816771460282,0.5730841670000001,0.5610762929206761,0.5730841670000001
not,gemma-2-2b,16,both_misaligned,269,0.2152,0.42239475,0.00409985,0.4199027629739776,0.0391976625,0.4029117999999999,0.3812365299907063,-0.4029117999999999
not,gemma-2-2b,17,both_aligned,296,0.2368,0.5945885,0.9810006,0.5944115115878379,0.9343500602283784,0.37328335,0.3415353642486486,0.37328335
not,gemma-2-2b,17,aligned_output_misaligned_latent,330,0.264,0.5730504000000001,0.02041329,0.5750795426363636,0.0514746737936666,0.5414597025,0.523604868842697,-0.5414597025
not,gemma-2-2b,17,misaligned_output_aligned_latent,353,0.2824,0.4049256,0.98466772,0.4072097752407932,0.966052027816374,0.5719902800000001,0.5588422525755807,0.5719902800000001
not,gemma-2-2b,17,both_misaligned,271,0.2168,0.4220077,0.00475013,0.4196723394095941,0.0401318039853874,0.39918726,0.380700124058893,-0.39918726
not,gemma-2-2b,18,both_aligned,338,0.2704,0.57614957,0.98000942,0.5767901420414201,0.9493198701399408,0.39291602,0.3735345969742604,0.39291602
not,gemma-2-2b,18,aligned_output_misaligned_latent,288,0.2304,0.5938062,0.0306384785,0.5929409322569444,0.0713260971324305,0.5551835635,0.5216148351245139,-0.5551835635
not,gemma-2-2b,18,misaligned_output_aligned_latent,288,0.2304,0.42453715,0.9915925365,0.4219899647916666,0.9523819052940624,0.5572523294999999,0.5303919405023958,0.5572523294999999
not,gemma-2-2b,18,both_misaligned,336,0.2688,0.40185355,0.0191505,0.404592692797619,0.0415524184434523,0.3758146049999999,0.3634972544732143,-0.3758146049999999
not,gemma-2-2b,19,both_aligned,308,0.2464,0.5957987499999999,0.9723708,0.5957354403246753,0.9398321935646105,0.36575394,0.344096753239935,0.36575394
not,gemma-2-2b,19,aligned_output_misaligned_latent,318,0.2544,0.570058345,0.0218032599999999,0.5730677386163522,0.0638199407247798,0.5334266477,0.5092477978915723,-0.5334266477
not,gemma-2-2b,19,misaligned_output_aligned_latent,340,0.272,0.40608087,0.97391653,0.4081284023529412,0.9430776177763236,0.5499952295,0.5349492154233824,0.5499952295
not,gemma-2-2b,19,both_misaligned,284,0.2272,0.419643325,0.011332315,0.4180021050704225,0.0501021427092957,0.39262457,0.3683677194738028,-0.39262457
not,gemma-2-2b,20,both_aligned,309,0.2472,0.5967655,0.9659509,0.5961042100970874,0.933535739274628,0.35774083,0.3375783786273786,0.35774083
not,gemma-2-2b,20,aligned_output_misaligned_latent,317,0.2536,0.56976986,0.025723934,0.5726367683911673,0.0701928495899684,0.5319572069999999,0.5024439188011988,-0.5319572069999999
not,gemma-2-2b,20,misaligned_output_aligned_latent,328,0.2624,0.40597689,0.9717145565,0.4077497134451219,0.9374339065081404,0.5475515805,0.5296841930630183,0.5475515805
not,gemma-2-2b,20,both_misaligned,296,0.2368,0.419174235,0.01311175,0.4180214480743243,0.0595425365812162,0.391206645,0.3602089495336487,-0.391206645
not,gemma-2-2b,21,both_aligned,306,0.2448,0.5957987499999999,0.968956985,0.5955181575816993,0.9349251814519608,0.363295195,0.3401491992297386,0.363295195
not,gemma-2-2b,21,aligned_output_misaligned_latent,320,0.256,0.570058345,0.030795285,0.573417188375,0.073580835918375,0.5275659845,0.499836352456625,-0.5275659845
not,gemma-2-2b,21,misaligned_output_aligned_latent,338,0.2704,0.40572972,0.9648902675,0.4078634901183432,0.9342562756478404,0.5420174817500001,0.5263927855294971,0.5420174817500001
not,gemma-2-2b,21,both_misaligned,286,0.2288,0.420102325,0.0128584999999999,0.4182461362937063,0.0514983460334965,0.392911875,0.3667477902602098,-0.392911875
not,gemma-2-2b,22,both_aligned,318,0.2544,0.5947302999999999,0.96484355,0.5945977114779875,0.9200053210754716,0.35511582,0.3268300534339622,0.35511582
not,gemma-2-2b,22,aligned_output_misaligned_latent,308,0.2464,0.570058345,0.039550901,0.5735064423701298,0.0792383775416233,0.52318778325,0.4942680648285065,-0.52318778325
not,gemma-2-2b,22,misaligned_output_aligned_latent,341,0.2728,0.4049256,0.969370723,0.4074403665689149,0.9353650536579472,0.54420322,0.5279246870890322,0.54420322
not,gemma-2-2b,22,both_misaligned,283,0.2264,0.42129505,0.0171483999999999,0.418866041130742,0.0570687761886219,0.39042095,0.3630848744120848,-0.39042095
not,gemma-2-2b,23,both_aligned,442,0.3536,0.58132238,0.968468,0.5817956407466064,0.916920780346154,0.37105092,0.336776077699095,0.37105092
not,gemma-2-2b,23,aligned_output_misaligned_latent,184,0.1472,0.59343185,0.0634300664999999,0.5900455613586957,0.1161829671803478,0.514286227,0.4738625941783478,-0.514286227
not,gemma-2-2b,23,misaligned_output_aligned_latent,420,0.336,0.40700885,0.9886919075,0.4093285950238095,0.9509276815035038,0.57244560835,0.5415990864796942,0.57244560835
not,gemma-2-2b,23,both_misaligned,204,0.1632,0.42307356,0.056217915,0.4194031604411765,0.1093708926470588,0.355111865,0.3134957175980392,-0.355111865
not,gemma-2-2b,24,both_aligned,433,0.3464,0.58088756,0.9735771,0.5808149009468823,0.9235131550866053,0.3773242599999999,0.3433827678117783,0.3773242599999999
not,gemma-2-2b,24,aligned_output_misaligned_latent,193,0.1544,0.5946221,0.062079787,0.5918611626424871,0.1130296675218652,0.511595186,0.4788314951206217,-0.511595186
not,gemma-2-2b,24,misaligned_output_aligned_latent,428,0.3424,0.40717864,0.983293235,0.4097544680841121,0.9418125090283412,0.5619458505,0.532058040944229,0.5619458505
not,gemma-2-2b,24,both_misaligned,196,0.1568,0.4218449,0.078014175,0.4188843994897959,0.1261424936479591,0.3342074299999999,0.2950240874744897,-0.3342074299999999
not,gemma-2-2b,25,both_aligned,422,0.3376,0.5807907299999999,0.976056845,0.5809532107345972,0.9244930841184834,0.37698365,0.3440995928625592,0.37698365
not,gemma-2-2b,25,aligned_output_misaligned_latent,204,0.1632,0.5941808,0.05535242,0.5909794194607844,0.103794079220147,0.523920313,0.4871853402406372,-0.523920313
not,gemma-2-2b,25,misaligned_output_aligned_latent,425,0.34,0.4072407999999999,0.980480313,0.4102425922117647,0.9403182398937976,0.560825642,0.530075647682033,0.560825642
not,gemma-2-2b,25,both_misaligned,199,0.1592,0.4202724,0.0886683,0.4177042861809045,0.1321343306532663,0.3246473000000001,0.2877605816582914,-0.3246473000000001
not,gemma-2-2b,26,both_aligned,477,0.3816,0.58571875,0.9467585,0.5845846530398323,0.9018095565052412,0.35105363,0.3195028033815513,0.35105363
not,gemma-2-2b,26,aligned_output_misaligned_latent,149,0.1192,0.5859566,0.15472323,0.5830548791946308,0.1669920968422819,0.42032921,0.4160627823523489,-0.42032921
not,gemma-2-2b,26,misaligned_output_aligned_latent,415,0.332,0.4068123,0.98338294,0.4084632282168674,0.9409863053996144,0.564869723,0.5325230771827469,0.564869723
not,gemma-2-2b,26,both_misaligned,209,0.1672,0.42496425,0.0568611599999999,0.4208804542105263,0.1070953930574162,0.3513712000000001,0.3159071201961722,-0.3513712000000001
not,gemma-2-2b-it,0,both_aligned,625,0.5,0.99952877,0.5,0.9993786356,0.5,0.4995287699999999,0.4993786355999999,-0.4995287699999999
not,gemma-2-2b-it,0,aligned_output_misaligned_latent,0,0.0,,,,,,,
not,gemma-2-2b-it,0,misaligned_output_aligned_latent,625,0.5,0.0015659,0.5,0.002219936256,0.5,0.4984341,0.497780063744,0.4984341
not,gemma-2-2b-it,0,both_misaligned,0,0.0,,,,,,,
not,gemma-2-2b-it,1,both_aligned,333,0.2664,0.999549,0.7012024,0.9994051577177178,0.7047296066666666,0.29737347,0.294675551051051,-0.29737347
not,gemma-2-2b-it,1,aligned_output_misaligned_latent,292,0.2336,0.99950962,0.2869374799999999,0.9993483894863014,0.2774868235787671,0.71242432,0.7218615659075343,-0.71242432
not,gemma-2-2b-it,1,misaligned_output_aligned_latent,326,0.2608,0.0017701649999999,0.68247632,0.0023054165644171,0.6944882044079754,0.68071354,0.6921827878435582,0.68071354
not,gemma-2-2b-it,1,both_misaligned,299,0.2392,0.0014482,0.3185185,0.0021267369899665,0.2941835023076923,0.3165057999999999,0.2920567653177258,0.3165057999999999
not,gemma-2-2b-it,2,both_aligned,339,0.2712,0.99952555,0.8758365,0.9993884189970502,0.8524771193215339,0.1235752999999999,0.1469112996755162,-0.1235752999999999
not,gemma-2-2b-it,2,aligned_output_misaligned_latent,286,0.2288,0.99953915,0.135032525,0.9993670391958044,0.1729561470783216,0.864590375,0.8264108921174825,-0.864590375
not,gemma-2-2b-it,2,misaligned_output_aligned_latent,338,0.2704,0.001795825,0.8870258875,0.0025105479585798,0.8429586137901184,0.8830127325,0.8404480658315385,0.8830127325
not,gemma-2-2b-it,2,both_misaligned,287,0.2296,0.0014342699999999,0.13537,0.0018776827526132,0.1733277721602787,0.1334159,0.1714613021602787,0.1334159
not,gemma-2-2b-it,3,both_aligned,360,0.288,0.99957805,0.94693275,0.9994713410555556,0.8958315336944443,0.05257597,0.1036489500833333,-0.05257597
not,gemma-2-2b-it,3,aligned_output_misaligned_latent,265,0.212,0.9994542,0.10821748,0.9992526961132074,0.1532936988419245,0.89064802,0.8459589972712831,-0.89064802
not,gemma-2-2b-it,3,misaligned_output_aligned_latent,360,0.288,0.00216858,0.9705421925,0.0028713371388888,0.9052982958190848,0.9673732915,0.902426958680196,0.9673732915
not,gemma-2-2b-it,3,both_misaligned,265,0.212,0.00112754,0.06144875,0.0013350143018867,0.1122996935094339,0.05998775,0.1110051478867924,0.05998775
not,gemma-2-2b-it,4,both_aligned,343,0.2744,0.9995615,0.9715903,0.9994188791253644,0.9096457536734692,0.0275135999999999,0.0898111973469387,-0.0275135999999999
not,gemma-2-2b-it,4,aligned_output_misaligned_latent,282,0.2256,0.999490035,0.07287263,0.9993296869148935,0.1296514044518014,0.92629712,0.8696782824630922,-0.92629712
not,gemma-2-2b-it,4,misaligned_output_aligned_latent,350,0.28,0.0019618499999999,0.9695634495,0.0027601559142857,0.9109254993853886,0.9664166705,0.9081653434711028,0.9664166705
not,gemma-2-2b-it,4,both_misaligned,275,0.22,0.0012271,0.0480233399999999,0.0015323839636363,0.1074607324727272,0.0472176399999999,0.1060525589090909,0.0472176399999999
not,gemma-2-2b-it,5,both_aligned,352,0.2816,0.9995576,0.963406525,0.9994022107386364,0.9037951134659092,0.0360659749999999,0.0956379480681818,-0.0360659749999999
not,gemma-2-2b-it,5,aligned_output_misaligned_latent,273,0.2184,0.99949765,0.065889664,0.9993482383516484,0.1211512411700549,0.933451886,0.8781969971815934,-0.933451886
not,gemma-2-2b-it,5,misaligned_output_aligned_latent,343,0.2744,0.0020301999999999,0.970978651,0.0028058982798833,0.9160857790942392,0.967366485,0.913279880814356,0.967366485
not,gemma-2-2b-it,5,both_misaligned,282,0.2256,0.0012497349999999,0.0495206,0.0015072235815602,0.111289734929078,0.047902725,0.1099301616312056,0.047902725
not,gemma-2-2b-it,6,both_aligned,322,0.2576,0.99950653,0.99612592,0.999417098136646,0.9608098932919256,0.0033358999999999,0.0387104331677018,-0.0031370199999999
not,gemma-2-2b-it,6,aligned_output_misaligned_latent,303,0.2424,0.999556,0.009278834,0.999337761221122,0.0338030297799339,0.990056613,0.9655347314411882,-0.990056613
not,gemma-2-2b-it,6,misaligned_output_aligned_latent,348,0.2784,0.0022367349999999,0.997330904,0.0029166481896551,0.9807643383063506,0.99416431175,0.9778476901166954,0.99416431175
not,gemma-2-2b-it,6,both_misaligned,277,0.2216,0.0011278999999999,0.00547206,0.0013446447292418,0.0337750992779783,0.0042944999999999,0.0327920801805054,0.00415951
not,gemma-2-2b-it,7,both_aligned,327,0.2616,0.9995073,0.9955709,0.9994166303363914,0.957797583700306,0.0039074999999999,0.0417086506116207,-0.0039074999999999
not,gemma-2-2b-it,7,aligned_output_misaligned_latent,298,0.2384,0.99955105,0.011078328,0.9993369433892616,0.0337593635051006,0.9882640715,0.965577579884161,-0.9882640715
not,gemma-2-2b-it,7,misaligned_output_aligned_latent,347,0.2776,0.0022363699999999,0.9976568818,0.0029192474639769,0.9827031528710088,0.9945562716,0.9797839054070316,0.9945562716
not,gemma-2-2b-it,7,both_misaligned,278,0.2224,0.0011322199999999,0.006885725,0.0013470549999999,0.0387266288129496,0.00574772,0.0377050830935251,0.0055314499999999
not,gemma-2-2b-it,8,both_aligned,288,0.2304,0.999495075,0.99785657,0.9994064389583333,0.9722224612152776,0.0016518949999999,0.0274154198263888,-0.0014560499999999
not,gemma-2-2b-it,8,aligned_output_misaligned_latent,337,0.2696,0.9995548,0.0061877463,0.9993548748664688,0.0276551902327893,0.9931503355,0.9716996846336796,-0.9931503355
not,gemma-2-2b-it,8,misaligned_output_aligned_latent,351,0.2808,0.0022363699999999,0.997100073,0.002898905014245,0.9857965310628488,0.9942782013,0.982897626048604,0.9942782013
not,gemma-2-2b-it,8,both_misaligned,274,0.2192,0.0011629999999999,0.0011001349999999,0.0013501624087591,0.0253801062773722,0.001383275,0.0251473416058394,8.0884999999975e-05
not,gemma-2-2b-it,9,both_aligned,285,0.228,0.999495,0.9965997,0.9994052385614034,0.9690583658596492,0.0029603999999999,0.0305146843508771,-0.0028028599999999
not,gemma-2-2b-it,9,aligned_output_misaligned_latent,340,0.272,0.9995554,0.007700881,0.9993563360588236,0.0292276880448235,0.99155315885,0.970128648014,-0.99155315885
not,gemma-2-2b-it,9,misaligned_output_aligned_latent,351,0.2808,0.0022363699999999,0.994990046,0.0028993386324786,0.982597648442735,0.9916845717,0.9796983098102564,0.9916845717
not,gemma-2-2b-it,9,both_misaligned,274,0.2192,0.0011629999999999,0.001414275,0.0013496069343065,0.0267372904744525,0.0014556199999999,0.026457415729927,0.0002396549999999
not,gemma-2-2b-it,10,both_aligned,288,0.2304,0.999495075,0.99509977,0.9994069997916666,0.9672864198263889,0.0044909149999999,0.0322588819097222,-0.0044909149999999
not,gemma-2-2b-it,10,aligned_output_misaligned_latent,337,0.2696,0.9995548,0.008194743,0.999354395578635,0.0314125516575667,0.9908833636,0.9679418439210684,-0.9908833636
not,gemma-2-2b-it,10,misaligned_output_aligned_latent,347,0.2776,0.002248,0.9950836166,0.0029191562536023,0.9851916581371468,0.9917924782,0.9822725018835446,0.9917924782
not,gemma-2-2b-it,10,both_misaligned,278,0.2224,0.0011629999999999,0.0015838199999999,0.0013471688489208,0.0276034051798561,0.00158053,0.0272445376258992,0.000597385
not,gemma-2-2b-it,11,both_aligned,287,0.2296,0.99949765,0.9938491,0.9994077311498256,0.9685301040766552,0.00558924,0.0310045709756097,-0.00558924
not,gemma-2-2b-it,11,aligned_output_misaligned_latent,338,0.2704,0.999553375,0.010668653,0.9993539302071006,0.0296790424202071,0.988356318,0.9696748877868936,-0.988356318
not,gemma-2-2b-it,11,misaligned_output_aligned_latent,348,0.2784,0.00224255,0.99386715825,0.0029165685344827,0.983984460191092,0.99053073025,0.9810678916566092,0.99053073025
not,gemma-2-2b-it,11,both_misaligned,277,0.2216,0.0011577999999999,0.0019573,0.001344744801444,0.0287376293862815,0.0015228,0.0282323151263537,0.00071555
not,gemma-2-2b-it,12,both_aligned,286,0.2288,0.999495075,0.99232753,0.9994068073426572,0.9611490634965034,0.006995735,0.038383948041958,-0.006995735
not,gemma-2-2b-it,12,aligned_output_misaligned_latent,339,0.2712,0.999556,0.009588897,0.9993548682890856,0.0276211519838938,0.989659191,0.9717337163051916,-0.989659191
not,gemma-2-2b-it,12,misaligned_output_aligned_latent,348,0.2784,0.00224255,0.9950404465,0.0029163380747126,0.9844507534999426,0.9916326021,0.98153441542523,0.9916326021
not,gemma-2-2b-it,12,both_misaligned,277,0.2216,0.0011577999999999,0.0014039,0.0013450343321299,0.0312536250902527,0.00145465,0.0309040767509025,0.0002627499999999
not,gemma-2-2b-it,13,both_aligned,280,0.224,0.9994939,0.992631385,0.9994017342142858,0.9657630452142858,0.0068732499999999,0.0337737295714285,-0.0068732499999999
not,gemma-2-2b-it,13,aligned_output_misaligned_latent,345,0.276,0.99955803,0.012314862,0.9993598888985508,0.0326132152913043,0.987008103,0.9667466736072464,-0.987008103
not,gemma-2-2b-it,13,misaligned_output_aligned_latent,351,0.2808,0.0022363699999999,0.9930186835,0.0028987987749287,0.980823280499886,0.99007953,0.9779244817249574,0.99007953
not,gemma-2-2b-it,13,both_misaligned,274,0.2192,0.0011693299999999,0.0014305,0.0013502985036496,0.0296761639416058,0.0015582749999999,0.0293579647080291,0.00041292
not,gemma-2-2b-it,14,both_aligned,577,0.4616,0.9995461,0.9961819,0.9994700398093588,0.9735262887175042,0.0033452499999999,0.0259905271750433,-0.0033452499999999
not,gemma-2-2b-it,14,aligned_output_misaligned_latent,48,0.0384,0.9989298,0.082360833,0.9982798808333334,0.1220838753145833,0.913844702,0.87619600551875,-0.913844702
not,gemma-2-2b-it,14,misaligned_output_aligned_latent,616,0.4928,0.0015758,0.9942184056,0.0022406064285714,0.9860041935961364,0.9917992148,0.9837635871675652,0.9917992148
not,gemma-2-2b-it,14,both_misaligned,9,0.0072,0.00057024,0.1913418999999999,0.0008051777777777,0.1700719733333333,0.1908132699999999,0.1692667955555555,0.1908132699999999
not,gemma-2-2b-it,15,both_aligned,575,0.46,0.9995461,0.9985508,0.9994696730434782,0.9790995202260868,0.00095897,0.0205137646434782,-0.0009487699999999
not,gemma-2-2b-it,15,aligned_output_misaligned_latent,50,0.04,0.9989552,0.0749906499999999,0.998331705,0.11393153394,0.9240012,0.88440017106,-0.9240012
not,gemma-2-2b-it,15,misaligned_output_aligned_latent,617,0.4936,0.00157017,0.996668332,0.0022383353484602,0.9892812700467424,0.994105452,0.987042934698282,0.994105452
not,gemma-2-2b-it,15,both_misaligned,8,0.0064,0.000549435,0.087632125,0.00080090625,0.11472620625,0.0870928549999999,0.1140031999999999,0.0870928549999999
not,gemma-2-2b-it,16,both_aligned,576,0.4608,0.999546225,0.99632073,0.9994703246527776,0.9724790446527778,0.0031830999999999,0.0270112632291666,-0.0031830999999999
not,gemma-2-2b-it,16,aligned_output_misaligned_latent,49,0.0392,0.9990515,0.11594657,0.9983008214285712,0.1262108056806122,0.88310623,0.8720900157479592,-0.88310623
not,gemma-2-2b-it,16,misaligned_output_aligned_latent,609,0.4872,0.0015908,0.9944143007,0.0022562954022988,0.9848278729146632,0.9918153524,0.9825715775123646,0.9918153524
not,gemma-2-2b-it,16,both_misaligned,16,0.0128,0.0007155149999999,0.1504431,0.00083601625,0.140933479375,0.149471725,0.140110913125,0.149471725
not,gemma-2-2b-it,17,both_aligned,576,0.4608,0.999546225,0.99664013,0.9994692529513888,0.9719114422222224,0.0028771949999999,0.0275802488541666,-0.0028771949999999
not,gemma-2-2b-it,17,aligned_output_misaligned_latent,49,0.0392,0.9990528,0.083491564,0.9983134193877552,0.1182261302848979,0.9150536,0.8800872891028572,-0.9150536
not,gemma-2-2b-it,17,misaligned_output_aligned_latent,609,0.4872,0.0015908,0.9958975315,0.0022562954022988,0.9872859545903612,0.993353847,0.9850296591880624,0.993353847
not,gemma-2-2b-it,17,both_misaligned,16,0.0128,0.0007155149999999,0.14397717,0.00083601625,0.145777393125,0.142912345,0.144941376875,0.142912345
not,gemma-2-2b-it,18,both_aligned,577,0.4616,0.99954563,0.9936825,0.999467643760832,0.96785557220104,0.00576036,0.0316125391507798,-0.00576036
not,gemma-2-2b-it,18,aligned_output_misaligned_latent,48,0.0384,0.999067265,0.087502808,0.9983086833333332,0.1305664279020833,0.911640292,0.86774225543125,-0.911640292
not,gemma-2-2b-it,18,misaligned_output_aligned_latent,609,0.4872,0.0015908,0.9941283464,0.0022562954022988,0.9837676649031198,0.9919013374,0.9815113695008212,0.9919013374
not,gemma-2-2b-it,18,both_misaligned,16,0.0128,0.0007155149999999,0.1612488,0.00083601625,0.1771629043749999,0.16037423,0.1763268881249999,0.16037423
not,gemma-2-2b-it,19,both_aligned,579,0.4632,0.9995461,0.99484414,0.9994683088255614,0.9684086738169256,0.0046899,0.0310645792227979,-0.0046899
not,gemma-2-2b-it,19,aligned_output_misaligned_latent,46,0.0368,0.99905215,0.092930308,0.9982499226086956,0.1261332411247826,0.906374792,0.872116681483913,-0.906374792
not,gemma-2-2b-it,19,misaligned_output_aligned_latent,609,0.4872,0.0015908,0.994965742,0.0022562954022988,0.984577754220394,0.9923233627,0.9823214588180952,0.9923233627
not,gemma-2-2b-it,19,both_misaligned,16,0.0128,0.0007155149999999,0.1840443499999999,0.00083601625,0.169526238125,0.1831697799999999,0.168690221875,0.1831697799999999
not,gemma-2-2b-it,20,both_aligned,579,0.4632,0.99954563,0.9925211,0.9994631269084628,0.9647829971675302,0.0070449,0.0346801297409326,-0.0070449
not,gemma-2-2b-it,20,aligned_output_misaligned_latent,46,0.0368,0.99905215,0.099007992,0.9983151471739132,0.1378879789456521,0.8998788579999999,0.8604271682282609,-0.8998788579999999
not,gemma-2-2b-it,20,misaligned_output_aligned_latent,610,0.488,0.001587665,0.9935910702,0.0022535313770491,0.9820236786228852,0.9913707986,0.979770147245836,0.9913707986
not,gemma-2-2b-it,20,both_misaligned,15,0.012,0.0007757999999999,0.2298677599999999,0.0008537346666666,0.1970782313333333,0.22868886,0.1962244966666666,0.22868886
not,gemma-2-2b-it,21,both_aligned,576,0.4608,0.999546825,0.9920864,0.99946550125,0.963246967951389,0.0073155399999999,0.0362194026041666,-0.0073155399999999
not,gemma-2-2b-it,21,aligned_output_misaligned_latent,49,0.0392,0.9990515,0.11650425,0.998357521020408,0.1396044396510204,0.8804127700000001,0.8587530813693878,-0.8804127700000001
not,gemma-2-2b-it,21,misaligned_output_aligned_latent,610,0.488,0.001587665,0.9923773415,0.0022537666229508,0.981133301695246,0.9900801705,0.9788795350722952,0.9900801705
not,gemma-2-2b-it,21,both_misaligned,15,0.012,0.0007757999999999,0.2503729,0.000844168,0.2142632226666666,0.249194,0.2134190546666666,0.249194
not,gemma-2-2b-it,22,both_aligned,573,0.4584,0.99954814,0.99167013,0.9994666367364748,0.9617267868935429,0.0079339999999999,0.0377403978359511,-0.0079339999999999
not,gemma-2-2b-it,22,aligned_output_misaligned_latent,52,0.0416,0.999066615,0.1067771,0.9984089307692308,0.1462593681230769,0.8922127,0.8521495626461538,-0.8922127
not,gemma-2-2b-it,22,misaligned_output_aligned_latent,610,0.488,0.001587665,0.9933451115,0.0022537666229508,0.979106636801328,0.990697084,0.9768528701783772,0.990697084
not,gemma-2-2b-it,22,both_misaligned,15,0.012,0.0007757999999999,0.2053913,0.000844168,0.2117089933333333,0.2042124,0.2108648253333333,0.2042124
not,gemma-2-2b-it,23,both_aligned,571,0.4568,0.99954814,0.9908931,0.999466628458844,0.9611167711558668,0.0085536999999999,0.0383505909281961,-0.0085536999999999
not,gemma-2-2b-it,23,aligned_output_misaligned_latent,54,0.0432,0.999085615,0.096655963,0.9984481925925928,0.1486647251333333,0.902715687,0.8497834674592591,-0.902715687
not,gemma-2-2b-it,23,misaligned_output_aligned_latent,610,0.488,0.001587665,0.99251896145,0.0022537666229508,0.9798569603149015,0.9902613785,0.9776031936919508,0.9902613785
not,gemma-2-2b-it,23,both_misaligned,15,0.012,0.0007757999999999,0.2548456,0.000844168,0.2392312233333333,0.2544851,0.2383870553333333,0.2544851
not,gemma-2-2b-it,24,both_aligned,573,0.4584,0.9995473,0.990575,0.9994659143630016,0.9601432154799302,0.00899405,0.0393229269458987,-0.00899405
not,gemma-2-2b-it,24,aligned_output_misaligned_latent,52,0.0416,0.999085615,0.10523939,0.9984168907692308,0.1446113109615384,0.892753125,0.8538055798076923,-0.892753125
not,gemma-2-2b-it,24,misaligned_output_aligned_latent,609,0.4872,0.0015908,0.991204143,0.0022551008866995,0.9768016316710674,0.988670647,0.9745465307843676,0.988670647
not,gemma-2-2b-it,24,both_misaligned,16,0.0128,0.0007777749999999,0.1842741499999999,0.0008814825,0.21938060125,0.1835044499999999,0.21849911875,0.1835044499999999
not,gemma-2-2b-it,25,both_aligned,572,0.4576,0.99954772,0.98326445,0.9994673853146852,0.9505214900174824,0.0163676999999999,0.0489458952972027,-0.0163676999999999
not,gemma-2-2b-it,25,aligned_output_misaligned_latent,53,0.0424,0.9990528,0.1339635,0.998420808490566,0.1604651288245283,0.86281066,0.8379556796660377,-0.86281066
not,gemma-2-2b-it,25,misaligned_output_aligned_latent,609,0.4872,0.0015908,0.985929927,0.0022551008866995,0.9710188991500658,0.983593101,0.968763798263366,0.983593101
not,gemma-2-2b-it,25,both_misaligned,16,0.0128,0.0007777749999999,0.2315994499999999,0.0008814825,0.2417581525,0.230534625,0.24087667,0.230534625
not,gemma-2-2b-it,26,both_aligned,565,0.452,0.9995491,0.96960306,0.999465689221239,0.9371404181946902,0.0299038999999999,0.0623252710265486,-0.0299038999999999
not,gemma-2-2b-it,26,aligned_output_misaligned_latent,60,0.048,0.9991107,0.192229985,0.9985588806666666,0.2083165200999999,0.807060565,0.7902423605666667,-0.807060565
not,gemma-2-2b-it,26,misaligned_output_aligned_latent,602,0.4816,0.001592525,0.9778663815,0.0022537637043189,0.9581481967538203,0.9758814005,0.9558944330495016,0.9758814005
not,gemma-2-2b-it,26,both_misaligned,23,0.0184,0.00095075,0.25180525,0.0013345395652173,0.2437343799999999,0.2503640499999999,0.2423998404347826,0.2503640499999999
not,gemma-2-9b-it,0,both_aligned,1023,0.8184,0.9992084,0.5,0.9695547808977516,0.5003822024926686,0.4991959,0.4691725784050831,-0.4991959
not,gemma-2-9b-it,0,aligned_output_misaligned_latent,1,0.0008,0.909907,0.4519736,0.909907,0.4519736,0.4579334,0.4579334,-0.4579334
not,gemma-2-9b-it,0,misaligned_output_aligned_latent,225,0.18,0.05582315,0.5,0.10499521644,0.5,0.4441768499999999,0.39500478356,0.4441768499999999
not,gemma-2-9b-it,0,both_misaligned,1,0.0008,0.02002347,0.47298074,0.02002347,0.47298074,0.4529572699999999,0.4529572699999999,0.4529572699999999
not,gemma-2-9b-it,1,both_aligned,535,0.428,0.9992563,0.67746353,0.9717940663119626,0.6853398539140186,0.3065033699999999,0.2959696429960747,-0.3062113039999999
not,gemma-2-9b-it,1,aligned_output_misaligned_latent,489,0.3912,0.99910307,0.3254742,0.9669828678558282,0.3168543113108384,0.641162035,0.6501285565449898,-0.641162035
not,gemma-2-9b-it,1,misaligned_output_aligned_latent,116,0.0928,0.0685643799999999,0.6871023,0.1143614629655172,0.7007090208103448,0.5886116349999999,0.5863475578448276,0.5886116349999999
not,gemma-2-9b-it,1,both_misaligned,110,0.088,0.0396387999999999,0.325960575,0.0943456133181818,0.3140556489545454,0.2372128449999999,0.240849089090909,0.23493266
not,gemma-2-9b-it,2,both_aligned,584,0.4672,0.99890115,0.8758336,0.9694749710099316,0.8352926791796232,0.1151703832499999,0.1566318703775685,-0.1018771991499999
not,gemma-2-9b-it,2,aligned_output_misaligned_latent,440,0.352,0.99932015,0.174145955,0.9695251472468184,0.1991471935254545,0.7974903849999999,0.7703779537213638,-0.7974903849999999
not,gemma-2-9b-it,2,misaligned_output_aligned_latent,102,0.0816,0.041162845,0.8942172749999999,0.103647326117647,0.8482158345254902,0.76169654,0.7445685084078432,0.76169654
not,gemma-2-9b-it,2,both_misaligned,124,0.0992,0.06009275,0.13798945,0.1054187089112903,0.1635596897580645,0.128341775,0.1518070172983871,0.04776447
not,gemma-2-9b-it,3,both_aligned,606,0.4848,0.9991507,0.939864885,0.9671105302219472,0.8796475032125147,0.0669470899999999,0.1231912620073993,-0.04323572495
not,gemma-2-9b-it,3,aligned_output_misaligned_latent,418,0.3344,0.9992563,0.092061162,0.9729556615882776,0.1418577830033732,0.879460635,0.8310978785849042,-0.879460635
not,gemma-2-9b-it,3,misaligned_output_aligned_latent,117,0.0936,0.06008667,0.91236013,0.1090013789230769,0.8592199776912991,0.7787326,0.7502185987682222,0.7787326
not,gemma-2-9b-it,3,both_misaligned,109,0.0872,0.0453525999999999,0.0712110999999999,0.0999154663761467,0.116858036972477,0.0877801,0.1286491005045871,0.0021228599999999
not,gemma-2-9b-it,4,both_aligned,609,0.4872,0.9991704,0.95656055,0.9675151549697866,0.8938777701485797,0.0565098930999999,0.1127386424290394,-0.024017071
not,gemma-2-9b-it,4,aligned_output_misaligned_latent,415,0.332,0.9992505,0.07311622,0.97240414092,0.125990783306771,0.893404265,0.8464133576132289,-0.893404265
not,gemma-2-9b-it,4,misaligned_output_aligned_latent,117,0.0936,0.06008667,0.9457257,0.1061902041367521,0.8708886981884273,0.7905019499999999,0.7646984940516752,0.7905019499999999
not,gemma-2-9b-it,4,both_misaligned,109,0.0872,0.0453525999999999,0.0439499599999999,0.1029329659174311,0.0900775770642201,0.0808672999999999,0.1147691157339449,-0.00431623
not,gemma-2-9b-it,5,both_aligned,626,0.5008,0.99924165,0.9658969,0.9691157886154952,0.8981868791238983,0.0439676296,0.10923959242278,-0.021830245
not,gemma-2-9b-it,5,aligned_output_misaligned_latent,398,0.3184,0.999123815,0.0609404674999999,0.9700953873997488,0.1098822374094095,0.911712781,0.8602131499903393,-0.911712781
not,gemma-2-9b-it,5,misaligned_output_aligned_latent,113,0.0904,0.0534033,0.955705404,0.1046933936637168,0.9001582437252124,0.79917717,0.7954648500614955,0.79917717
not,gemma-2-9b-it,5,both_misaligned,113,0.0904,0.05834585,0.0556334,0.104545076858407,0.1007894240707964,0.0829021,0.1211533716371681,-0.0011317299999999
not,gemma-2-9b-it,6,both_aligned,611,0.4888,0.9992679,0.9722463,0.9702450423430442,0.9110466754769924,0.0361703999999999,0.0965490168668451,-0.01568082
not,gemma-2-9b-it,6,aligned_output_misaligned_latent,413,0.3304,0.9990746,0.04219306,0.968389169459564,0.1069169107929266,0.91703551,0.8614722586666375,-0.91703551
not,gemma-2-9b-it,6,misaligned_output_aligned_latent,111,0.0888,0.061876,0.965706646,0.1134825873333333,0.9163453700280396,0.82760323,0.8028627826947063,0.82760323
not,gemma-2-9b-it,6,both_misaligned,115,0.092,0.0440186999999999,0.0612825999999999,0.0960641736956521,0.1112599285217391,0.0819786,0.1260383062,-0.00025498
not,gemma-2-9b-it,7,both_aligned,580,0.464,0.9991065,0.984134225,0.9736130626046552,0.9662988320277588,0.0191342328999999,0.0498868486762068,-0.0116862699999999
not,gemma-2-9b-it,7,aligned_output_misaligned_latent,444,0.3552,0.9992679,0.024473306,0.9641190800623872,0.0485376128635135,0.9570861915,0.915581467198874,-0.9570861915
not,gemma-2-9b-it,7,misaligned_output_aligned_latent,99,0.0792,0.06008667,0.9923029183,0.111274162060606,0.9780128333682828,0.8908407949999999,0.8667386713076768,0.8908407949999999
not,gemma-2-9b-it,7,both_misaligned,127,0.1016,0.0453525999999999,0.0183098299999999,0.0994315364173228,0.0442804739763779,0.06334354,0.0988310744094488,-0.0249282299999999
not,gemma-2-9b-it,8,both_aligned,571,0.4568,0.9990601,0.99349105,0.9731003277227672,0.973256077881436,0.0105314699999999,0.0471770366623467,-0.0029851499999999
not,gemma-2-9b-it,8,aligned_output_misaligned_latent,453,0.3624,0.99929035,0.011265695,0.9649539971935984,0.0278293455295805,0.978495501,0.9371246516640176,-0.978495501
not,gemma-2-9b-it,8,misaligned_output_aligned_latent,104,0.0832,0.060530935,0.99588921665,0.1107158754230769,0.9793690108769232,0.9197228168,0.8686531354538461,0.9197228168
not,gemma-2-9b-it,8,both_misaligned,122,0.0976,0.0453525999999999,0.0065973,0.0994220993852459,0.0328735745163934,0.057335275,0.0945600553770491,-0.0320825999999999
not,gemma-2-9b-it,9,both_aligned,570,0.456,0.9990818,0.9935229525,0.9731823389363158,0.9718832031842632,0.01220342,0.0491295537493508,-0.0031081949999999
not,gemma-2-9b-it,9,aligned_output_misaligned_latent,454,0.3632,0.99929035,0.009554124,0.9648689750323788,0.0289384239542731,0.9785655075,0.9359305510781056,-0.9785655075
not,gemma-2-9b-it,9,misaligned_output_aligned_latent,103,0.0824,0.06008667,0.9960792772,0.1090279130485436,0.9822644920831068,0.91483053,0.8732365790345631,0.91483053
not,gemma-2-9b-it,9,both_misaligned,123,0.0984,0.0453525999999999,0.0074165999999999,0.1009274156504065,0.032866843203252,0.05019182,0.0953534266097561,-0.0301054499999999
not,gemma-2-9b-it,10,both_aligned,564,0.4512,0.99906735,0.9943687422,0.9726496167547872,0.9695637626331384,0.0124187722999999,0.0518654623613297,-0.002234815
not,gemma-2-9b-it,10,aligned_output_misaligned_latent,460,0.368,0.99929035,0.0084349979999999,0.9656305739319564,0.0279189085913913,0.978490288,0.9377116653405652,-0.978490288
not,gemma-2-9b-it,10,misaligned_output_aligned_latent,103,0.0824,0.06008667,0.9966816644,0.1090279130485436,0.9840184064806796,0.9162895615,0.8749904934321359,0.9162895615
not,gemma-2-9b-it,10,both_misaligned,123,0.0984,0.0453525999999999,0.0028633999999999,0.1009274156504065,0.02822380700813,0.0622241599999999,0.0981241798617886,-0.0355986299999999
not,gemma-2-9b-it,11,both_aligned,542,0.4336,0.99861146335,0.9969247881,0.9712454685252768,0.9720126735634133,0.00869329855,0.051004270789797,-0.0003373799999999
not,gemma-2-9b-it,11,aligned_output_misaligned_latent,482,0.3856,0.9993487,0.0039642752,0.9675298836466804,0.0252877306270954,0.9885204175,0.942242153019585,-0.9885204175
not,gemma-2-9b-it,11,misaligned_output_aligned_latent,109,0.0872,0.05582315,0.9979990125,0.1075516674678899,0.9758164626914678,0.9193741493,0.868264795223578,0.9193741493
not,gemma-2-9b-it,11,both_misaligned,117,0.0936,0.0510827299999999,0.0008707599999999,0.1018873112393162,0.0250516248888888,0.05786669,0.0997264478888889,-0.0390147499999999
not,gemma-2-9b-it,12,both_aligned,549,0.4392,0.9988028,0.9980833,0.9718377096497268,0.9728890179724772,0.0073906301999999,0.0511565425671948,0.00011599
not,gemma-2-9b-it,12,aligned_output_misaligned_latent,475,0.38,0.99932814,0.0036409164,0.9667906216014736,0.0270665827114947,0.987512873,0.9397240388899788,-0.987512873
not,gemma-2-9b-it,12,misaligned_output_aligned_latent,109,0.0872,0.05582315,0.9982765728,0.1092106344403669,0.9810634487861468,0.9202101186,0.8718528143457799,0.9202101186
not,gemma-2-9b-it,12,both_misaligned,117,0.0936,0.0510827299999999,0.0009896999999999,0.1003417779059829,0.0280027271923076,0.0599855,0.1000850828504273,-0.0389272499999999
not,gemma-2-9b-it,13,both_aligned,554,0.4432,0.9987354868,0.99918368,0.9718073727449458,0.9739019503401786,0.007301316,0.0506941172811534,0.00033975
not,gemma-2-9b-it,13,aligned_output_misaligned_latent,470,0.376,0.999341025,0.0028585175,0.9667726879951064,0.0240808097740212,0.9893007145,0.9426918782210852,-0.9893007145
not,gemma-2-9b-it,13,misaligned_output_aligned_latent,108,0.0864,0.054613225,0.9993941784,0.1097687514259259,0.9817213328514816,0.926654721515,0.8719525814255555,0.926654721515
not,gemma-2-9b-it,13,both_misaligned,118,0.0944,0.05471429,0.0003313499999999,0.0999061187711864,0.0268462287344067,0.054242775,0.0981948185113559,-0.0381412099999999
not,gemma-2-9b-it,14,both_aligned,536,0.4288,0.99849157215,0.9981146393,0.9715858070311568,0.977081854720709,0.0064636435499999,0.0462526158593283,0.00027783
not,gemma-2-9b-it,14,aligned_output_misaligned_latent,488,0.3904,0.999356315,0.00188198965,0.9672017526428278,0.0201110654432991,0.991868793,0.9470906871995288,-0.991868793
not,gemma-2-9b-it,14,misaligned_output_aligned_latent,105,0.084,0.0534033,0.9982756971,0.1052478528952381,0.9845518745222857,0.9316238548,0.8793040216270476,0.9316238548
not,gemma-2-9b-it,14,both_misaligned,121,0.0968,0.05834585,0.00038457,0.1040737406198347,0.0291942395545454,0.0608077,0.1018410251975206,-0.0389895999999999
not,gemma-2-9b-it,15,both_aligned,497,0.3976,0.99936384,0.9983301,0.9677129640637828,0.9778946206201428,0.00554133,0.0472104545394587,-0.0006394
not,gemma-2-9b-it,15,aligned_output_misaligned_latent,527,0.4216,0.9984145693,0.00330406,0.9711785668286528,0.0225205084450664,0.987269772,0.9486580583835864,-0.987269772
not,gemma-2-9b-it,15,misaligned_output_aligned_latent,123,0.0984,0.0592103,0.99929948564,0.1035891188211382,0.9646172458062928,0.922251715,0.8610281269851545,0.922251715
not,gemma-2-9b-it,15,both_misaligned,103,0.0824,0.0453525999999999,0.0035903999999999,0.1058493743106796,0.0144195190059223,0.05678143,0.1011661123921359,-0.0338429
not,gemma-2-9b-it,16,both_aligned,526,0.4208,0.99856739715,0.9957129638,0.9719417220469582,0.9774664325847718,0.0073467584999999,0.0442434108937072,-0.0003010499999999
not,gemma-2-9b-it,16,aligned_output_misaligned_latent,498,0.3984,0.99935125,0.0017850794999999,0.9669138595616464,0.023454852140502,0.991564205,0.9434590074211446,-0.991564205
not,gemma-2-9b-it,16,misaligned_output_aligned_latent,103,0.0824,0.0453525999999999,0.9971821639,0.1034573082912621,0.9859873021437864,0.9308358587,0.8825299938525243,0.9308358587
not,gemma-2-9b-it,16,both_misaligned,123,0.0984,0.0592103,0.0005528999999999,0.1055922310162601,0.0301700413560975,0.0606714999999999,0.0995480756764227,-0.0388771799999999
not,gemma-2-9b-it,17,both_aligned,532,0.4256,0.99860602585,0.99758936075,0.9722376285577068,0.9775982864878008,0.0072296604999999,0.0454597730466353,0.00015609
not,gemma-2-9b-it,17,aligned_output_misaligned_latent,492,0.3936,0.9993487,0.0020957941,0.9665325802148372,0.0210268733886382,0.990171246,0.9455057068261992,-0.990171246
not,gemma-2-9b-it,17,misaligned_output_aligned_latent,103,0.0824,0.0534033,0.9983594492,0.1095881762524271,0.9799450625113592,0.9313441504,0.870356886258932,0.9313441504
not,gemma-2-9b-it,17,both_misaligned,123,0.0984,0.05834585,0.0004942,0.1004582521544715,0.0215593807479674,0.0583141999999999,0.096227430105691,-0.03726973
not,gemma-2-9b-it,18,both_aligned,506,0.4048,0.999368785,0.9965021,0.9673846142820158,0.976730166567826,0.01039139925,0.0491298404075494,-0.00228278
not,gemma-2-9b-it,18,aligned_output_misaligned_latent,518,0.4144,0.99839592125,0.00449915,0.97155952322722,0.020456789326749,0.9858182705,0.951102733900471,-0.9858182705
not,gemma-2-9b-it,18,misaligned_output_aligned_latent,122,0.0976,0.058778075,0.99967381358,0.1044789400409836,0.977917576738041,0.92297670453,0.8734386366970573,0.92297670453
not,gemma-2-9b-it,18,both_misaligned,104,0.0832,0.04937795,0.0043281,0.1047838123461538,0.0195764356724038,0.05525081,0.0990533651352884,-0.0302639
not,gemma-2-9b-it,19,both_aligned,530,0.424,0.99839592125,0.997066257,0.9713732871201888,0.9804517622128492,0.007656331,0.0422582422443584,0.0001198199999999
not,gemma-2-9b-it,19,aligned_output_misaligned_latent,494,0.3952,0.99937373,0.00348232545,0.9674830074589068,0.0222546329641902,0.9866468065,0.9452283744947166,-0.9866468065
not,gemma-2-9b-it,19,misaligned_output_aligned_latent,106,0.0848,0.054613225,0.99641159925,0.1068937177735849,0.9820468142037736,0.92166550275,0.8751530964301887,0.92166550275
not,gemma-2-9b-it,19,both_misaligned,120,0.096,0.05471429,0.000220135,0.1026101090416666,0.0240403325799999,0.0546151149999999,0.0981674674616666,-0.0380908599999999
not,gemma-2-9b-it,20,both_aligned,988,0.7904,0.9992563,0.99538913315,0.970018798146154,0.9829309985117812,0.0085188749999999,0.0411874695603643,-0.001392025
not,gemma-2-9b-it,20,aligned_output_misaligned_latent,36,0.0288,0.995035235,0.081061155,0.9551632025,0.1091627898444444,0.885664156,0.8460004126555556,-0.885664156
not,gemma-2-9b-it,20,misaligned_output_aligned_latent,214,0.1712,0.060530935,0.9853428,0.1086799164018691,0.9699299949756074,0.903604104,0.8612500785737384,0.903604104
not,gemma-2-9b-it,20,both_misaligned,12,0.0096,0.0016570499999999,0.0286285784999999,0.0322037549166666,0.1305406483,0.14823421625,0.1572548066166666,0.02567594
not,gemma-2-9b-it,21,both_aligned,983,0.7864,0.9992563,0.9963116646,0.9698728007206512,0.9846820881796848,0.0068760836,0.0398983042775483,-0.0007963399999999
not,gemma-2-9b-it,21,aligned_output_misaligned_latent,41,0.0328,0.99637836,0.08046985,0.960475237804878,0.1069245500170731,0.883470346,0.8535506877878049,-0.883470346
not,gemma-2-9b-it,21,misaligned_output_aligned_latent,213,0.1704,0.0609752,0.987408161,0.1091796608920187,0.9743581182515024,0.89993835,0.8651784573594836,0.89993835
not,gemma-2-9b-it,21,both_misaligned,13,0.0104,0.0017409999999999,0.1575820399999999,0.0298984153076923,0.1330402912384615,0.16709,0.1559301256076923,0.15718694
not,gemma-2-9b-it,22,both_aligned,991,0.7928,0.9992563,0.9959446164,0.9700739986159436,0.9837497939026842,0.0068726599999999,0.0409841915622199,-0.0010721999999999
not,gemma-2-9b-it,22,aligned_output_misaligned_latent,33,0.0264,0.9951703,0.085612595,0.952155006969697,0.1148660939393939,0.86838523,0.8372889130303031,-0.86838523
not,gemma-2-9b-it,22,misaligned_output_aligned_latent,212,0.1696,0.0609752,0.9882176805,0.1096002089622641,0.9741043120076888,0.9043676081,0.8645041030454246,0.9043676081
not,gemma-2-9b-it,22,both_misaligned,14,0.0112,0.0019876699999999,0.064812735,0.0291930620714285,0.1299375993214286,0.10206781,0.1513200984642857,0.06440976
not,gemma-2-9b-it,23,both_aligned,990,0.792,0.9992621,0.99639195585,0.9700844836852524,0.9830493719992526,0.0070895599999999,0.0423626220010707,-0.000933965
not,gemma-2-9b-it,23,aligned_output_misaligned_latent,34,0.0272,0.994584935,0.080933375,0.9523767355882352,0.1060626964352941,0.8891151399999999,0.8463140391529411,-0.8891151399999999
not,gemma-2-9b-it,23,misaligned_output_aligned_latent,207,0.1656,0.061876,0.989486003,0.1121596261835748,0.9732123594134784,0.8961417740000001,0.8610527332299034,0.8961417740000001
not,gemma-2-9b-it,23,both_misaligned,19,0.0152,0.00223434,0.0507316599999999,0.0224686604736842,0.1269743626315789,0.0910767882999999,0.141499748368421,0.0484973199999999
not,gemma-2-9b-it,24,both_aligned,988,0.7904,0.9992534,0.995839165,0.9700188068506074,0.9834833753213866,0.0072497799999999,0.0418098053732085,-0.00112768
not,gemma-2-9b-it,24,aligned_output_misaligned_latent,36,0.0288,0.995035235,0.095100142,0.9551629636111112,0.1295116762833333,0.8692751950000001,0.8256512873277777,-0.8692751950000001
not,gemma-2-9b-it,24,misaligned_output_aligned_latent,207,0.1656,0.061876,0.987690631,0.1121578397101449,0.9731927433416424,0.893620036,0.8610349036314975,0.893620036
not,gemma-2-9b-it,24,both_misaligned,19,0.0152,0.00223434,0.0601235599999999,0.0224881236315789,0.1113006907736842,0.0907031468,0.1255697781210526,0.0415259
not,gemma-2-9b-it,25,both_aligned,986,0.7888,0.9992505,0.99547433,0.9699587869862067,0.9825516209270284,0.007640935,0.0426957983095841,-0.001408675
not,gemma-2-9b-it,25,aligned_output_misaligned_latent,38,0.0304,0.995485725,0.10114542,0.9575022076315788,0.1261506834736842,0.875926507,0.8313515241578947,-0.875926507
not,gemma-2-9b-it,25,misaligned_output_aligned_latent,207,0.1656,0.061876,0.989827028,0.1121578397101449,0.9761034401399034,0.90207571,0.8639456004297584,0.90207571
not,gemma-2-9b-it,25,both_misaligned,19,0.0152,0.00223434,0.0794723,0.0224881236315789,0.1193760443,0.13270025,0.1337836224894737,0.07449
not,gemma-2-9b-it,26,both_aligned,987,0.7896,0.9992505,0.9957485,0.9699434394107396,0.9828316071538602,0.0072046399999999,0.0425447166308611,-0.00129664
not,gemma-2-9b-it,26,aligned_output_misaligned_latent,37,0.0296,0.99580115,0.08186698,0.9575749502702704,0.1185157997837837,0.875542205,0.8390591504864865,-0.875542205
not,gemma-2-9b-it,26,misaligned_output_aligned_latent,208,0.1664,0.0614256,0.988141775,0.1116476727403846,0.9774537608572116,0.9056918345,0.8658060881168269,0.9056918345
not,gemma-2-9b-it,26,both_misaligned,18,0.0144,0.0020956999999999,0.09814703,0.0234017355,0.1156169831277777,0.1016461249999999,0.1307193523722222,0.085644145
not,gemma-2-9b-it,27,both_aligned,983,0.7864,0.9992505,0.9951447644,0.9698752079230926,0.9830500109437234,0.0084398479999999,0.0423254766161546,-0.0017374999999999
not,gemma-2-9b-it,27,aligned_output_misaligned_latent,41,0.0328,0.99580115,0.09789719,0.9604175236585366,0.1434306844951219,0.8556961599999999,0.8169868391634146,-0.8556961599999999
not,gemma-2-9b-it,27,misaligned_output_aligned_latent,208,0.1664,0.0614256,0.989323068,0.1116476727403846,0.977941105131202,0.90590765775,0.8662934323908172,0.90590765775
not,gemma-2-9b-it,27,both_misaligned,18,0.0144,0.0020956999999999,0.0778159,0.0234017355,0.1117551977388889,0.0873202275,0.1275127410944444,0.07650118
not,gemma-2-9b-it,28,both_aligned,985,0.788,0.9992505,0.995062411,0.969888394688731,0.9808140730411776,0.00816267,0.0439309168350862,-0.00190265
not,gemma-2-9b-it,28,aligned_output_misaligned_latent,39,0.0312,0.99637836,0.083722115,0.959599463846154,0.1398322043589743,0.85865048,0.8197672594871795,-0.85865048
not,gemma-2-9b-it,28,misaligned_output_aligned_latent,208,0.1664,0.0614256,0.986112654,0.1116476727403846,0.9749943480350962,0.9005909864999999,0.8633466752947115,0.9005909864999999
not,gemma-2-9b-it,28,both_misaligned,18,0.0144,0.0020956999999999,0.08372973,0.0234017355,0.1235640064,0.102291475,0.1390765879888889,0.082407135
not,gemma-2-9b-it,29,both_aligned,987,0.7896,0.9992505,0.9938936,0.9699452558646404,0.9788802357957954,0.0106789999999999,0.0461917594217325,-0.0027454999999999
not,gemma-2-9b-it,29,aligned_output_misaligned_latent,37,0.0296,0.99580115,0.08917398,0.9575264951351352,0.1309777689686486,0.8885529,0.8265487261664864,-0.8885529
not,gemma-2-9b-it,29,misaligned_output_aligned_latent,203,0.1624,0.0627892599999999,0.987585894,0.1136731997044335,0.976252894017537,0.900730625,0.8625796943131034,0.900730625
not,gemma-2-9b-it,29,both_misaligned,23,0.0184,0.0041988499999999,0.1261457,0.0247081577826086,0.1682155740304347,0.1504227999999999,0.1739871150565217,0.1250209
not,gemma-2-9b-it,30,both_aligned,984,0.7872,0.9992505,0.9953776,0.9702912435044716,0.9796465325425469,0.01000475,0.0454003687994573,-0.001564115
not,gemma-2-9b-it,30,aligned_output_misaligned_latent,40,0.032,0.996089755,0.07130539,0.94994660625,0.1155816490762499,0.8855493715,0.8343649571737499,-0.8855493715
not,gemma-2-9b-it,30,misaligned_output_aligned_latent,197,0.1576,0.0705595599999999,0.988192995,0.1167228399492385,0.9749179717369036,0.8926350404000001,0.858195131787665,0.8926350404000001
not,gemma-2-9b-it,30,both_misaligned,29,0.0232,0.00546926,0.1261445,0.0223981965172413,0.1349684127172414,0.1257494,0.1387141196620689,0.0796470599999999
not,gemma-2-9b-it,31,both_aligned,984,0.7872,0.9992505,0.99640235,0.9702484271121952,0.9803209366908678,0.00903476975,0.0452760316189166,-0.0009109
not,gemma-2-9b-it,31,aligned_output_misaligned_latent,40,0.032,0.99697198,0.080256015,0.9509998895,0.1217241415285,0.8956927779999999,0.8292757479715,-0.8956927779999999
not,gemma-2-9b-it,31,misaligned_output_aligned_latent,197,0.1576,0.0705595599999999,0.99143064,0.1166969039086294,0.9760020672454316,0.902108787,0.859305163336802,0.902108787
not,gemma-2-9b-it,31,both_misaligned,29,0.0232,0.005911,0.1106779599999999,0.0225743827241379,0.1261783098882758,0.1038275599999999,0.1300296390427586,0.0613751
not,gemma-2-9b-it,32,both_aligned,980,0.784,0.9992446,0.995020682,0.9701292248044896,0.9790126006618368,0.0101291139999999,0.0461735790334693,-0.0014570249999999
not,gemma-2-9b-it,32,aligned_output_misaligned_latent,44,0.0352,0.9979951,0.106761395,0.9554047170454544,0.1370177140090909,0.879903645,0.8183870030363636,-0.879903645
not,gemma-2-9b-it,32,misaligned_output_aligned_latent,197,0.1576,0.0705595599999999,0.989187956,0.1166969039086294,0.974733630506396,0.89343859,0.8580367265977664,0.89343859
not,gemma-2-9b-it,32,both_misaligned,29,0.0232,0.005911,0.0967163399999999,0.0225743827241379,0.1301601764999999,0.0898659399999999,0.1342030379482758,0.072604
not,gemma-2-9b-it,33,both_aligned,978,0.7824,0.9992387,0.99550548195,0.9700691370944786,0.980294190041544,0.009728955,0.044858075824366,-0.0013018999999999
not,gemma-2-9b-it,33,aligned_output_misaligned_latent,46,0.0368,0.998325875,0.113077105,0.95732243,0.1362480361384782,0.8684392249999999,0.8210743938615217,-0.8684392249999999
not,gemma-2-9b-it,33,misaligned_output_aligned_latent,196,0.1568,0.07376018,0.9895356595,0.1171732615816326,0.9741992998539796,0.89838697,0.8570260382723469,0.89838697
not,gemma-2-9b-it,33,both_misaligned,30,0.024,0.0063807,0.067746165,0.0225995966333333,0.1191958114766666,0.065952835,0.12525545649,0.0593768599999999
not,gemma-2-9b-it,34,both_aligned,979,0.7832,0.9992505,0.9960985,0.9700998039820224,0.9792417713015016,0.00992605,0.0460708538571705,-0.0009185
not,gemma-2-9b-it,34,aligned_output_misaligned_latent,45,0.036,0.9980732,0.09309548,0.9563719946666668,0.1177409740031111,0.88905102,0.8386310206635555,-0.88905102
not,gemma-2-9b-it,34,misaligned_output_aligned_latent,197,0.1576,0.0705595599999999,0.989362955,0.1166135181218274,0.974945739452538,0.8957426780000001,0.8583322213307106,0.8957426780000001
not,gemma-2-9b-it,34,both_misaligned,29,0.0232,0.005911,0.0688717399999999,0.023140831,0.1109518901068965,0.0646971699999999,0.1155995360655172,0.0507695999999999
not,gemma-2-9b-it,35,both_aligned,977,0.7816,0.9992387,0.9950191,0.9700389706431934,0.9787740643889868,0.0107179689999999,0.0460613423861207,-0.0012050799999999
not,gemma-2-9b-it,35,aligned_output_misaligned_latent,47,0.0376,0.99857855,0.10351467,0.9582207136170212,0.1264873518991489,0.86624068,0.8317333617178724,-0.86624068
not,gemma-2-9b-it,35,misaligned_output_aligned_latent,198,0.1584,0.0685643799999999,0.9902544615,0.1161423932828282,0.9761824114906564,0.8984894445,0.8600400182078284,0.8984894445
not,gemma-2-9b-it,35,both_misaligned,28,0.0224,0.00569013,0.0779923499999999,0.0231340463928571,0.1150985834542857,0.0905325,0.1214764686528571,0.05352717
not,gemma-2-9b-it,36,both_aligned,980,0.784,0.9992446,0.996037382,0.9700385055085714,0.9787910140481908,0.0108630227,0.0465507402045173,-0.00088352
not,gemma-2-9b-it,36,aligned_output_misaligned_latent,44,0.0352,0.998325875,0.091326295,0.9574252831818182,0.1163345253713636,0.89064988,0.8410907578104545,-0.89064988
not,gemma-2-9b-it,36,misaligned_output_aligned_latent,194,0.1552,0.07376018,0.9924942852,0.1177857310309278,0.9790113233578868,0.9040872291,0.8612255923269587,0.9040872291
not,gemma-2-9b-it,36,both_misaligned,32,0.0256,0.0068504,0.0535388599999999,0.02479735465625,0.1332692585134375,0.0837789199999999,0.1373356411428125,0.0496508099999999
not,gemma-2-9b-it,37,both_aligned,982,0.7856,0.9992446,0.99597367565,0.9701194579515277,0.9786697019939808,0.01036462,0.0465039425106812,-0.000931075
not,gemma-2-9b-it,37,aligned_output_misaligned_latent,42,0.0336,0.9979951,0.09224522,0.9549319083333332,0.1120387175921428,0.8853884299999999,0.8428931907411904,-0.8853884299999999
not,gemma-2-9b-it,37,misaligned_output_aligned_latent,194,0.1552,0.07376018,0.991513342,0.1177857310309278,0.9786572793492267,0.9041889729,0.860871548318299,0.9041889729
not,gemma-2-9b-it,37,both_misaligned,32,0.0256,0.0068504,0.0516189,0.02479735465625,0.1312431917515625,0.0824468199999999,0.1347572822796875,0.0459626
not,gemma-2-9b-it,38,both_aligned,976,0.7808,0.9992505,0.9959109115,0.970019242785246,0.9789337306498516,0.0108464692999999,0.0466986636086629,-0.001174535
not,gemma-2-9b-it,38,aligned_output_misaligned_latent,48,0.0384,0.9978326,0.0833610295,0.9588680604166666,0.107048571888125,0.894596645,0.8518194885285416,-0.894596645
not,gemma-2-9b-it,38,misaligned_output_aligned_latent,196,0.1568,0.07376018,0.9912042615,0.1171410220408163,0.9796657054853062,0.8980650545,0.8625246834444898,0.8980650545
not,gemma-2-9b-it,38,both_misaligned,30,0.024,0.0063807,0.0542405999999999,0.0228102283,0.12315340836,0.0503928699999999,0.1265677359399999,0.0455113999999999
not,gemma-2-9b-it,39,both_aligned,982,0.7856,0.9992446,0.9964242284,0.970189587870061,0.9802908011185244,0.0102395417999999,0.0456170571993798,-0.0011441811499999
not,gemma-2-9b-it,39,aligned_output_misaligned_latent,42,0.0336,0.9976569,0.0873552575,0.9532922040476188,0.1085490258561904,0.896354275,0.8447431781914286,-0.896354275
not,gemma-2-9b-it,39,misaligned_output_aligned_latent,195,0.156,0.0769608,0.991320133,0.117732817025641,0.9815662121287692,0.89992565,0.8638333951031282,0.89992565
not,gemma-2-9b-it,39,both_misaligned,31,0.0248,0.005911,0.0527214,0.0221305757741935,0.1259647460838709,0.05722324,0.1309025632387097,0.0458708999999999
not,gemma-2-9b-it,40,both_aligned,978,0.7824,0.9992446,0.9970068163,0.9697145023501024,0.9792124325963844,0.0102052325249999,0.0466500798967934,-0.00033767
not,gemma-2-9b-it,40,aligned_output_misaligned_latent,46,0.0368,0.998325875,0.0685445425,0.9648622730434784,0.1031049960836956,0.901081395,0.8617572769597825,-0.901081395
not,gemma-2-9b-it,40,misaligned_output_aligned_latent,194,0.1552,0.07376018,0.99380882625,0.1177857310309278,0.9823328980515772,0.9080109741,0.8645471670206495,0.9080109741
not,gemma-2-9b-it,40,both_misaligned,32,0.0256,0.0068504,0.0553374,0.02479735465625,0.10813260889125,0.0656743499999999,0.111418588265,0.0489567
not,gemma-2-9b-it,41,both_aligned,975,0.78,0.9992387,0.99330795,0.9700265744188716,0.9755642396895076,0.0119204499999999,0.048430625218123,-0.0023680599999998
not,gemma-2-9b-it,41,aligned_output_misaligned_latent,49,0.0392,0.99857855,0.10300028,0.9589497510204082,0.1171136224367347,0.88253945,0.8418361285836734,-0.88253945
not,gemma-2-9b-it,41,misaligned_output_aligned_latent,196,0.1568,0.07376018,0.9850773215,0.1171410220408163,0.9716509708270918,0.8896641465,0.8545099487862755,0.8896641465
not,gemma-2-9b-it,41,both_misaligned,30,0.024,0.0063807,0.0521431299999999,0.0228102283,0.11505821755,0.056127275,0.1207656174166666,0.0452927299999999
not,gemma-2-9b-it,42,both_aligned,979,0.7832,0.9992505,0.9967625,0.9701009601515832,0.9830876710817948,0.00892108157,0.0431075337342972,-0.0006567499999999
not,gemma-2-9b-it,42,aligned_output_misaligned_latent,45,0.036,0.997917,0.07199004,0.9563468415555556,0.0992765319608888,0.91744572,0.8570703095946666,-0.91744572
not,gemma-2-9b-it,42,misaligned_output_aligned_latent,195,0.156,0.0769608,0.992732137,0.117732817025641,0.983384850718718,0.904785926,0.865652033693077,0.904785926
not,gemma-2-9b-it,42,both_misaligned,31,0.0248,0.005911,0.0472626699999999,0.0221305757741935,0.112435562648387,0.04768479,0.1171074002225806,0.0347378999999999
mixed,deberta-hate-tuned,0,both_aligned,873,0.7017684887459807,0.9946103706,0.5,0.9606307551009164,0.5,0.4946103706,0.4606307551009164,-0.4946103706
mixed,deberta-hate-tuned,0,aligned_output_misaligned_latent,0,0.0,,,,,,,
mixed,deberta-hate-tuned,0,misaligned_output_aligned_latent,371,0.2982315112540193,0.014678295,0.5,0.064150541048787,0.5,0.485321705,0.4358494589512129,0.485321705
mixed,deberta-hate-tuned,0,both_misaligned,0,0.0,,,,,,,
mixed,deberta-hate-tuned,1,both_aligned,567,0.4557877813504823,0.9953219267,0.5202823999999999,0.9709722661925924,0.5215902430864198,0.4706306456,0.4494501133001763,-0.4706306456
mixed,deberta-hate-tuned,1,aligned_output_misaligned_latent,306,0.2459807073954984,0.990056416,0.482051385,0.9414685433722222,0.4809922443137255,0.500538173,0.4604762990584967,-0.500538173
mixed,deberta-hate-tuned,1,misaligned_output_aligned_latent,178,0.1430868167202572,0.018898815,0.5214957,0.0820734882679775,0.5255714899999999,0.4975386014999999,0.4434980017320225,0.4975386014999999
mixed,deberta-hate-tuned,1,both_misaligned,193,0.155144694533762,0.011109186,0.47855318,0.0476205690020725,0.4792311273575129,0.459564048,0.4316830106870467,0.459564048
mixed,deberta-hate-tuned,2,both_aligned,429,0.3448553054662379,0.9942165883,0.58267403,0.9517104087181818,0.6001008896037296,0.3701353,0.3536349537997669,-0.3701353
mixed,deberta-hate-tuned,2,aligned_output_misaligned_latent,444,0.3569131832797427,0.9948657498,0.4420465249999999,0.9692497384301804,0.4299596493243243,0.545629078,0.5392900891058559,-0.545629078
mixed,deberta-hate-tuned,2,misaligned_output_aligned_latent,251,0.2017684887459807,0.019445753,0.5680354,0.0712133525490039,0.5690403569721115,0.5317763590000001,0.4978270044231075,0.5317763590000001
mixed,deberta-hate-tuned,2,both_misaligned,120,0.0964630225080385,0.0084139384999999,0.39949605,0.0493774936608333,0.3878943129166667,0.343883585,0.3416118260891666,0.343883585
mixed,deberta-hate-tuned,3,both_aligned,480,0.3858520900321543,0.994964058,0.5662668,0.960998863265625,0.5725589490416667,0.4206903354,0.392642946015625,-0.4206903354
mixed,deberta-hate-tuned,3,aligned_output_misaligned_latent,393,0.3159163987138264,0.9942005533,0.44307286,0.9601811573424937,0.4332564419338422,0.5321020298,0.5269247154086514,-0.5321020298
mixed,deberta-hate-tuned,3,misaligned_output_aligned_latent,195,0.1567524115755627,0.022363296,0.5914365,0.0741035555153846,0.6097324370256411,0.538859278,0.5356288815102564,0.538859278
mixed,deberta-hate-tuned,3,both_misaligned,176,0.1414790996784566,0.01028945825,0.4510007,0.0531230534295454,0.4474718202272727,0.4217328886499999,0.3953460892977272,0.4217328886499999
mixed,deberta-hate-tuned,4,both_aligned,493,0.3963022508038585,0.995132146,0.6687577,0.957881226970994,0.6634921046450305,0.3011008,0.3022877152671399,-0.3011008
mixed,deberta-hate-tuned,4,aligned_output_misaligned_latent,380,0.3054662379421222,0.9937478863,0.3297021249999999,0.9641979060694736,0.3331967614736842,0.630288169,0.6310011445957895,-0.630288169
mixed,deberta-hate-tuned,4,misaligned_output_aligned_latent,230,0.1848874598070739,0.0195127375,0.6729207500000001,0.0734031201652173,0.6746800212608695,0.6181693907,0.6012769010956522,0.6181693907
mixed,deberta-hate-tuned,4,both_misaligned,141,0.1133440514469453,0.0101358015,0.39441407,0.0490576814971631,0.37359066,0.355204031,0.329700737935461,0.355204031
mixed,deberta-hate-tuned,5,both_aligned,549,0.4413183279742765,0.9955308903,0.67794603,0.9692262175861566,0.6716935708014572,0.312343418,0.3114188353457194,-0.3114547082999999
mixed,deberta-hate-tuned,5,aligned_output_misaligned_latent,324,0.2604501607717042,0.990245102,0.3659857,0.9460662214453704,0.3506940187654321,0.589034655,0.5953722026799383,-0.589034655
mixed,deberta-hate-tuned,5,misaligned_output_aligned_latent,199,0.159967845659164,0.01564361,0.7452685,0.0695394145090452,0.7316617234170855,0.6672011,0.6621223089080402,0.6672011
mixed,deberta-hate-tuned,5,both_misaligned,172,0.1382636655948553,0.012151301,0.372703615,0.0579157397779069,0.3672931435465116,0.3262602177,0.3148589844662791,0.3262602177
mixed,deberta-hate-tuned,6,both_aligned,504,0.405144694533762,0.9953445869,0.6957111300000001,0.9664802211625,0.6808866718055555,0.2773700881000001,0.2946169585632936,-0.2773700881000001
mixed,deberta-hate-tuned,6,aligned_output_misaligned_latent,369,0.2966237942122186,0.992981266,0.3433225,0.9526412404802168,0.3433938969105691,0.62756913,0.6092473435696477,-0.62756913
mixed,deberta-hate-tuned,6,misaligned_output_aligned_latent,191,0.1535369774919614,0.021524943,0.6929601,0.0712180387513089,0.6750348161256545,0.612450869,0.6038167773743456,0.612450869
mixed,deberta-hate-tuned,6,both_misaligned,180,0.1446945337620578,0.0106064605,0.343815035,0.0566511407088888,0.3445510797222222,0.27949595545,0.29872397868,0.27949595545
mixed,deberta-hate-tuned,7,both_aligned,517,0.4155948553054662,0.9952538027,0.70499724,0.966655271867118,0.6998545100193424,0.2750322799999999,0.2779502623119922,-0.2735018
mixed,deberta-hate-tuned,7,aligned_output_misaligned_latent,356,0.2861736334405145,0.9935282745,0.3506144399999999,0.95188166755,0.3317635358988764,0.6103056389,0.6201181316511236,-0.6103056389
mixed,deberta-hate-tuned,7,misaligned_output_aligned_latent,192,0.1543408360128617,0.0232197229999999,0.65245226,0.0767726704125,0.686829185,0.5994815760000001,0.6100565145875,0.5994815760000001
mixed,deberta-hate-tuned,7,both_misaligned,179,0.1438906752411575,0.009400743,0.32523233,0.0506117207256983,0.3370523484357542,0.2842201252,0.2925259263692737,0.2842201252
mixed,deberta-hate-tuned,8,both_aligned,521,0.4188102893890675,0.9952874472,0.60818064,0.9680549965026872,0.6247482561612284,0.384229899,0.3548740992666027,-0.384193934
mixed,deberta-hate-tuned,8,aligned_output_misaligned_latent,352,0.2829581993569132,0.9929822145,0.37799498,0.9496420341625,0.3566192608522727,0.59203904315,0.5930227733102273,-0.59203904315
mixed,deberta-hate-tuned,8,misaligned_output_aligned_latent,185,0.1487138263665595,0.026126666,0.67179036,0.0810394104286486,0.689545382,0.604104806,0.6085059715713513,0.604104806
mixed,deberta-hate-tuned,8,both_misaligned,186,0.1495176848874598,0.0089151505,0.405633625,0.0473524720419354,0.4152652079569892,0.3850498466499999,0.3691666417215054,0.3850498466499999
mixed,deberta-hate-tuned,9,both_aligned,480,0.3858520900321543,0.9947604265,0.750641625,0.9620462425560417,0.7379351859166667,0.2182946892,0.237660380389375,-0.2129759407499999
mixed,deberta-hate-tuned,9,aligned_output_misaligned_latent,393,0.3159163987138264,0.994400525,0.3098307999999999,0.9589019154610688,0.3079000984223918,0.6549875700000001,0.6510018170386768,-0.6549875700000001
mixed,deberta-hate-tuned,9,misaligned_output_aligned_latent,198,0.1591639871382636,0.0271305505,0.72467455,0.0838654840964646,0.7306148766666667,0.655833763,0.646749392570202,0.655833763
mixed,deberta-hate-tuned,9,both_misaligned,173,0.1390675241157556,0.009400743,0.31929255,0.0415866177919075,0.2934708646820809,0.27251892,0.2584429892023122,0.2705700379999999
mixed,deberta-hate-tuned,10,both_aligned,497,0.3995176848874598,0.9943361725,0.62347937,0.9564110299875253,0.640092974386318,0.33140999,0.3219932653396378,-0.33140999
mixed,deberta-hate-tuned,10,aligned_output_misaligned_latent,376,0.3022508038585209,0.9950485698,0.381859635,0.9662084236683512,0.3716138828989362,0.5907741388000001,0.5945945407694149,-0.5907741388000001
mixed,deberta-hate-tuned,10,misaligned_output_aligned_latent,217,0.1744372990353697,0.015810851,0.6597722,0.0691859957838709,0.6579047560829493,0.598255131,0.5887187602990783,0.598255131
mixed,deberta-hate-tuned,10,both_misaligned,154,0.1237942122186495,0.0122897685,0.27987732,0.0570551275584415,0.323771388051948,0.2520698732499999,0.2809419752987013,0.2520698732499999
mixed,deberta-hate-tuned,11,both_aligned,553,0.4445337620578778,0.995396821,0.58223015,0.9684185390287522,0.5918302826401447,0.4100922757999999,0.3822421561716094,-0.4100922757999999
mixed,deberta-hate-tuned,11,aligned_output_misaligned_latent,320,0.2572347266881029,0.9913488765,0.42089206,0.947172491000625,0.4134009085,0.5457369205,0.5337715825006251,-0.5457369205
mixed,deberta-hate-tuned,11,misaligned_output_aligned_latent,191,0.1535369774919614,0.023887474,0.63794565,0.0782687262890052,0.6522163595287959,0.5744734,0.5739476332397906,0.5744734
mixed,deberta-hate-tuned,11,both_misaligned,180,0.1446945337620578,0.0096909139999999,0.41869396,0.0491695778216666,0.4289663082222222,0.3996619071,0.3814014950672222,0.3996619071
mixed,deberta-hate-tuned,12,both_aligned,458,0.3681672025723472,0.9943415143,0.58354448,0.961054420378821,0.5842653794541485,0.39776167635,0.3783561032827511,-0.39776167635
mixed,deberta-hate-tuned,12,aligned_output_misaligned_latent,415,0.3336012861736334,0.9950461676,0.4113542999999999,0.9601631919749396,0.4029924331807228,0.5655253176,0.5571707587942168,-0.5655253176
mixed,deberta-hate-tuned,12,misaligned_output_aligned_latent,234,0.1881028938906752,0.0116342345,0.58404994,0.0572847215089743,0.5923723720940172,0.5462223965,0.5350876505850428,0.5462223965
mixed,deberta-hate-tuned,12,both_misaligned,137,0.110128617363344,0.020333417,0.4242278,0.0758775612846715,0.4182717337226277,0.371420136,0.3485256052846715,0.371420136
mixed,deberta-hate-tuned,13,both_aligned,578,0.4646302250803859,0.9953946742,0.549867525,0.9618997193259516,0.5530762143252596,0.433378647,0.4101394020249135,-0.433378647
mixed,deberta-hate-tuned,13,aligned_output_misaligned_latent,295,0.2371382636655948,0.9926386774,0.4582926,0.9581444455345762,0.4548509271525423,0.522730241,0.5032935183820338,-0.522730241
mixed,deberta-hate-tuned,13,misaligned_output_aligned_latent,219,0.1760450160771704,0.027219474,0.5628058,0.0849521224748858,0.5696305458447488,0.5164833719999999,0.484678423369863,0.5164833719999999
mixed,deberta-hate-tuned,13,both_misaligned,152,0.1221864951768488,0.008138844,0.4602341,0.0341798414940789,0.456822253618421,0.4398373475,0.422642412124342,0.4398373475
mixed,deberta-hate-tuned,14,both_aligned,530,0.4260450160771704,0.99392267385,0.67710942,0.957658097171698,0.6723111163773585,0.292888161,0.2928435298509434,-0.292888161
mixed,deberta-hate-tuned,14,aligned_output_misaligned_latent,343,0.2757234726688103,0.9954477255,0.3660508,0.965224074933236,0.3564101734985423,0.6115708528,0.6088139014346939,-0.6115708528
mixed,deberta-hate-tuned,14,misaligned_output_aligned_latent,272,0.2186495176848874,0.01261200375,0.64526455,0.062035714205147,0.6583300919117647,0.6056952405,0.5962943777066176,0.6056952405
mixed,deberta-hate-tuned,14,both_misaligned,99,0.0795819935691318,0.018898815,0.36480683,0.0699609743969697,0.3692793331313131,0.3252937,0.309375119340404,0.3252937
mixed,deberta-hate-tuned,15,both_aligned,521,0.4188102893890675,0.995368794,0.57328343,0.9651785796295586,0.5838727109404991,0.4198141099999999,0.3852967435067178,-0.4198141099999999
mixed,deberta-hate-tuned,15,aligned_output_misaligned_latent,352,0.2829581993569132,0.993009214,0.43672463,0.9538994580002842,0.4303974465909091,0.5419259615,0.523502011409375,-0.5419259615
mixed,deberta-hate-tuned,15,misaligned_output_aligned_latent,190,0.1527331189710611,0.0155757165,0.6391903750000001,0.0688218172963158,0.6315792446842106,0.58652381475,0.5627574273878947,0.58652381475
mixed,deberta-hate-tuned,15,both_misaligned,181,0.1454983922829582,0.012290442,0.44140625,0.059246991396685,0.4456834513812155,0.421513225,0.3878306777745856,0.421513225
mixed,deberta-hate-tuned,16,both_aligned,545,0.4381028938906752,0.995343144,0.6551916600000001,0.96388981925578,0.6712331467522936,0.3334598270000001,0.3096146606135779,-0.3333644207
mixed,deberta-hate-tuned,16,aligned_output_misaligned_latent,328,0.2636655948553054,0.9930826203,0.37612137,0.955215541794817,0.3760764410975609,0.589257803,0.579139100697256,-0.589257803
mixed,deberta-hate-tuned,16,misaligned_output_aligned_latent,230,0.1848874598070739,0.0232197229999999,0.77192797,0.0726527008973913,0.7304498765217392,0.69062974125,0.6577971756243478,0.69062974125
mixed,deberta-hate-tuned,16,both_misaligned,141,0.1133440514469453,0.009400743,0.39838845,0.050281769664539,0.3976393574468085,0.3706803569999999,0.3504798846617021,0.3706803569999999
mixed,deberta-hate-tuned,17,both_aligned,668,0.5369774919614148,0.9953488514,0.60477751,0.9653416185194612,0.6106237303742514,0.3828250649999999,0.3608284129655689,-0.3828250649999999
mixed,deberta-hate-tuned,17,aligned_output_misaligned_latent,205,0.1647909967845659,0.99036855,0.4350474,0.9452802343029268,0.4326620980487805,0.53544782,0.5126181362541463,-0.53544782
mixed,deberta-hate-tuned,17,misaligned_output_aligned_latent,247,0.1985530546623794,0.025590658,0.6474683,0.0778402419813765,0.6470272166801619,0.593089808,0.5691869746987854,0.593089808
mixed,deberta-hate-tuned,17,both_misaligned,124,0.0996784565916398,0.0073021851,0.4346560849999999,0.0368815399975806,0.4275290770967742,0.4078128557,0.3917839924217741,0.4078128557
mixed,deberta-hate-tuned,18,both_aligned,745,0.5988745980707395,0.995067805,0.5835376400000001,0.9655567408464428,0.5879343863355705,0.407031998,0.3811794179739597,-0.407031998
mixed,deberta-hate-tuned,18,aligned_output_misaligned_latent,128,0.1028938906752411,0.9862707275,0.45674313,0.9319599786914062,0.45454426765625,0.511007335,0.4774157110351562,-0.511007335
mixed,deberta-hate-tuned,18,misaligned_output_aligned_latent,254,0.2041800643086816,0.019710461,0.629744965,0.0682843560570866,0.6247682850393701,0.57422412,0.5564839289822835,0.57422412
mixed,deberta-hate-tuned,18,both_misaligned,117,0.0940514469453376,0.009400743,0.4498824,0.0551762759880341,0.4481619476068376,0.415935424,0.3940493058068376,0.415935424
mixed,deberta-hate-tuned,19,both_aligned,588,0.472668810289389,0.9953849233,0.79986519,0.9658254065511904,0.7869121809693878,0.1995985706499999,0.2189517299695578,-0.1883359511999999
mixed,deberta-hate-tuned,19,aligned_output_misaligned_latent,285,0.2290996784565916,0.991723642,0.20515037,0.9499133689508772,0.2221079599298245,0.7591609899999999,0.7278054090210526,-0.7591609899999999
mixed,deberta-hate-tuned,19,misaligned_output_aligned_latent,205,0.1647909967845659,0.020677984,0.9645237,0.0759217407043902,0.9072197786829268,0.8972785714,0.8312980379785365,0.8972785714
mixed,deberta-hate-tuned,19,both_misaligned,166,0.1334405144694533,0.0106927615,0.31597942,0.0496138185825301,0.3201945701807229,0.2794834065,0.2803817366584337,0.2794834065
mixed,deberta-hate-tuned,20,both_aligned,865,0.6953376205787781,0.9946552636,0.875505924,0.9610977788710984,0.8553121328947977,0.1245009799999999,0.1457488183,-0.1113037523
mixed,deberta-hate-tuned,20,aligned_output_misaligned_latent,8,0.0064308681672025,0.96646065,0.478651705,0.91013380995,0.42706682875,0.479475085,0.4830669812,-0.479475085
mixed,deberta-hate-tuned,20,misaligned_output_aligned_latent,321,0.2580385852090032,0.019445753,0.94548666,0.0707530070165109,0.885161371588785,0.8664944400000001,0.8144083645722742,0.8664944400000001
mixed,deberta-hate-tuned,20,both_misaligned,50,0.040192926045016,0.0048455857,0.361388065,0.021762709536,0.3473675076,0.3363602722,0.3256047980639999,0.3363602722
mixed,deberta-hate-tuned,21,both_aligned,867,0.6969453376205788,0.994647131,0.84995157,0.9610928848507496,0.8406557187543253,0.148234207,0.1601396439510957,-0.136011914
mixed,deberta-hate-tuned,21,aligned_output_misaligned_latent,6,0.0048231511254019,0.9933998835,0.44607005,0.89385300625,0.4145970766666667,0.51997811525,0.4792559295833333,-0.51997811525
mixed,deberta-hate-tuned,21,misaligned_output_aligned_latent,319,0.2564308681672025,0.018898815,0.93678236,0.0715948337338558,0.879544480815047,0.855347267,0.8079496470811912,0.855347267
mixed,deberta-hate-tuned,21,both_misaligned,52,0.0418006430868167,0.0049151131,0.35918159,0.0184826686153846,0.3503706292307692,0.35319470585,0.3318879606153846,0.35319470585
mixed,deberta-hate-tuned,22,both_aligned,830,0.6672025723472669,0.99487283925,0.835193625,0.9638018691242168,0.8268809992879518,0.161959912,0.1743442798121686,-0.1544649571
mixed,deberta-hate-tuned,22,aligned_output_misaligned_latent,43,0.0345659163987138,0.97567195,0.45572102,0.8994208797674418,0.4272838055813953,0.51390731,0.4721370741860465,-0.51390731
mixed,deberta-hate-tuned,22,misaligned_output_aligned_latent,286,0.2299035369774919,0.020620984,0.935320485,0.073297107862937,0.8774044713986014,0.8645953555,0.8041073635356644,0.8645953555
mixed,deberta-hate-tuned,22,both_misaligned,85,0.0683279742765273,0.0063488167,0.32073355,0.0333750338858823,0.3305373409411765,0.289175504,0.2982567037611764,0.289175504
mixed,deberta-hate-tuned,23,both_aligned,813,0.6535369774919614,0.9949090867,0.79341936,0.9626024541667896,0.7928127338696188,0.2027223999999999,0.2081346548851168,-0.194873244
mixed,deberta-hate-tuned,23,aligned_output_misaligned_latent,60,0.0482315112540192,0.9822054,0.419358075,0.9339142327583332,0.3926740906666666,0.5488321270000001,0.5412401420916667,-0.5488321270000001
mixed,deberta-hate-tuned,23,misaligned_output_aligned_latent,294,0.2363344051446945,0.019710461,0.93737504,0.0731199987986394,0.8738412836734695,0.8664587960000001,0.80072128487483,0.8664587960000001
mixed,deberta-hate-tuned,23,both_misaligned,77,0.0618971061093247,0.0060069496,0.36199242,0.0299035205493506,0.3532940701298701,0.3330544602999999,0.3233905495805195,0.3330544602999999
mixed,deberta-hate-tuned,24,both_aligned,817,0.6567524115755627,0.9948998285,0.7468252200000001,0.9629417936357404,0.7643793921603427,0.2493121759999998,0.2384187568119951,-0.2438038396
mixed,deberta-hate-tuned,24,aligned_output_misaligned_latent,56,0.045016077170418,0.98249235,0.396819715,0.9269143536196428,0.3466096216071428,0.56527775,0.5803047320125,-0.56527775
mixed,deberta-hate-tuned,24,misaligned_output_aligned_latent,287,0.2307073954983922,0.018898815,0.9244712,0.0695815564522648,0.8600075340069686,0.8392888140000001,0.7904259775547038,0.8392888140000001
mixed,deberta-hate-tuned,24,both_misaligned,84,0.067524115755627,0.0068295482499999,0.357105435,0.0455945717535714,0.366692095,0.3471151205,0.3235746941988095,0.3471151205
mixed,gemma-2-2b,0,both_aligned,616,0.495176848874598,0.57580656,0.5,0.5769500542857143,0.5,0.0758065599999999,0.0769500542857142,-0.0758065599999999
mixed,gemma-2-2b,0,aligned_output_misaligned_latent,0,0.0,,,,,,,
mixed,gemma-2-2b,0,misaligned_output_aligned_latent,628,0.5048231511254019,0.4162941149999999,0.5,0.4167520095859873,0.5,0.083705885,0.0832479904140127,0.083705885
mixed,gemma-2-2b,0,both_misaligned,0,0.0,,,,,,,
mixed,gemma-2-2b,1,both_aligned,422,0.3392282958199357,0.578026505,0.7443220500000001,0.5796293733175355,0.7396255684644549,0.15789342,0.1716880523033175,0.15789342
mixed,gemma-2-2b,1,aligned_output_misaligned_latent,194,0.1559485530546623,0.56980425,0.16865628,0.5711218448453608,0.2031237581943299,0.396305295,0.3679980866510309,-0.396305295
mixed,gemma-2-2b,1,misaligned_output_aligned_latent,329,0.2644694533762058,0.4194997499999999,0.7383713700000001,0.4200235053799392,0.7485558434528875,0.3223535399999999,0.3285323380729483,0.3223535399999999
mixed,gemma-2-2b,1,both_misaligned,299,0.2403536977491961,0.41317654,0.32392323,0.4131522700668896,0.312695988812709,0.1037459299999999,0.1292510300167224,-0.09033751
mixed,gemma-2-2b,2,both_aligned,407,0.3271704180064309,0.5770923,0.8957837,0.5777674420638821,0.857361334990172,0.3074087,0.2829845065380835,0.3074087
mixed,gemma-2-2b,2,aligned_output_misaligned_latent,209,0.1680064308681672,0.57154244,0.10613525,0.5753582991387559,0.1539101139066985,0.458435477,0.4214481852320574,-0.458435477
mixed,gemma-2-2b,2,misaligned_output_aligned_latent,386,0.3102893890675241,0.414925515,0.91877875,0.4166347706735752,0.8622464078831605,0.486168852,0.4456116372095855,0.486168852
mixed,gemma-2-2b,2,both_misaligned,242,0.1945337620578778,0.41715297,0.14917865,0.4169390104958677,0.19224334453719,0.2702372349999999,0.2400690020743801,-0.2702372349999999
mixed,gemma-2-2b,3,both_aligned,421,0.3384244372990354,0.5780444,0.9606493,0.5778363004038005,0.903011128995012,0.36000252,0.327235252724228,0.36000252
mixed,gemma-2-2b,3,aligned_output_misaligned_latent,195,0.1567524115755627,0.5710178,0.03809178,0.5750366716410257,0.0967020936809179,0.508278835,0.4783345779601076,-0.508278835
mixed,gemma-2-2b,3,misaligned_output_aligned_latent,364,0.292604501607717,0.4162009949999999,0.973185241,0.4173303876648352,0.9230330043891756,0.5359752566,0.5057026167243405,0.5359752566
mixed,gemma-2-2b,3,both_misaligned,264,0.2122186495176848,0.41634788,0.1030704,0.4159545489015151,0.1546667933257575,0.29984032,0.2692315495151515,-0.29984032
mixed,gemma-2-2b,4,both_aligned,432,0.3472668810289389,0.576238085,0.96310807,0.5771274415277778,0.899313984869051,0.37271768,0.3255587903320138,0.37271768
mixed,gemma-2-2b,4,aligned_output_misaligned_latent,184,0.1479099678456591,0.5746587000000001,0.06947188,0.5765335798913044,0.1144489176800434,0.4919044704999999,0.4620846622112609,-0.4919044704999999
mixed,gemma-2-2b,4,misaligned_output_aligned_latent,387,0.3110932475884244,0.4139762999999999,0.97636557,0.4171231801808785,0.9223867601034496,0.5420329684,0.5052635799225711,0.5420329684
mixed,gemma-2-2b,4,both_misaligned,241,0.1937299035369775,0.4186634999999999,0.1115319999999999,0.4161559804564315,0.1482175206406639,0.3106979999999999,0.2792685606456431,-0.3106979999999999
mixed,gemma-2-2b,5,both_aligned,432,0.3472668810289389,0.5768760799999999,0.96491548,0.5777237220601852,0.9058084208714676,0.37639428,0.3305189719131342,0.37639428
mixed,gemma-2-2b,5,aligned_output_misaligned_latent,184,0.1479099678456591,0.5714228450000001,0.055146846,0.5751336169021739,0.1060099229152206,0.50953755,0.4691236939869533,-0.50953755
mixed,gemma-2-2b,5,misaligned_output_aligned_latent,371,0.2982315112540193,0.41529757,0.975375907,0.4169460333962264,0.925385313114006,0.541648315,0.5084392797177796,0.541648315
mixed,gemma-2-2b,5,both_misaligned,257,0.2065916398713826,0.41714764,0.097014,0.4164719207392996,0.157308785,0.31219191,0.2702134016536965,-0.31219191
mixed,gemma-2-2b,6,both_aligned,478,0.3842443729903537,0.5752130799999999,0.97811685,0.5770679475313808,0.9590431629358368,0.39435032,0.3822282608437866,0.39435032
mixed,gemma-2-2b,6,aligned_output_misaligned_latent,138,0.1109324758842443,0.5785178550000001,0.0113448865,0.5765416994202899,0.0409430396221014,0.5557746004999999,0.5355986597981884,-0.5557746004999999
mixed,gemma-2-2b,6,misaligned_output_aligned_latent,348,0.2797427652733119,0.41808845,0.9985463941,0.4190075152586207,0.9718107275661,0.5679720943,0.5528032123074793,0.5679720943
mixed,gemma-2-2b,6,both_misaligned,280,0.22508038585209,0.41311246,0.0190489799999999,0.41394873825,0.0465928481071428,0.3820483999999999,0.3689616390714285,-0.3820483999999999
mixed,gemma-2-2b,7,both_aligned,482,0.387459807073955,0.5752130799999999,0.97379619,0.5770223530497925,0.9545644996380498,0.390573605,0.3779972066712448,0.390573605
mixed,gemma-2-2b,7,aligned_output_misaligned_latent,134,0.107717041800643,0.5774124350000001,0.0196984795,0.5766899945522388,0.0471715216544253,0.5471278820000001,0.5295184728978135,-0.5471278820000001
mixed,gemma-2-2b,7,misaligned_output_aligned_latent,348,0.2797427652733119,0.419297875,0.9982383113,0.4194052109770114,0.9679927019209882,0.5663656372720001,0.5485874909439767,0.5663656372720001
mixed,gemma-2-2b,7,both_misaligned,280,0.22508038585209,0.412464275,0.030258885,0.4134544592857143,0.0552172332142857,0.378648505,0.3603178765,-0.378648505
mixed,gemma-2-2b,8,both_aligned,477,0.3834405144694534,0.5748377,0.9851751,0.5768833400838574,0.970079638067023,0.4025310299999999,0.3931962979831656,0.4025310299999999
mixed,gemma-2-2b,8,aligned_output_misaligned_latent,139,0.1117363344051446,0.57796997,0.00648373,0.5771789943884892,0.0311210247644604,0.558975128,0.5460579696240287,-0.558975128
mixed,gemma-2-2b,8,misaligned_output_aligned_latent,344,0.2765273311897106,0.41855695,0.999737769365,0.4189655978488372,0.9774676154661376,0.568660584135,0.5585020176173002,0.568660584135
mixed,gemma-2-2b,8,both_misaligned,284,0.2282958199356913,0.412861855,0.016281575,0.4140707618309859,0.0483225339401408,0.386397325,0.3679660712007042,-0.386397325
mixed,gemma-2-2b,9,both_aligned,478,0.3842443729903537,0.57482535,0.98855582,0.5767771281799163,0.9738246902470628,0.4050776,0.3970475620671464,0.4050776
mixed,gemma-2-2b,9,aligned_output_misaligned_latent,138,0.1109324758842443,0.5785178550000001,0.0075882672,0.5775490302173913,0.0293063856873188,0.562190854,0.5482426445300724,-0.562190854
mixed,gemma-2-2b,9,misaligned_output_aligned_latent,349,0.2805466237942122,0.41724825,0.9997421503,0.4184108242979942,0.9773444792860416,0.569760027,0.5589336549880475,0.569760027
mixed,gemma-2-2b,9,both_misaligned,279,0.2242765273311897,0.413801,0.0188344,0.4146770048028674,0.0444823545878136,0.38675362,0.3707100033333333,-0.38675362
mixed,gemma-2-2b,10,both_aligned,475,0.3818327974276527,0.5746666,0.98929423,0.5766284605684211,0.9718808967994864,0.4053192,0.3952524362310652,0.4053192
mixed,gemma-2-2b,10,aligned_output_misaligned_latent,141,0.1133440514469453,0.5801077,0.01123631,0.5780334373758865,0.0342732630982269,0.555240425,0.5437601742776595,-0.555240425
mixed,gemma-2-2b,10,misaligned_output_aligned_latent,359,0.2885852090032154,0.41714764,0.99971097708,0.4179470923119777,0.977588632733802,0.568114718474,0.5596415404218242,0.568114718474
mixed,gemma-2-2b,10,both_misaligned,269,0.2162379421221865,0.4148456,0.0193847,0.4151570850557621,0.0456458169962825,0.38773328,0.3716418146765799,-0.38773328
mixed,gemma-2-2b,11,both_aligned,473,0.380225080385852,0.5746666,0.9895638,0.5766098352219873,0.9723611863706132,0.40590276,0.3958346938970402,0.40590276
mixed,gemma-2-2b,11,aligned_output_misaligned_latent,143,0.1149517684887459,0.57906574,0.0137525685,0.5780753942657342,0.039456053987972,0.5511840471,0.5386193402777623,-0.5511840471
mixed,gemma-2-2b,11,misaligned_output_aligned_latent,357,0.2869774919614148,0.41724825,0.99969247254,0.4187146356302521,0.9753668545651952,0.568098435106,0.5566522189349432,0.568098435106
mixed,gemma-2-2b,11,both_misaligned,271,0.2178456591639871,0.41329026,0.0142111999999999,0.4141665575645756,0.0458659041180811,0.3849669999999999,0.3706118479114391,-0.3849669999999999
mixed,gemma-2-2b,12,both_aligned,477,0.3834405144694534,0.574813,0.99244475,0.5766624496436059,0.9776566446469818,0.4089058599999999,0.4013307132423696,0.4089058599999999
mixed,gemma-2-2b,12,aligned_output_misaligned_latent,139,0.1117363344051446,0.5801077,0.015150132,0.5779370141007194,0.0462789324549208,0.5482164877000001,0.5316580816457985,-0.5482164877000001
mixed,gemma-2-2b,12,misaligned_output_aligned_latent,353,0.2837620578778135,0.41724825,0.9997100581,0.4186436759773371,0.9712468311792578,0.56751510558,0.5526031552019208,0.56751510558
mixed,gemma-2-2b,12,both_misaligned,275,0.2210610932475884,0.413801,0.0109034999999999,0.4143237978181818,0.0340948253527272,0.3927112,0.3808213186472727,-0.3927112
mixed,gemma-2-2b,13,both_aligned,474,0.3810289389067524,0.5747398,0.990772925,0.5768566627426159,0.9748653862953024,0.408773595,0.3980087235526863,0.408773595
mixed,gemma-2-2b,13,aligned_output_misaligned_latent,142,0.1141479099678456,0.57920007,0.0189355615,0.5772617978873239,0.049322465659669,0.5437256930000001,0.5279393322276549,-0.5437256930000001
mixed,gemma-2-2b,13,misaligned_output_aligned_latent,356,0.2861736334405145,0.41709777,0.999826431275,0.4179470409550561,0.974029278903364,0.5679941301,0.5560822379483078,0.5679941301
mixed,gemma-2-2b,13,both_misaligned,272,0.2186495176848874,0.415071585,0.0137212549999999,0.4151879244117647,0.0366247899705882,0.3892833649999999,0.3792958881176471,-0.3892833649999999
mixed,gemma-2-2b,14,both_aligned,473,0.380225080385852,0.5746666,0.9899212,0.5768592334883721,0.9715848851110956,0.4075938999999999,0.3949286461258947,0.4075938999999999
mixed,gemma-2-2b,14,aligned_output_misaligned_latent,143,0.1149517684887459,0.57906574,0.031975128,0.5772504615384616,0.0585478632680419,0.534352164,0.5187025982704195,-0.534352164
mixed,gemma-2-2b,14,misaligned_output_aligned_latent,361,0.290192926045016,0.41714764,0.99958968227,0.4180880027977839,0.969499805228808,0.5671838849,0.5514118024310238,0.5671838849
mixed,gemma-2-2b,14,both_misaligned,267,0.2146302250803858,0.4143696999999999,0.0157483999999999,0.4149456667041198,0.0397407794868913,0.38687486,0.3764475763558053,-0.38687486
mixed,gemma-2-2b,15,both_aligned,474,0.3810289389067524,0.5747398,0.989511085,0.5769054362025317,0.9715185271074684,0.405162945,0.3946130909049367,0.405162945
mixed,gemma-2-2b,15,aligned_output_misaligned_latent,142,0.1141479099678456,0.5785178550000001,0.0329896214999999,0.5770989907042253,0.0613996373459155,0.5321863195,0.5156993533583099,-0.5321863195
mixed,gemma-2-2b,15,misaligned_output_aligned_latent,365,0.2934083601286174,0.4170479,0.99951410294,0.4178575330684931,0.9736984603841904,0.5672528765,0.5558409273156972,0.5672528765
mixed,gemma-2-2b,15,both_misaligned,263,0.2114147909967845,0.4148456,0.0245231999999999,0.4152177279467681,0.0459089534980988,0.3805821499999999,0.3697420330038022,-0.3805821499999999
mixed,gemma-2-2b,16,both_aligned,473,0.380225080385852,0.5745044,0.9860561,0.5767420123890064,0.9668521756296744,0.4033070399999999,0.3901101632406681,0.4033070399999999
mixed,gemma-2-2b,16,aligned_output_misaligned_latent,143,0.1149517684887459,0.5793344,0.031075716,0.5776381928671329,0.0630204338183916,0.53191359,0.5146177590487413,-0.53191359
mixed,gemma-2-2b,16,misaligned_output_aligned_latent,367,0.295016077170418,0.4170479,0.9991825819,0.4180488679019073,0.9722582012807642,0.5661223969000001,0.5542093333788569,0.5661223969000001
mixed,gemma-2-2b,16,both_misaligned,261,0.2098070739549839,0.4148456,0.0260941399999999,0.4149284578544061,0.0510855282911877,0.3743672,0.3645236219770115,-0.3743672
mixed,gemma-2-2b,17,both_aligned,522,0.4196141479099678,0.5734918,0.996515865,0.5751867058812261,0.9570649144545976,0.407729045,0.382596114512069,0.407729045
mixed,gemma-2-2b,17,aligned_output_misaligned_latent,94,0.0755627009646302,0.5957834,0.0548725485,0.5867422656382979,0.0917044778255319,0.5259421049999999,0.4950377878127659,-0.5259421049999999
mixed,gemma-2-2b,17,misaligned_output_aligned_latent,583,0.4686495176848874,0.4139597,0.994596529,0.4149742861234991,0.977771773977904,0.5682047400000001,0.5627974878544048,0.5682047400000001
mixed,gemma-2-2b,17,both_misaligned,45,0.0361736334405144,0.4421946399999999,0.1255298,0.4397834046666666,0.1586870686888888,0.31304346,0.2810963359777778,-0.31304346
mixed,gemma-2-2b,18,both_aligned,520,0.4180064308681672,0.5730005,0.994469415,0.5747503659038462,0.9557315723505768,0.40738313,0.3809812064467308,0.40738313
mixed,gemma-2-2b,18,aligned_output_misaligned_latent,96,0.0771704180064308,0.5977027699999999,0.0451546015,0.5888650330208333,0.0884599020401041,0.5383385519999999,0.5004051309807291,-0.5383385519999999
mixed,gemma-2-2b,18,misaligned_output_aligned_latent,577,0.4638263665594855,0.413801,0.9943344593,0.4148129641247833,0.9791827256221596,0.5693559033,0.564369761497376,0.5693559033
mixed,gemma-2-2b,18,both_misaligned,51,0.0409967845659164,0.4422831499999999,0.11974704,0.4386898376470589,0.1565915870980392,0.30471566,0.283219398,-0.30471566
mixed,gemma-2-2b,19,both_aligned,520,0.4180064308681672,0.5730504000000001,0.994149882,0.574881375,0.9530358992146154,0.4078240999999999,0.37837993833,0.4078240999999999
mixed,gemma-2-2b,19,aligned_output_misaligned_latent,96,0.0771704180064308,0.5971132699999999,0.051109825,0.5881554004166667,0.0926495564666666,0.5320854925,0.4955058439499999,-0.5320854925
mixed,gemma-2-2b,19,misaligned_output_aligned_latent,575,0.4622186495176849,0.4138958,0.9938390907,0.4149334714956522,0.9752533454478592,0.567316739,0.560319873952207,0.567316739
mixed,gemma-2-2b,19,both_misaligned,53,0.042604501607717,0.4421946399999999,0.13369524,0.4364814322641509,0.143764779490566,0.3115789,0.2927166527735849,-0.3115789
mixed,gemma-2-2b,20,both_aligned,522,0.4196141479099678,0.5730504000000001,0.9941232,0.5750119475670499,0.9534965759314176,0.4085042,0.3795538389007662,0.4085042
mixed,gemma-2-2b,20,aligned_output_misaligned_latent,94,0.0755627009646302,0.5971132699999999,0.051044315,0.5877127320212766,0.0920629151117021,0.5342684468,0.4956498169095745,-0.5342684468
mixed,gemma-2-2b,20,misaligned_output_aligned_latent,574,0.4614147909967845,0.41392775,0.99357035755,0.4150290308536585,0.9741739968597666,0.5676958661,0.559144966006108,0.5676958661
mixed,gemma-2-2b,20,both_misaligned,54,0.0434083601286173,0.44098297,0.12400112,0.4350666353703704,0.1456897577962962,0.307323275,0.2893768775740741,-0.307323275
mixed,gemma-2-2b,21,both_aligned,516,0.4147909967845659,0.5730005,0.9942083,0.574615575251938,0.953114168900969,0.408274285,0.3794175804319767,0.408274285
mixed,gemma-2-2b,21,aligned_output_misaligned_latent,100,0.0803858520900321,0.5971132699999999,0.05442331,0.5889959661,0.0950005521392,0.5182303134999999,0.4939954139608,-0.5182303134999999
mixed,gemma-2-2b,21,misaligned_output_aligned_latent,585,0.4702572347266881,0.4139762999999999,0.991050692,0.4150579502905983,0.968102362316988,0.563026964,0.5530444120263898,0.563026964
mixed,gemma-2-2b,21,both_misaligned,43,0.0345659163987138,0.4422831499999999,0.12641203,0.4397990953488372,0.1664218638604651,0.30617517,0.2757786789302325,-0.30617517
mixed,gemma-2-2b,22,both_aligned,516,0.4147909967845659,0.5730005,0.992623015,0.5748147087984495,0.9513567933643412,0.40779397,0.3770373108062015,0.40779397
mixed,gemma-2-2b,22,aligned_output_misaligned_latent,100,0.0803858520900321,0.5971132699999999,0.0597427799999999,0.587968437,0.1001888607679,0.5237485225,0.4877795762321,-0.5237485225
mixed,gemma-2-2b,22,misaligned_output_aligned_latent,582,0.4678456591639871,0.413968,0.991278678,0.4150969132130584,0.9712877455684726,0.5650782963000001,0.5561908323554141,0.5650782963000001
mixed,gemma-2-2b,22,both_misaligned,46,0.0369774919614147,0.44098297,0.1829602699999999,0.4376925767391305,0.1754793637173912,0.256737925,0.2622132130217391,-0.256737925
mixed,gemma-2-2b,23,both_aligned,513,0.4123794212218649,0.5731003,0.99330926,0.5748328292397661,0.9522064308499024,0.407215,0.3778937526042885,0.407215
mixed,gemma-2-2b,23,aligned_output_misaligned_latent,103,0.0827974276527331,0.5948013,0.0725801,0.5874950683495146,0.1122612548514563,0.522615256,0.4752338134980582,-0.522615256
mixed,gemma-2-2b,23,misaligned_output_aligned_latent,574,0.4614147909967845,0.41392775,0.98967113425,0.4150020451916376,0.9682764901073692,0.561871223,0.5532744449157316,0.561871223
mixed,gemma-2-2b,23,both_misaligned,54,0.0434083601286173,0.44098297,0.13311371,0.435353482962963,0.1591966509629629,0.30935868,0.2849783245925926,-0.30935868
mixed,gemma-2-2b,24,both_aligned,519,0.4172025723472669,0.5731003,0.9908639,0.5750645888824663,0.9544197434244702,0.40805035,0.3797181735015414,0.40805035
mixed,gemma-2-2b,24,aligned_output_misaligned_latent,97,0.0779742765273311,0.5948013,0.07667452,0.5870382660824742,0.1085981713924742,0.5034525999999999,0.47844009469,-0.5034525999999999
mixed,gemma-2-2b,24,misaligned_output_aligned_latent,575,0.4622186495176849,0.413801,0.987195611,0.4147904786086956,0.9676357080432104,0.5618349499999999,0.5528452294345149,0.5618349499999999
mixed,gemma-2-2b,24,both_misaligned,53,0.042604501607717,0.4422831499999999,0.1460023,0.4380327701886792,0.1674005883018867,0.30074886,0.2755768739622641,-0.30074886
mixed,gemma-2-2b,25,both_aligned,502,0.4035369774919614,0.57330703,0.995212425,0.5750778064940238,0.9579799158276892,0.41048387,0.3833855064651394,0.41048387
mixed,gemma-2-2b,25,aligned_output_misaligned_latent,114,0.0916398713826366,0.5919606,0.055392772,0.585194513859649,0.1060840544471929,0.52209613,0.4791104594124561,-0.52209613
mixed,gemma-2-2b,25,misaligned_output_aligned_latent,580,0.4662379421221865,0.4145495,0.9901273895,0.4155736234310345,0.9684859435366449,0.56305239375,0.5529123201056103,0.56305239375
mixed,gemma-2-2b,25,both_misaligned,48,0.0385852090032154,0.437392725,0.121898,0.4309908422916667,0.14711533975,0.312937885,0.2864130962916666,-0.312937885
mixed,gemma-2-2b,26,both_aligned,511,0.4107717041800643,0.5734918,0.9923216,0.5749546531898239,0.9518413444105676,0.40859173,0.3775964172090019,0.40859173
mixed,gemma-2-2b,26,aligned_output_misaligned_latent,105,0.0844051446945337,0.59427303,0.0679813,0.5866610062857143,0.1075930016466666,0.5160104679999999,0.4790680046390476,-0.5160104679999999
mixed,gemma-2-2b,26,misaligned_output_aligned_latent,578,0.4646302250803859,0.4141729999999999,0.9876315295,0.4152379453114186,0.9640572294834774,0.5588747265,0.5488192841720588,0.5588747265
mixed,gemma-2-2b,26,both_misaligned,50,0.040192926045016,0.44098297,0.1366639399999999,0.4342545926,0.1702029831,0.2707935999999999,0.2698121815,-0.2707935999999999
mixed,gemma-2-2b-it,0,both_aligned,622,0.5,0.99954635,0.5,0.9992400558038586,0.5,0.49954635,0.4992400558038585,-0.49954635
mixed,gemma-2-2b-it,0,aligned_output_misaligned_latent,0,0.0,,,,,,,
mixed,gemma-2-2b-it,0,misaligned_output_aligned_latent,622,0.5,0.00175828,0.5,0.002553448118971,0.5,0.49824172,0.497446551881029,0.49824172
mixed,gemma-2-2b-it,0,both_misaligned,0,0.0,,,,,,,
mixed,gemma-2-2b-it,1,both_aligned,358,0.2877813504823151,0.999527935,0.702096405,0.9994211648882684,0.7030466608938548,0.297133815,0.2963745039944134,-0.297133815
mixed,gemma-2-2b-it,1,aligned_output_misaligned_latent,264,0.2122186495176848,0.99957556,0.305776,0.9989944609090908,0.2954464916931818,0.69360462,0.7035479692159091,-0.69360462
mixed,gemma-2-2b-it,1,misaligned_output_aligned_latent,345,0.2773311897106109,0.0015560999999999,0.68183416,0.0023552715072463,0.701613128289855,0.67875432,0.6992578567826087,0.67875432
mixed,gemma-2-2b-it,1,both_misaligned,277,0.222668810289389,0.0021234999999999,0.3401288999999999,0.0028002745848375,0.3249014896389891,0.3370276999999999,0.3221012150541516,0.3370276999999999
mixed,gemma-2-2b-it,2,both_aligned,394,0.3167202572347267,0.99954287,0.889634515,0.9994703496700508,0.8488819837563452,0.1098630549999999,0.1505883659137055,-0.1098630549999999
mixed,gemma-2-2b-it,2,aligned_output_misaligned_latent,228,0.1832797427652733,0.99955308,0.147568075,0.9988420918421052,0.1725474882921052,0.84763777,0.82629460355,-0.84763777
mixed,gemma-2-2b-it,2,misaligned_output_aligned_latent,379,0.3046623794212219,0.0019822,0.885890365,0.0028304152770448,0.8445126815097624,0.8829507249999999,0.8416822662327177,0.8829507249999999
mixed,gemma-2-2b-it,2,both_misaligned,243,0.1953376205787781,0.0015789,0.1738010599999999,0.0021214705349794,0.1966503058847736,0.1713879099999999,0.1945460504115226,0.1713879099999999
mixed,gemma-2-2b-it,3,both_aligned,424,0.3408360128617363,0.999554215,0.9617293,0.9994806107075472,0.9014327461084906,0.0379064,0.0980533738915094,-0.0379064
mixed,gemma-2-2b-it,3,aligned_output_misaligned_latent,198,0.1591639871382636,0.99952805,0.0525312315,0.9987249281313132,0.1188941791378788,0.94448283,0.8798307489934343,-0.94448283
mixed,gemma-2-2b-it,3,misaligned_output_aligned_latent,376,0.3022508038585209,0.0020603699999999,0.969114137,0.0028582561968085,0.90584506972902,0.9664162575,0.9029868135322114,0.9664162575
mixed,gemma-2-2b-it,3,both_misaligned,246,0.1977491961414791,0.00145845,0.0990324,0.002087562601626,0.1505111064227642,0.098205845,0.148533480406504,0.098205845
mixed,gemma-2-2b-it,4,both_aligned,425,0.3416398713826366,0.999549,0.97468424,0.9994776609411764,0.9168121172705882,0.0249331,0.0826936721411764,-0.0249331
mixed,gemma-2-2b-it,4,aligned_output_misaligned_latent,197,0.1583601286173633,0.9995357,0.038612008,0.9987274558883248,0.0934296294810101,0.95979074,0.9052978264073148,-0.95979074
mixed,gemma-2-2b-it,4,misaligned_output_aligned_latent,366,0.2942122186495177,0.0021426999999999,0.982784063,0.0029401316393442,0.9270886249782104,0.979296495,0.9241484933388662,0.979296495
mixed,gemma-2-2b-it,4,both_misaligned,256,0.2057877813504823,0.00146863,0.07567393,0.0020006115234374,0.1368373664453125,0.073769055,0.13508481234375,0.073769055
mixed,gemma-2-2b-it,5,both_aligned,435,0.3496784565916399,0.99955505,0.96428335,0.999482579632184,0.9079365032413792,0.03521728,0.0915558317011494,-0.03521728
mixed,gemma-2-2b-it,5,aligned_output_misaligned_latent,187,0.1503215434083601,0.9995229,0.06746128,0.9986758960962568,0.1150079580353422,0.93011291,0.8836679380609144,-0.93011291
mixed,gemma-2-2b-it,5,misaligned_output_aligned_latent,362,0.2909967845659164,0.002268775,0.9841344235,0.0030218418232044,0.9248186627558443,0.98090729475,0.92179682093264,0.98090729475
mixed,gemma-2-2b-it,5,both_misaligned,260,0.2090032154340836,0.0014128999999999,0.0915065099999999,0.0019012999615384,0.1449604500384615,0.08875094,0.1431751413846154,0.08875094
mixed,gemma-2-2b-it,6,both_aligned,485,0.3898713826366559,0.99954224,0.9843302,0.9991602056701032,0.9652800126391752,0.01510407,0.0343279764536082,-0.01492945
mixed,gemma-2-2b-it,6,aligned_output_misaligned_latent,137,0.110128617363344,0.99955684,0.007099358,0.9995227369343066,0.0361281808665912,0.992521082,0.9633945560677154,-0.992521082
mixed,gemma-2-2b-it,6,misaligned_output_aligned_latent,347,0.2789389067524115,0.0014115,0.99926247745,0.0017186589337175,0.9748575757924456,0.9973215758,0.973138916858728,0.9973215758
mixed,gemma-2-2b-it,6,both_misaligned,275,0.2210610932475884,0.0027861999999999,0.0157389,0.003606800290909,0.0358704081818181,0.0133430999999999,0.0326235298545454,0.0133430999999999
mixed,gemma-2-2b-it,7,both_aligned,491,0.3946945337620579,0.9995453,0.983444,0.9991683840936864,0.9656649927087576,0.0157537,0.0339164253564154,-0.01570925
mixed,gemma-2-2b-it,7,aligned_output_misaligned_latent,131,0.1053054662379421,0.99954766,0.009148569,0.9995086879389312,0.0336369287800763,0.990386391,0.965871759158855,-0.990386391
mixed,gemma-2-2b-it,7,misaligned_output_aligned_latent,339,0.272508038585209,0.0014115,0.9995259193,0.0017135485545722,0.9742727436760228,0.9975637094,0.9725591951214504,0.9975637094
mixed,gemma-2-2b-it,7,both_misaligned,283,0.227491961414791,0.0027302999999999,0.0208241,0.0035595468904593,0.0460192623321554,0.0172299,0.0427572642756183,0.0172299
mixed,gemma-2-2b-it,8,both_aligned,487,0.3914790996784565,0.99954224,0.98698395,0.9991611990759752,0.9714513931416836,0.0123381999999999,0.0281022730390143,-0.0122937499999999
mixed,gemma-2-2b-it,8,aligned_output_misaligned_latent,135,0.1085209003215434,0.99955684,0.003565669,0.9995245241481482,0.0221949529629481,0.995834529,0.9773295711852,-0.995834529
mixed,gemma-2-2b-it,8,misaligned_output_aligned_latent,337,0.2709003215434084,0.0014115999999999,0.999681592,0.0017262352225519,0.9788221495863568,0.9978188292,0.977095914363805,0.9978188292
mixed,gemma-2-2b-it,8,both_misaligned,285,0.2290996784565916,0.0026848999999999,0.0164039,0.0035315910877192,0.0420879184561403,0.01228887,0.0387604547368421,0.01228887
mixed,gemma-2-2b-it,9,both_aligned,491,0.3946945337620579,0.9995435,0.9904744,0.9991649508757636,0.9760011676985744,0.0089731,0.0235673055397148,-0.0089731
mixed,gemma-2-2b-it,9,aligned_output_misaligned_latent,131,0.1053054662379421,0.99955505,0.0069389124,0.9995215559541984,0.0263427762445038,0.992587549,0.9731787797096948,-0.992587549
mixed,gemma-2-2b-it,9,misaligned_output_aligned_latent,344,0.2765273311897106,0.0014118749999999,0.99984274522,0.001726790494186,0.9809462298456126,0.997956183009,0.9792194393514267,0.997956183009
mixed,gemma-2-2b-it,9,both_misaligned,278,0.2234726688102893,0.0027407499999999,0.016702715,0.003576362589928,0.0400160765467625,0.0139599749999999,0.0367110047482014,0.0139599749999999
mixed,gemma-2-2b-it,10,both_aligned,489,0.3930868167202572,0.9995435,0.99050033,0.9991644301635992,0.9757810615541922,0.0088718999999999,0.0237135139672801,-0.008668
mixed,gemma-2-2b-it,10,aligned_output_misaligned_latent,133,0.1069131832797427,0.99955505,0.007675767,0.9995181079699248,0.0257594818465714,0.991871893,0.9737586261233534,-0.991871893
mixed,gemma-2-2b-it,10,misaligned_output_aligned_latent,347,0.2789389067524115,0.0014142,0.99980038404,0.001736263573487,0.9815118779319676,0.9980151106,0.9797756143584808,0.9980151106
mixed,gemma-2-2b-it,10,both_misaligned,275,0.2210610932475884,0.0027511999999999,0.01631075,0.0035845864363636,0.0373984813090909,0.0119196599999999,0.0339951794545454,0.0119196599999999
mixed,gemma-2-2b-it,11,both_aligned,486,0.3906752411575562,0.99954287,0.989727735,0.9991621227777776,0.9745210838271604,0.00948211,0.0250031277572016,-0.0094580699999999
mixed,gemma-2-2b-it,11,aligned_output_misaligned_latent,136,0.1093247588424437,0.999555945,0.00756520025,0.9995185517647058,0.031798159736397,0.99204757675,0.9677203920283088,-0.99204757675
mixed,gemma-2-2b-it,11,misaligned_output_aligned_latent,346,0.2781350482315112,0.0014118749999999,0.999866992235,0.0017285168208092,0.9808566141349828,0.998083672911,0.9791280973141734,0.998083672911
mixed,gemma-2-2b-it,11,both_misaligned,276,0.2218649517684887,0.0027407499999999,0.011298565,0.0035876011231884,0.035259644347826,0.007741775,0.0324460798913043,0.007191445
mixed,gemma-2-2b-it,12,both_aligned,492,0.3954983922829582,0.99954415,0.98971505,0.9991674134349592,0.9761153920325204,0.0097295999999999,0.0234354272560975,-0.0096828499999999
mixed,gemma-2-2b-it,12,aligned_output_misaligned_latent,130,0.1045016077170418,0.99954965,0.013925374,0.9995149792307692,0.0387510056641923,0.985310126,0.960763973566577,-0.985310126
mixed,gemma-2-2b-it,12,misaligned_output_aligned_latent,345,0.2773311897106109,0.0014121499999999,0.9998010397,0.001731088173913,0.9800154671705914,0.9979434611,0.9782843789966784,0.9979434611
mixed,gemma-2-2b-it,12,both_misaligned,277,0.222668810289389,0.0027302999999999,0.0129966,0.0035776870397111,0.0342719650902527,0.0100827999999999,0.0311724232490974,0.0100827999999999
mixed,gemma-2-2b-it,13,both_aligned,570,0.4581993569131832,0.99955779,0.99702845,0.9994943595614036,0.9712820224736842,0.002502995,0.0283230317543859,-0.002502995
mixed,gemma-2-2b-it,13,aligned_output_misaligned_latent,52,0.0418006430868167,0.9991753,0.088985025,0.9964524953846152,0.1098583699057692,0.906059422,0.8865941254788462,-0.906059422
mixed,gemma-2-2b-it,13,misaligned_output_aligned_latent,617,0.4959807073954984,0.0017729399999999,0.9948916435,0.0025654150405186,0.9830202898917344,0.9917363115,0.9804548748512156,0.9917363115
mixed,gemma-2-2b-it,13,both_misaligned,5,0.0040192926045016,0.0012716699999999,0.25317407,0.0010767299999999,0.225714602,0.25232147,0.224637872,0.25232147
mixed,gemma-2-2b-it,14,both_aligned,588,0.472668810289389,0.99955499,0.99474168,0.9994907485714286,0.9780030017517006,0.00478585,0.0214967226360544,-0.00478585
mixed,gemma-2-2b-it,14,aligned_output_misaligned_latent,34,0.0273311897106109,0.99898705,0.098740875,0.9949045455882352,0.1288608589411764,0.8945691625000001,0.8660436866470588,-0.8945691625000001
mixed,gemma-2-2b-it,14,misaligned_output_aligned_latent,618,0.4967845659163987,0.0017696899999999,0.9941742122,0.0025653980744336,0.9860869085550809,0.9911853069,0.9835215104806472,0.9911853069
mixed,gemma-2-2b-it,14,both_misaligned,4,0.0032154340836012,0.0005982749999999,0.20504403,0.0007071799999999,0.257311915,0.20465538,0.256604735,0.20465538
mixed,gemma-2-2b-it,15,both_aligned,592,0.4758842443729904,0.99955499,0.995921285,0.999482886841216,0.9808065075168918,0.0035145,0.018692849054054,-0.0035145
mixed,gemma-2-2b-it,15,aligned_output_misaligned_latent,30,0.0241157556270096,0.99898705,0.101901652,0.99444819,0.1295440155,0.8747615950000001,0.8649041745,-0.8747615950000001
mixed,gemma-2-2b-it,15,misaligned_output_aligned_latent,618,0.4967845659163987,0.0017696899999999,0.995323509,0.0025653980744336,0.98711559912534,0.992104892,0.9845502010509062,0.992104892
mixed,gemma-2-2b-it,15,both_misaligned,4,0.0032154340836012,0.0005982749999999,0.14878243,0.0007071799999999,0.2184586275,0.147938195,0.2177514475,0.147938195
mixed,gemma-2-2b-it,16,both_aligned,593,0.4766881028938907,0.99955493,0.9929937,0.9994830719730188,0.9764391046543002,0.00645705,0.0230458534907251,-0.00645705
mixed,gemma-2-2b-it,16,aligned_output_misaligned_latent,29,0.0233118971061093,0.9989779,0.09913695,0.9942707941379312,0.1264378554137931,0.895279336,0.8678329387241379,-0.895279336
mixed,gemma-2-2b-it,16,misaligned_output_aligned_latent,619,0.497588424437299,0.00176644,0.993563831,0.0025625133441033,0.9845598227607432,0.9904972603,0.9819973094166398,0.9904972603
mixed,gemma-2-2b-it,16,both_misaligned,3,0.0024115755627009,0.0004167999999999,0.2245348999999999,0.0006829899999999,0.22944801,0.22326323,0.22876502,0.22326323
mixed,gemma-2-2b-it,17,both_aligned,592,0.4758842443729904,0.999554865,0.99378747,0.9994820517567568,0.9758719138513514,0.00573338,0.0236150147635135,-0.00573338
mixed,gemma-2-2b-it,17,aligned_output_misaligned_latent,30,0.0241157556270096,0.99898705,0.084933185,0.994464669,0.122497777,0.8947913249999999,0.871966892,-0.8947913249999999
mixed,gemma-2-2b-it,17,misaligned_output_aligned_latent,619,0.497588424437299,0.00176644,0.994458728,0.0025625133441033,0.9861662738199192,0.9914873037,0.9836037604758158,0.9914873037
mixed,gemma-2-2b-it,17,both_misaligned,3,0.0024115755627009,0.0004167999999999,0.17729735,0.0006829899999999,0.1929185033333333,0.17602568,0.1922355133333333,0.17602568
mixed,gemma-2-2b-it,18,both_aligned,592,0.4758842443729904,0.99955499,0.9916483,0.9994830121283784,0.972022744983108,0.0079368799999999,0.027460363429054,-0.0079368799999999
mixed,gemma-2-2b-it,18,aligned_output_misaligned_latent,30,0.0241157556270096,0.99898705,0.072252271,0.9944457176666668,0.1235927049666666,0.8846355749999999,0.8708530126999999,-0.8846355749999999
mixed,gemma-2-2b-it,18,misaligned_output_aligned_latent,619,0.497588424437299,0.00176644,0.9936192366,0.0025625133441033,0.9840150098561874,0.9903694647,0.981452496512084,0.9903694647
mixed,gemma-2-2b-it,18,both_misaligned,3,0.0024115755627009,0.0004167999999999,0.1912808999999999,0.0006829899999999,0.2117072533333333,0.19000923,0.2110242633333333,0.19000923
mixed,gemma-2-2b-it,19,both_aligned,589,0.4734726688102894,0.9995554,0.9890785,0.9994909843463496,0.9687184386587436,0.01066633,0.0307725456876061,-0.01066633
mixed,gemma-2-2b-it,19,aligned_output_misaligned_latent,33,0.0265273311897106,0.9989779,0.079982996,0.9947613615151514,0.1330486120818181,0.91145732,0.8617127494333333,-0.91145732
mixed,gemma-2-2b-it,19,misaligned_output_aligned_latent,619,0.497588424437299,0.00176644,0.991339207,0.0025625133441033,0.982257742473958,0.9885264073,0.9796952291298546,0.9885264073
mixed,gemma-2-2b-it,19,both_misaligned,3,0.0024115755627009,0.0004167999999999,0.2966775299999999,0.0006829899999999,0.29603591,0.2962607299999999,0.29535292,0.2962607299999999
mixed,gemma-2-2b-it,20,both_aligned,591,0.47508038585209,0.99955505,0.98671097,0.999489328392555,0.9652915465820644,0.0128962,0.0341977818104906,-0.0128962
mixed,gemma-2-2b-it,20,aligned_output_misaligned_latent,31,0.0249196141479099,0.9989779,0.07309152,0.994487794516129,0.1387341099354838,0.891252936,0.8557536845806452,-0.891252936
mixed,gemma-2-2b-it,20,misaligned_output_aligned_latent,619,0.497588424437299,0.00176644,0.9910098715,0.0025625133441033,0.9816901354954766,0.9878932763,0.9791276221513732,0.9878932763
mixed,gemma-2-2b-it,20,both_misaligned,3,0.0024115755627009,0.0004167999999999,0.2322187999999999,0.0006829899999999,0.2610527333333333,0.2318582999999999,0.2603697433333333,0.2318582999999999
mixed,gemma-2-2b-it,21,both_aligned,590,0.4742765273311897,0.99955499,0.98754178,0.999484561661017,0.966481474338983,0.01210502,0.0330030873220338,-0.01210502
mixed,gemma-2-2b-it,21,aligned_output_misaligned_latent,32,0.0257234726688102,0.99898705,0.073223355,0.9947319790625,0.1203915126875,0.922559715,0.874340466375,-0.922559715
mixed,gemma-2-2b-it,21,misaligned_output_aligned_latent,619,0.497588424437299,0.00176644,0.991126895,0.0025625133441033,0.981292477728853,0.988272901,0.9787299643847496,0.988272901
mixed,gemma-2-2b-it,21,both_misaligned,3,0.0024115755627009,0.0004167999999999,0.29456013,0.0006829899999999,0.2980778433333333,0.2932884600000001,0.2973948533333334,0.2932884600000001
mixed,gemma-2-2b-it,22,both_aligned,593,0.4766881028938907,0.99955493,0.98677874,0.9994893298145026,0.9664911940978076,0.01286306,0.0329981357166947,-0.01286306
mixed,gemma-2-2b-it,22,aligned_output_misaligned_latent,29,0.0233118971061093,0.9989391,0.07687366,0.9941428320689656,0.1204667090689655,0.89273525,0.873676123,-0.89273525
mixed,gemma-2-2b-it,22,misaligned_output_aligned_latent,618,0.4967845659163987,0.0017696899999999,0.989494264,0.0025653980744336,0.9811343228802588,0.9865937005,0.9785689248058254,0.9865937005
mixed,gemma-2-2b-it,22,both_misaligned,4,0.0032154340836012,0.0005982749999999,0.307241515,0.0007071799999999,0.344118485,0.30639728,0.343411305,0.30639728
mixed,gemma-2-2b-it,23,both_aligned,591,0.47508038585209,0.99955505,0.9891784,0.999483656649746,0.9674755220304568,0.0102268999999999,0.0320081346192893,-0.0102268999999999
mixed,gemma-2-2b-it,23,aligned_output_misaligned_latent,31,0.0249196141479099,0.9989962,0.079013705,0.9945959235483872,0.1225926085483871,0.9101939,0.872003315,-0.9101939
mixed,gemma-2-2b-it,23,misaligned_output_aligned_latent,619,0.497588424437299,0.00176644,0.9909274345,0.0025625133441033,0.9796813188011309,0.987786777,0.9771188054570276,0.987786777
mixed,gemma-2-2b-it,23,both_misaligned,3,0.0024115755627009,0.0004167999999999,0.2805079,0.0006829899999999,0.25765791,0.2800911,0.25697492,0.2800911
mixed,gemma-2-2b-it,24,both_aligned,590,0.4742765273311897,0.999555225,0.99068295,0.9994898109830508,0.9692718628644068,0.008798085,0.030217948118644,-0.008798085
mixed,gemma-2-2b-it,24,aligned_output_misaligned_latent,32,0.0257234726688102,0.99898705,0.072465995,0.9946351946875,0.12955465803125,0.90609578,0.86508053665625,-0.90609578
mixed,gemma-2-2b-it,24,misaligned_output_aligned_latent,618,0.4967845659163987,0.0017696899999999,0.99131725575,0.0025653980744336,0.9809092334364886,0.9883373635,0.978343835362055,0.9883373635
mixed,gemma-2-2b-it,24,both_misaligned,4,0.0032154340836012,0.0005982749999999,0.300426035,0.0007071799999999,0.3139328525,0.2995818,0.3132256725,0.2995818
mixed,gemma-2-2b-it,25,both_aligned,589,0.4734726688102894,0.9995554,0.9892784,0.9994898842275044,0.9646700430050934,0.0103341,0.0348198412224108,-0.0103341
mixed,gemma-2-2b-it,25,aligned_output_misaligned_latent,33,0.0265273311897106,0.9989962,0.09388848,0.9947809969696968,0.1374651977272727,0.8986720500000001,0.8573157992424242,-0.8986720500000001
mixed,gemma-2-2b-it,25,misaligned_output_aligned_latent,618,0.4967845659163987,0.0017696899999999,0.989654325,0.0025653980744336,0.978274811252589,0.98679372,0.9757094131781552,0.98679372
mixed,gemma-2-2b-it,25,both_misaligned,4,0.0032154340836012,0.0005982749999999,0.369897765,0.0007071799999999,0.3603188825,0.36905353,0.3596117025,0.36905353
mixed,gemma-2-2b-it,26,both_aligned,588,0.472668810289389,0.99955612,0.97949965,0.9994898103911564,0.950279156292517,0.0201667449999999,0.0492106540986394,-0.0201667449999999
mixed,gemma-2-2b-it,26,aligned_output_misaligned_latent,34,0.0273311897106109,0.9990012,0.1145094025,0.9949207705882354,0.1628114670588235,0.8770166025,0.8321093035294117,-0.8770166025
mixed,gemma-2-2b-it,26,misaligned_output_aligned_latent,617,0.4959807073954984,0.0017729399999999,0.981468499,0.0025685609562398,0.9673709103106968,0.979048683,0.964802349354457,0.979048683
mixed,gemma-2-2b-it,26,both_misaligned,5,0.0040192926045016,0.0006138999999999,0.3651092,0.0006885239999999,0.39123172,0.3646924,0.390543196,0.3646924
mixed,gemma-2-9b-it,0,both_aligned,1081,0.8689710610932476,0.9991374,0.5,0.9708678819679,0.500547934107308,0.49913067,0.470319947860592,-0.49913067
mixed,gemma-2-9b-it,0,aligned_output_misaligned_latent,1,0.0008038585209003,0.991554372,0.20129496,0.991554372,0.20129496,0.7902594119999999,0.7902594119999999,-0.7902594119999999
mixed,gemma-2-9b-it,0,misaligned_output_aligned_latent,162,0.1302250803858521,0.066087035,0.5,0.1160847945555555,0.5,0.433912965,0.3839152054444444,0.433912965
mixed,gemma-2-9b-it,0,both_misaligned,0,0.0,,,,,,,
mixed,gemma-2-9b-it,1,both_aligned,602,0.4839228295819935,0.9992563,0.694593,0.9748869905284052,0.6972069787740864,0.28922501,0.2856977529503322,-0.2867431649999999
mixed,gemma-2-9b-it,1,aligned_output_misaligned_latent,480,0.3858520900321543,0.9988575,0.330387415,0.9658703468358334,0.3178432138354167,0.6354540023,0.6480271330004167,-0.6354540023
mixed,gemma-2-9b-it,1,misaligned_output_aligned_latent,97,0.0779742765273311,0.05582315,0.75319088,0.1078670404123711,0.7459115216185568,0.65790134,0.6380444812061855,0.65790134
mixed,gemma-2-9b-it,1,both_misaligned,65,0.0522508038585209,0.08882034,0.3457432,0.128348212276923,0.3401487113846154,0.2452217,0.2316811904923076,0.24297194
mixed,gemma-2-9b-it,2,both_aligned,698,0.5610932475884244,0.999226685,0.8812865249999999,0.9746244867073066,0.8449184638787965,0.116585233,0.1529374520691977,-0.098842225
mixed,gemma-2-9b-it,2,aligned_output_misaligned_latent,384,0.3086816720257235,0.998943295,0.183780315,0.9640933412958334,0.2055043772283854,0.76918978,0.758588964067448,-0.76918978
mixed,gemma-2-9b-it,2,misaligned_output_aligned_latent,66,0.0530546623794212,0.07586545,0.891959487,0.1344553437121212,0.8597264995651515,0.7554430295000001,0.7252711558530304,0.7554430295000001
mixed,gemma-2-9b-it,2,both_misaligned,96,0.0771704180064308,0.0614256,0.0891272,0.1034550420104166,0.1478972286458333,0.096620545,0.1414778345520833,0.027223715
mixed,gemma-2-9b-it,3,both_aligned,694,0.5578778135048231,0.9992446,0.93909913,0.9739519509046108,0.8822496728771384,0.0617225499999999,0.1189559519307406,-0.0447297324999999
mixed,gemma-2-9b-it,3,aligned_output_misaligned_latent,388,0.3118971061093247,0.99878868,0.09898477,0.9654048475554124,0.1492531538759793,0.8579741435000001,0.8161516936794331,-0.8579741435000001
mixed,gemma-2-9b-it,3,misaligned_output_aligned_latent,84,0.067524115755627,0.0769608,0.90469227,0.1265577098809523,0.8710900305233429,0.7933260605,0.7445323206423905,0.7933260605
mixed,gemma-2-9b-it,3,both_misaligned,78,0.062700964630225,0.059660525,0.077659965,0.1048062703589743,0.1240287544487179,0.0810338999999999,0.1369364564743589,0.001781755
mixed,gemma-2-9b-it,4,both_aligned,689,0.5538585209003215,0.9992446,0.96560616,0.9744250084615385,0.9075212606130236,0.0402360042999999,0.0972210236234735,-0.0209756599999999
mixed,gemma-2-9b-it,4,aligned_output_misaligned_latent,393,0.3159163987138264,0.9988305,0.0822437999999999,0.9646842339676844,0.1347869246355394,0.8781569100000001,0.8298973093321451,-0.8781569100000001
mixed,gemma-2-9b-it,4,misaligned_output_aligned_latent,87,0.0699356913183279,0.0758581999999999,0.943296436,0.1267100926436781,0.8859488405423679,0.81337718,0.7592387478986897,0.81337718
mixed,gemma-2-9b-it,4,both_misaligned,75,0.0602893890675241,0.0609752,0.03133726,0.1037594487733333,0.0979304837653333,0.0714706499999999,0.125929370928,-0.0027882399999999
mixed,gemma-2-9b-it,5,both_aligned,681,0.547427652733119,0.9992735,0.97176015,0.975814278734655,0.9101157413564376,0.0346989192,0.0950966020899177,-0.0186699
mixed,gemma-2-9b-it,5,aligned_output_misaligned_latent,401,0.3223472668810289,0.998735578,0.0746288,0.9625192293291772,0.1301804514350523,0.88572463,0.8323387778941247,-0.88572463
mixed,gemma-2-9b-it,5,misaligned_output_aligned_latent,86,0.0691318327974276,0.0764095,0.9596721865,0.1282928011627906,0.9065680687498116,0.8301166928554999,0.7782752675870209,0.8301166928554999
mixed,gemma-2-9b-it,5,both_misaligned,76,0.0610932475884244,0.0609752,0.0335163499999999,0.1022704712894736,0.1059098843328947,0.077582585,0.1351859480618421,-0.01310313
mixed,gemma-2-9b-it,6,both_aligned,735,0.5908360128617364,0.99929035,0.973045582,0.9755077310512924,0.9141074816156076,0.03004906531,0.0907024249553353,-0.0165606999999999
mixed,gemma-2-9b-it,6,aligned_output_misaligned_latent,347,0.2789389067524115,0.99837697,0.0762157399999999,0.961099574802882,0.1356385547979472,0.86559069,0.8254610200049346,-0.86559069
mixed,gemma-2-9b-it,6,misaligned_output_aligned_latent,84,0.067524115755627,0.0706696499999999,0.9751835425,0.1240728528571428,0.9260737276947144,0.8539250181000001,0.8020008748375714,0.8539250181000001
mixed,gemma-2-9b-it,6,both_misaligned,78,0.062700964630225,0.061876,0.0703934149999999,0.1074822702307692,0.1342242489371795,0.0873960249999999,0.1343338850628205,0.0045903899999999
mixed,gemma-2-9b-it,7,both_aligned,700,0.5627009646302251,0.9993436,0.970765615,0.9647318498192856,0.9522909946364286,0.039006794,0.0728299262991428,-0.0244808749999999
mixed,gemma-2-9b-it,7,aligned_output_misaligned_latent,382,0.3070739549839228,0.99608505845,0.01939246,0.9821660730518323,0.0420494027764397,0.966383162,0.9401166702753928,-0.966383162
mixed,gemma-2-9b-it,7,misaligned_output_aligned_latent,121,0.0972668810289389,0.0609752,0.9954201477,0.1060998338677686,0.9725413479178512,0.9081313413,0.8664415140500826,0.9081313413
mixed,gemma-2-9b-it,7,both_misaligned,41,0.0329581993569131,0.08882034,0.0554244,0.1455526053658536,0.0702103421951219,0.07615556,0.1215514797560975,-0.00533092
mixed,gemma-2-9b-it,8,both_aligned,710,0.5707395498392283,0.9993487,0.98913998,0.9647605316677464,0.974932260891576,0.01984510402,0.0545966415872098,-0.009112785
mixed,gemma-2-9b-it,8,aligned_output_misaligned_latent,372,0.2990353697749196,0.99579918,0.013771205,0.9825799927290324,0.0245593991868817,0.9749825913,0.9580205935421506,-0.9749825913
mixed,gemma-2-9b-it,8,misaligned_output_aligned_latent,122,0.0980707395498392,0.0614256,0.99922901393,0.1075367663770491,0.9841636805454508,0.9214582360475,0.8766269141684017,0.9214582360475
mixed,gemma-2-9b-it,8,both_misaligned,40,0.0321543408360128,0.08819207,0.0329757349999999,0.1421562805,0.0470679399999999,0.0651946599999999,0.130738595,-0.043107855
mixed,gemma-2-9b-it,9,both_aligned,710,0.5707395498392283,0.99935125,0.992166957,0.9647723574621128,0.9793056075513168,0.015087075,0.0505860673973732,-0.0059698049999999
mixed,gemma-2-9b-it,9,aligned_output_misaligned_latent,372,0.2990353697749196,0.9956515863,0.010506928,0.9825574219924732,0.0237080395449193,0.9791149238,0.9588493824475538,-0.9791149238
mixed,gemma-2-9b-it,9,misaligned_output_aligned_latent,123,0.0988745980707395,0.061876,0.99955320358,0.1073743845365853,0.9826340990398618,0.920772951095,0.8752597145032763,0.920772951095
mixed,gemma-2-9b-it,9,both_misaligned,39,0.0313504823151125,0.08882034,0.02656066,0.1435560876923076,0.0350644056410256,0.0687031,0.1292076794871795,-0.04573483
mixed,gemma-2-9b-it,10,both_aligned,712,0.572347266881029,0.9993538,0.99303457,0.9648633403484552,0.980197601792444,0.0137535899999999,0.0497757017170224,-0.00518273
mixed,gemma-2-9b-it,10,aligned_output_misaligned_latent,370,0.297427652733119,0.9956515863,0.01203922,0.9824784768951352,0.0234530337763783,0.97797855,0.9590254431187568,-0.97797855
mixed,gemma-2-9b-it,10,misaligned_output_aligned_latent,122,0.0980707395498392,0.061876,0.999657273295,0.1078827598196721,0.9845285293462844,0.9195450267865,0.8766457695266122,0.9195450267865
mixed,gemma-2-9b-it,10,both_misaligned,40,0.0321543408360128,0.08179522,0.0266940799999999,0.1411010005,0.04281444375,0.08050563,0.13339451225,-0.052754085
mixed,gemma-2-9b-it,11,both_aligned,713,0.5731511254019293,0.99936384,0.9949763,0.9650354891684432,0.9839438507398328,0.0098257999999999,0.0457463117444611,-0.00377134
mixed,gemma-2-9b-it,11,aligned_output_misaligned_latent,369,0.2966237942122186,0.9954615687,0.0122674,0.9821935799517616,0.0249506952350135,0.977787529,0.957242884716748,-0.977787529
mixed,gemma-2-9b-it,11,misaligned_output_aligned_latent,122,0.0980707395498392,0.061876,0.999852985145,0.1078827598196721,0.9822885475081164,0.919407442375,0.8744057876884443,0.919407442375
mixed,gemma-2-9b-it,11,both_misaligned,40,0.0321543408360128,0.08179522,0.0182183,0.1411010005,0.029390763,0.07246178,0.135422423,-0.0642217
mixed,gemma-2-9b-it,12,both_aligned,712,0.572347266881029,0.99936627,0.9959165,0.965002544840028,0.9850197526301236,0.0088046549999999,0.0443788950561067,-0.0030926099999999
mixed,gemma-2-9b-it,12,aligned_output_misaligned_latent,370,0.297427652733119,0.99544385235,0.0083453874999999,0.982210602305946,0.0248496219259648,0.98157079905,0.9573609803799812,-0.98157079905
mixed,gemma-2-9b-it,12,misaligned_output_aligned_latent,121,0.0972668810289389,0.061876,0.99992389575,0.108732855768595,0.9826536416627818,0.91845909886,0.8739207858941868,0.91845909886
mixed,gemma-2-9b-it,12,both_misaligned,41,0.0329581993569131,0.0747700999999999,0.0139308,0.1377819797560975,0.0361235821951219,0.08628816,0.1436187565853658,-0.0611317
mixed,gemma-2-9b-it,13,both_aligned,712,0.572347266881029,0.99936627,0.9963679,0.965002544840028,0.9861397234387204,0.00843884235,0.0437242634950404,-0.0025045899999999
mixed,gemma-2-9b-it,13,aligned_output_misaligned_latent,370,0.297427652733119,0.99544385235,0.00761755,0.982210602305946,0.0233907476071594,0.982024728,0.9588198546987864,-0.982024728
mixed,gemma-2-9b-it,13,misaligned_output_aligned_latent,122,0.0980707395498392,0.061876,0.999925171313,0.1078827598196721,0.9819646495769851,0.920573739892,0.8740818897573132,0.920573739892
mixed,gemma-2-9b-it,13,both_misaligned,40,0.0321543408360128,0.08179522,0.01233655,0.1411010005,0.0270215182499999,0.0774663999999999,0.14067848125,-0.067211565
mixed,gemma-2-9b-it,14,both_aligned,717,0.5763665594855305,0.99936384,0.9969791,0.9651055867616456,0.9866032807922016,0.0077789999999999,0.0443436085332057,-0.0018827399999999
mixed,gemma-2-9b-it,14,aligned_output_misaligned_latent,365,0.2934083601286174,0.9954615687,0.00738806,0.9822439152635616,0.0167691845541424,0.9842210162,0.9654747307094192,-0.9842210162
mixed,gemma-2-9b-it,14,misaligned_output_aligned_latent,123,0.0988745980707395,0.061876,0.99991226196,0.1073743845365853,0.9876529129388432,0.92221791,0.8802785284022577,0.92221791
mixed,gemma-2-9b-it,14,both_misaligned,39,0.0313504823151125,0.08882034,0.0120241599999999,0.1435560876923076,0.0266206225641025,0.07934308,0.1354981435897436,-0.06597156
mixed,gemma-2-9b-it,15,both_aligned,716,0.5755627009646302,0.999361335,0.996540185,0.9651011570406424,0.985676123044869,0.0081165541299999,0.0451819685746175,-0.0023203299999999
mixed,gemma-2-9b-it,15,aligned_output_misaligned_latent,366,0.2942122186495177,0.9954615687,0.0054798415,0.9822057550224044,0.0175289098744125,0.9851836127,0.9646768451479918,-0.9851836127
mixed,gemma-2-9b-it,15,misaligned_output_aligned_latent,123,0.0988745980707395,0.061876,0.99990403652,0.1073743845365853,0.9868924746847416,0.922603076,0.8795180901481561,0.922603076
mixed,gemma-2-9b-it,15,both_misaligned,39,0.0313504823151125,0.08882034,0.0114050999999999,0.1435560876923076,0.0256475935897435,0.08180854,0.1371826264102564,-0.0693472399999999
mixed,gemma-2-9b-it,16,both_aligned,719,0.5779742765273312,0.99936384,0.9958525,0.96523898238484,0.9858888612830048,0.0085803999999999,0.0441823470442009,-0.0028718824999999
mixed,gemma-2-9b-it,16,aligned_output_misaligned_latent,363,0.2918006430868167,0.9954615687,0.0083881999999999,0.9820741224369146,0.0210052966435399,0.98172998,0.9610688257933746,-0.98172998
mixed,gemma-2-9b-it,16,misaligned_output_aligned_latent,122,0.0980707395498392,0.061876,0.99986115098,0.1082133454754098,0.9844088840237624,0.9208944155,0.8761955385483524,0.9208944155
mixed,gemma-2-9b-it,16,both_misaligned,40,0.0321543408360128,0.08179522,0.01192058,0.14009271425,0.03074687075,0.081358615,0.13925204,-0.067157175
mixed,gemma-2-9b-it,17,both_aligned,728,0.5852090032154341,0.999371215,0.996508285,0.9655536072578298,0.9825056868993812,0.0074621579499999,0.0467810977651777,-0.00247214
mixed,gemma-2-9b-it,17,aligned_output_misaligned_latent,354,0.2845659163987138,0.9954082819,0.0101457744999999,0.9818551093096046,0.0255187638820536,0.9779367813,0.9563363454275507,-0.9779367813
mixed,gemma-2-9b-it,17,misaligned_output_aligned_latent,125,0.1004823151125401,0.061876,0.99992853954,0.109575891584,0.980360928404424,0.920484018,0.870785036820424,0.920484018
mixed,gemma-2-9b-it,17,both_misaligned,37,0.0297427652733119,0.08882034,0.0113225599999999,0.1380743316216216,0.0269953959459459,0.0625208,0.1238109621621621,-0.05692867
mixed,gemma-2-9b-it,18,both_aligned,718,0.5771704180064309,0.99937856,0.9955360647,0.9652861197526462,0.9857062302380604,0.0092736799999999,0.0437439431831855,-0.00324989
mixed,gemma-2-9b-it,18,aligned_output_misaligned_latent,364,0.292604501607717,0.9952448,0.0051295299999999,0.981934892299176,0.0251046180894505,0.982130765,0.9568302742097252,-0.982130765
mixed,gemma-2-9b-it,18,misaligned_output_aligned_latent,123,0.0988745980707395,0.061876,0.999977742225,0.1109824068943089,0.98148163967422,0.921663518,0.8704992327799111,0.921663518
mixed,gemma-2-9b-it,18,both_misaligned,39,0.0313504823151125,0.0747700999999999,0.00869876,0.1321769402564102,0.030093903076923,0.08364099,0.1311797207692307,-0.0618545999999999
mixed,gemma-2-9b-it,19,both_aligned,725,0.5827974276527331,0.99937373,0.9957472,0.965375861871862,0.9826262348322744,0.0097209999999999,0.0473900100599986,-0.0030105999999999
mixed,gemma-2-9b-it,19,aligned_output_misaligned_latent,357,0.2869774919614148,0.9954615687,0.00895804,0.9820790894179272,0.0238454114610252,0.978218454,0.958233677956902,-0.978218454
mixed,gemma-2-9b-it,19,misaligned_output_aligned_latent,125,0.1004823151125401,0.061876,0.999900996685,0.109575891584,0.987547449486492,0.924126839234,0.877971557902492,0.924126839234
mixed,gemma-2-9b-it,19,both_misaligned,37,0.0297427652733119,0.08882034,0.0156749,0.1380743316216216,0.0376357513513513,0.05790949,0.1204287229729729,-0.0531328900000001
mixed,gemma-2-9b-it,20,both_aligned,1058,0.8504823151125402,0.99916367,0.9957786745,0.970606805301796,0.983925666432722,0.006995179,0.0387920037503969,-0.0009645699999999
mixed,gemma-2-9b-it,20,aligned_output_misaligned_latent,24,0.0192926045016077,0.998764785,0.068258176,0.98323894875,0.1035666067916666,0.918512555,0.8796723419583333,-0.918512555
mixed,gemma-2-9b-it,20,misaligned_output_aligned_latent,154,0.1237942122186495,0.0716537999999999,0.9917678355,0.1203423975324675,0.9739526314155844,0.90917923475,0.8536102338831169,0.90917923475
mixed,gemma-2-9b-it,20,both_misaligned,8,0.0064308681672025,0.0106939765,0.04804185,0.0341259372499999,0.0869419365,0.043896835,0.087323975,0.0242691334999999
mixed,gemma-2-9b-it,21,both_aligned,1043,0.8384244372990354,0.99913067,0.9967699188,0.9702324179763184,0.9853266131023394,0.0052965002,0.0381509329739597,-0.0002130499999999
mixed,gemma-2-9b-it,21,aligned_output_misaligned_latent,39,0.0313504823151125,0.99915075,0.13372084,0.988392893076923,0.1507376359487179,0.8653783,0.8376552571282051,-0.8653783
mixed,gemma-2-9b-it,21,misaligned_output_aligned_latent,154,0.1237942122186495,0.0716537999999999,0.993107351,0.1203423975324675,0.9793171390246752,0.9087595228,0.8589747414922078,0.9087595228
mixed,gemma-2-9b-it,21,both_misaligned,8,0.0064308681672025,0.0106939765,0.0574944,0.0341259372499999,0.0904757363749999,0.0615722975,0.092533165125,0.0274024634999999
mixed,gemma-2-9b-it,22,both_aligned,1057,0.8496784565916399,0.99918324,0.995810563,0.9705799648053928,0.9869635702134816,0.00586004,0.0358135317990066,-0.0011260399999999
mixed,gemma-2-9b-it,22,aligned_output_misaligned_latent,25,0.020096463022508,0.9987551,0.110984534,0.9838684792,0.13062624752,0.887770566,0.85324223168,-0.887770566
mixed,gemma-2-9b-it,22,misaligned_output_aligned_latent,153,0.1229903536977492,0.0747700999999999,0.988087958,0.1211264073202614,0.9727492778267972,0.90462424,0.8516228705065358,0.90462424
mixed,gemma-2-9b-it,22,both_misaligned,9,0.0072347266881028,0.00394547,0.082881756,0.0303773775555555,0.0983448411888889,0.0651654439999999,0.0995615832555555,0.0350941
mixed,gemma-2-9b-it,23,both_aligned,1062,0.8536977491961415,0.99918324,0.995939821,0.9707126315341807,0.9876050587744444,0.00573963225,0.0349618735140866,-0.0008136119999999
mixed,gemma-2-9b-it,23,aligned_output_misaligned_latent,20,0.0160771704180064,0.998725325,0.1257548024999999,0.9801460045,0.1546809998,0.8678988525,0.8254650047000001,-0.8678988525
mixed,gemma-2-9b-it,23,misaligned_output_aligned_latent,153,0.1229903536977492,0.0747700999999999,0.985820591,0.1211264073202614,0.9720783806444444,0.902359245,0.8509519733241829,0.902359245
mixed,gemma-2-9b-it,23,both_misaligned,9,0.0072347266881028,0.00394547,0.07796985,0.0303773775555555,0.0875269747777777,0.07007735,0.088039097,0.0163727999999999
mixed,gemma-2-9b-it,24,both_aligned,1060,0.8520900321543409,0.99918324,0.996569585,0.9706592249616038,0.9883603427311888,0.00496069,0.0350419547707169,-0.00026499
mixed,gemma-2-9b-it,24,aligned_output_misaligned_latent,22,0.017684887459807,0.998725325,0.118497498,0.9818616509090908,0.1280290955454545,0.8758167020000001,0.8538325553636364,-0.8758167020000001
mixed,gemma-2-9b-it,24,misaligned_output_aligned_latent,154,0.1237942122186495,0.0716537999999999,0.988737981,0.1203472329870129,0.9755162880564936,0.9077008795,0.8551690550694806,0.9077008795
mixed,gemma-2-9b-it,24,both_misaligned,8,0.0064308681672025,0.0106939765,0.050763422,0.0340328547499999,0.0903973130875,0.0665332159999999,0.0945967284125,0.0145344885
mixed,gemma-2-9b-it,25,both_aligned,1062,0.8536977491961415,0.99918324,0.99514788985,0.9707104835774952,0.984820478844162,0.0072454207,0.0379118167444444,-0.001491495
mixed,gemma-2-9b-it,25,aligned_output_misaligned_latent,20,0.0160771704180064,0.998725325,0.1140812925,0.980260061,0.13394095115,0.8812777975,0.8463191098499999,-0.8812777975
mixed,gemma-2-9b-it,25,misaligned_output_aligned_latent,152,0.1221864951768488,0.0716537999999999,0.9883397325,0.1207077159210526,0.9782546752657894,0.9066243035,0.8575469593447369,0.9066243035
mixed,gemma-2-9b-it,25,both_misaligned,10,0.0080385852090032,0.0106939765,0.133124865,0.0458163897999999,0.1412754381,0.13614275,0.1241539599,0.10683999
mixed,gemma-2-9b-it,26,both_aligned,1061,0.8528938906752411,0.99918324,0.995027538,0.9706862914225258,0.9855920773118284,0.0072032199999999,0.0372402600476437,-0.00159533
mixed,gemma-2-9b-it,26,aligned_output_misaligned_latent,21,0.0168810289389067,0.99869555,0.12239561,0.981027599047619,0.1456318814285714,0.87684899,0.8353957176190476,-0.87684899
mixed,gemma-2-9b-it,26,misaligned_output_aligned_latent,151,0.1213826366559485,0.0747700999999999,0.987188128,0.1213967935099337,0.9785007533635762,0.906997301,0.8571039598536424,0.906997301
mixed,gemma-2-9b-it,26,both_misaligned,11,0.0088424437299035,0.016657,0.1557870999999999,0.0431655361818181,0.1431330805454545,0.1518416299999999,0.1266476350909091,0.1518416299999999
mixed,gemma-2-9b-it,27,both_aligned,1058,0.8504823151125402,0.99918324,0.99635813,0.9706095355948016,0.9874050384827978,0.0060074949999999,0.0362530008297731,-0.0007412199999999
mixed,gemma-2-9b-it,27,aligned_output_misaligned_latent,24,0.0192926045016077,0.99863705,0.13873305,0.9831185883333332,0.14386245525,0.85981876,0.8392561330833334,-0.85981876
mixed,gemma-2-9b-it,27,misaligned_output_aligned_latent,151,0.1213826366559485,0.0747700999999999,0.990274088,0.1213967935099337,0.9816208554139072,0.910808943,0.8602240619039735,0.910808943
mixed,gemma-2-9b-it,27,both_misaligned,11,0.0088424437299035,0.016657,0.18634784,0.0431655361818181,0.1521243531363636,0.16969084,0.1434795106818182,0.16969084
mixed,gemma-2-9b-it,28,both_aligned,1058,0.8504823151125402,0.99918324,0.9957336746,0.9706090464454632,0.9851283374800566,0.00755575,0.0384295788155009,-0.0013112949999999
mixed,gemma-2-9b-it,28,aligned_output_misaligned_latent,24,0.0192926045016077,0.99863705,0.123310685,0.9831401516666666,0.14144169325,0.8734934000000001,0.8416984584166666,-0.8734934000000001
mixed,gemma-2-9b-it,28,misaligned_output_aligned_latent,151,0.1213826366559485,0.0747700999999999,0.990318921,0.1213967935099337,0.9840115040569536,0.913144918,0.86261471054702,0.913144918
mixed,gemma-2-9b-it,28,both_misaligned,11,0.0088424437299035,0.016657,0.1112999999999999,0.0431655361818181,0.160155305090909,0.1267051699999999,0.1538864765454545,0.1073545299999999
mixed,gemma-2-9b-it,29,both_aligned,1057,0.8496784565916399,0.99918324,0.9942440316,0.9705834997438978,0.9823530246003594,0.009425297,0.041035886442649,-0.00238523
mixed,gemma-2-9b-it,29,aligned_output_misaligned_latent,25,0.020096463022508,0.99857855,0.10626056,0.983719022,0.13161761488,0.88923231,0.8521014071199999,-0.88923231
mixed,gemma-2-9b-it,29,misaligned_output_aligned_latent,151,0.1213826366559485,0.0747700999999999,0.9894469585,0.1213967935099337,0.9837400605112584,0.911828862,0.8623432670013245,0.911828862
mixed,gemma-2-9b-it,29,both_misaligned,11,0.0088424437299035,0.016657,0.1851506,0.0431655361818181,0.1705717857272727,0.18120513,0.1636845195454545,0.18120513
mixed,gemma-2-9b-it,30,both_aligned,1056,0.8488745980707395,0.999166995,0.9963863,0.9705469473857008,0.9847220631370076,0.0071354949999999,0.0396536208764962,-0.000878625
mixed,gemma-2-9b-it,30,aligned_output_misaligned_latent,26,0.0209003215434083,0.998764785,0.1131304355,0.9846983976923076,0.122674324576923,0.8797900670000001,0.8620240731153845,-0.8797900670000001
mixed,gemma-2-9b-it,30,misaligned_output_aligned_latent,153,0.1229903536977492,0.0747700999999999,0.989805241,0.1210249469281045,0.9802909587457516,0.914161116,0.8592660118176471,0.914161116
mixed,gemma-2-9b-it,30,both_misaligned,9,0.0072347266881028,0.016657,0.18643266,0.0321022042222222,0.1329379512888888,0.18604376,0.1506106196,0.18604376
mixed,gemma-2-9b-it,31,both_aligned,1055,0.8480707395498392,0.99915075,0.9957239423,0.9705193217718484,0.9843566315666352,0.0080486488,0.0397277736372511,-0.00131453
mixed,gemma-2-9b-it,31,aligned_output_misaligned_latent,27,0.0217041800643086,0.99877447,0.10598627,0.9852537151851852,0.1215853822222222,0.89344337,0.8636683329629629,-0.89344337
mixed,gemma-2-9b-it,31,misaligned_output_aligned_latent,152,0.1221864951768488,0.0747700999999999,0.9901922,0.1218137060526315,0.981122584255921,0.9124013995,0.8593088782032895,0.9124013995
mixed,gemma-2-9b-it,31,both_misaligned,10,0.0080385852090032,0.010301235,0.2409553549999999,0.0290053397999999,0.16994650278,0.2355295699999999,0.1836220990199999,0.2355295699999999
mixed,gemma-2-9b-it,32,both_aligned,1051,0.844855305466238,0.99915075,0.9963998795,0.970411089133492,0.9840375884475928,0.0078420711,0.040299449821998,-0.00078474
mixed,gemma-2-9b-it,32,aligned_output_misaligned_latent,31,0.0249196141479099,0.99884856,0.09365368,0.9870219387096776,0.1094733053870967,0.90577596,0.8775486333225806,-0.90577596
mixed,gemma-2-9b-it,32,misaligned_output_aligned_latent,153,0.1229903536977492,0.0747700999999999,0.991650641,0.1210249469281045,0.982618394703072,0.914908268,0.8615934477749673,0.914908268
mixed,gemma-2-9b-it,32,both_misaligned,9,0.0072347266881028,0.016657,0.203102,0.0321022042222222,0.1661642291111111,0.2027130999999999,0.1862244928888888,0.2027130999999999
mixed,gemma-2-9b-it,33,both_aligned,1049,0.8432475884244373,0.9991441,0.9971576333,0.970355502458818,0.9860934610967206,0.0064685332999999,0.0384186708724118,-0.0002949447
mixed,gemma-2-9b-it,33,aligned_output_misaligned_latent,33,0.0265273311897106,0.9988575,0.098725975,0.9877822030303032,0.1257091231818181,0.900875825,0.8620730798484848,-0.900875825
mixed,gemma-2-9b-it,33,misaligned_output_aligned_latent,153,0.1229903536977492,0.0747700999999999,0.991807342,0.1210249469281045,0.9826968841920916,0.916366341,0.8616719372639868,0.916366341
mixed,gemma-2-9b-it,33,both_misaligned,9,0.0072347266881028,0.016657,0.2001045299999999,0.0321022042222222,0.1514472916333333,0.1997156299999999,0.1722560970333333,0.1997156299999999
mixed,gemma-2-9b-it,34,both_aligned,1049,0.8432475884244373,0.99918324,0.9958547354,0.9703640831070542,0.9837361734102668,0.0075113058,0.0401116809030219,-0.0007649399999999
mixed,gemma-2-9b-it,34,aligned_output_misaligned_latent,33,0.0265273311897106,0.99884856,0.10387558,0.9875094424242424,0.1192717952727272,0.89498818,0.8682376471515152,-0.89498818
mixed,gemma-2-9b-it,34,misaligned_output_aligned_latent,153,0.1229903536977492,0.0747700999999999,0.989699781,0.1210249469281045,0.9817608213333332,0.915344717,0.8607358744052288,0.915344717
mixed,gemma-2-9b-it,34,both_misaligned,9,0.0072347266881028,0.016657,0.2645724,0.0321022042222222,0.1757075809222222,0.2641835,0.1944225944111111,0.2641835
mixed,gemma-2-9b-it,35,both_aligned,1049,0.8432475884244373,0.9991441,0.9969279766,0.970355502458818,0.9856347194623574,0.0069777399999999,0.0387431485665519,-0.0003299399999999
mixed,gemma-2-9b-it,35,aligned_output_misaligned_latent,33,0.0265273311897106,0.9988575,0.094091535,0.9877822030303032,0.1147372382121212,0.905257165,0.8730449648181818,-0.905257165
mixed,gemma-2-9b-it,35,misaligned_output_aligned_latent,154,0.1237942122186495,0.0716537999999999,0.991530329,0.1202576888311688,0.9821359875247402,0.91357013325,0.8618782986935715,0.91357013325
mixed,gemma-2-9b-it,35,both_misaligned,8,0.0064308681672025,0.0170497415,0.1118340475,0.03575657975,0.1399072705,0.1705145175,0.16480249175,0.0957025179
mixed,gemma-2-9b-it,36,both_aligned,1050,0.8440514469453376,0.999166995,0.9966482814,0.9703838291993332,0.9868667126381048,0.0063199507,0.0371940829951523,-0.0004739349999999
mixed,gemma-2-9b-it,36,aligned_output_misaligned_latent,32,0.0257234726688102,0.99885303,0.091136545,0.98739731625,0.12479230303125,0.90801358,0.86260501321875,-0.90801358
mixed,gemma-2-9b-it,36,misaligned_output_aligned_latent,153,0.1229903536977492,0.0747700999999999,0.991521716,0.1210362779084967,0.9811771734225492,0.913242455,0.8601408955140523,0.913242455
mixed,gemma-2-9b-it,36,both_misaligned,9,0.0072347266881028,0.016657,0.21183085,0.0319095775555555,0.1434643797222222,0.21069729,0.1640327378333333,0.21069729
mixed,gemma-2-9b-it,37,both_aligned,1049,0.8432475884244373,0.99915075,0.9964243209,0.9703559911909436,0.98577095434837,0.0070793215999999,0.0384086238151954,-0.00063756
mixed,gemma-2-9b-it,37,aligned_output_misaligned_latent,33,0.0265273311897106,0.9988575,0.08808111,0.9877666672727272,0.1208254283030303,0.90821166,0.8669412389696969,-0.90821166
mixed,gemma-2-9b-it,37,misaligned_output_aligned_latent,152,0.1221864951768488,0.0716537999999999,0.99235753,0.1206169935526315,0.9847453237028287,0.914145,0.8641283301501973,0.914145
mixed,gemma-2-9b-it,37,both_misaligned,10,0.0080385852090032,0.0170497415,0.203801395,0.0471953698,0.17118910429,0.203037065,0.17152319951,0.203037065
mixed,gemma-2-9b-it,38,both_aligned,1050,0.8440514469453376,0.999166995,0.99526075775,0.9703836631993332,0.9843870281860476,0.0082679024999999,0.0391374613669047,-0.0012489199999999
mixed,gemma-2-9b-it,38,aligned_output_misaligned_latent,32,0.0257234726688102,0.99885303,0.09394187,0.987402763125,0.11839215540625,0.9052,0.86901060771875,-0.9052
mixed,gemma-2-9b-it,38,misaligned_output_aligned_latent,153,0.1229903536977492,0.0747700999999999,0.990024805,0.1210362779084967,0.9808842103797386,0.912060203,0.8598479324712419,0.912060203
mixed,gemma-2-9b-it,38,both_misaligned,9,0.0072347266881028,0.016657,0.2480151,0.0319095775555555,0.1537303121777778,0.24406963,0.1743043920444444,0.24406963
mixed,gemma-2-9b-it,39,both_aligned,1051,0.844855305466238,0.99915075,0.996471282,0.9704108448233112,0.985374104991646,0.00724694,0.0390054956330352,-0.0007277399999999
mixed,gemma-2-9b-it,39,aligned_output_misaligned_latent,31,0.0249196141479099,0.99884856,0.093647465,0.9870302216129032,0.1157212819677419,0.905640334,0.8713089396451613,-0.905640334
mixed,gemma-2-9b-it,39,misaligned_output_aligned_latent,153,0.1229903536977492,0.0747700999999999,0.991738125,0.1210362779084967,0.9824930658267974,0.9138008,0.8614567879183006,0.9138008
mixed,gemma-2-9b-it,39,both_misaligned,9,0.0072347266881028,0.016657,0.2352893999999999,0.0319095775555555,0.1588838343,0.2313439299999999,0.1806984699222222,0.2313439299999999
mixed,gemma-2-9b-it,40,both_aligned,1051,0.844855305466238,0.99915075,0.9957181,0.9704111473922932,0.9840735007142722,0.0077521471999999,0.0392991898928639,-0.00096726
mixed,gemma-2-9b-it,40,aligned_output_misaligned_latent,31,0.0249196141479099,0.99884856,0.097548425,0.9870199635483872,0.121144098548387,0.901867805,0.865875865,-0.901867805
mixed,gemma-2-9b-it,40,misaligned_output_aligned_latent,153,0.1229903536977492,0.0747700999999999,0.9900637865,0.1210362779084967,0.9792945868297384,0.910766306,0.8582583089212418,0.910766306
mixed,gemma-2-9b-it,40,both_misaligned,9,0.0072347266881028,0.016657,0.2474096999999999,0.0319095775555555,0.1731588567222222,0.2462761399999999,0.1948563386111111,0.2462761399999999
mixed,gemma-2-9b-it,41,both_aligned,1050,0.8440514469453376,0.999147425,0.99401527645,0.9703833619136192,0.9811257558285048,0.0088988449999999,0.0405607064857428,-0.0020407849999999
mixed,gemma-2-9b-it,41,aligned_output_misaligned_latent,32,0.0257234726688102,0.99885303,0.11608422,0.9874126490625,0.1346719208125,0.88177028,0.85274072825,-0.88177028
mixed,gemma-2-9b-it,41,misaligned_output_aligned_latent,153,0.1229903536977492,0.0747700999999999,0.985382438,0.1210362779084967,0.9750119966372548,0.906967582,0.8539757187287582,0.906967582
mixed,gemma-2-9b-it,41,both_misaligned,9,0.0072347266881028,0.016657,0.2485152,0.0319095775555555,0.1758989722,0.24738164,0.1950813898,0.24738164
mixed,gemma-2-9b-it,42,both_aligned,1050,0.8440514469453376,0.999166995,0.99832439425,0.9704317073326668,0.9884785405874952,0.0061322302999999,0.0372633354062571,9.203499999999032e-05
mixed,gemma-2-9b-it,42,aligned_output_misaligned_latent,32,0.0257234726688102,0.998811515,0.070125997,0.985826315,0.1085008210625,0.929345153,0.8773254939375,-0.929345153
mixed,gemma-2-9b-it,42,misaligned_output_aligned_latent,151,0.1213826366559485,0.0747700999999999,0.995321274,0.1216784859602649,0.9881008267447682,0.920623653,0.8664223407845034,0.920623653
mixed,gemma-2-9b-it,42,both_misaligned,11,0.0088424437299035,0.016657,0.21185315,0.039298667090909,0.1807496962727272,0.19304937,0.184583838090909,0.19304937
mixed,gemma-2-9b,0,both_aligned,634,0.5096463022508039,0.5774954,0.5,0.5765809727760253,0.5,0.07749539999999999,0.07658097277602524,-0.07749539999999999
mixed,gemma-2-9b,0,aligned_output_misaligned_latent,0,0.0,,,,,,,
mixed,gemma-2-9b,0,misaligned_output_aligned_latent,610,0.4903536977491961,0.44552955,0.5,0.443427570442623,0.5,0.054470450000000004,0.05657242955737705,0.054470450000000004
mixed,gemma-2-9b,0,both_misaligned,0,0.0,,,,,,,
mixed,gemma-2-9b,1,both_aligned,347,0.27893890675241156,0.5736783999999999,0.6663851700000001,0.5760779938616715,0.6805654706397695,0.09187762999999993,0.12586932513544669,0.08923197000000016
mixed,gemma-2-9b,1,aligned_output_misaligned_latent,287,0.23070739549839228,0.5774954,0.36927915,0.577189104076655,0.3568218454006969,0.20417513999999992,0.2203672586759582,-0.20417513999999992
mixed,gemma-2-9b,1,misaligned_output_aligned_latent,345,0.27733118971061094,0.441673,0.6771209,0.44278922634782614,0.6743248231594203,0.22740972999999998,0.2315355968115942,0.22740972999999998
mixed,gemma-2-9b,1,both_misaligned,265,0.21302250803858522,0.44552955,0.31162113,0.44425862218867923,0.3011945455056604,0.13028295,0.15181650000377359,-0.13028295
mixed,gemma-2-9b,2,both_aligned,397,0.31913183279742763,0.5736783999999999,0.909982726,0.5730353979345089,0.8616758256384635,0.33346053,0.29122468039916877,0.33346053
mixed,gemma-2-9b,2,aligned_output_misaligned_latent,237,0.19051446945337622,0.5813031200000001,0.08152484999999998,0.5825201846413501,0.13334704274261605,0.50380861,0.44917314189873414,-0.50380861
mixed,gemma-2-9b,2,misaligned_output_aligned_latent,364,0.29260450160771706,0.441673,0.933029765,0.4420461614835165,0.8821756493956043,0.48926862000000004,0.4401294879120879,0.48926862000000004
mixed,gemma-2-9b,2,both_misaligned,246,0.1977491961414791,0.44552955,0.149191415,0.4454716064634146,0.18179422615873983,0.283400105,0.266417368028252,-0.283400105
mixed,gemma-2-9b,3,both_aligned,375,0.30144694533762056,0.5736783999999999,0.949678138,0.5722108431466667,0.8890481502853697,0.37404583699999994,0.32020133935203626,0.37404583699999994
mixed,gemma-2-9b,3,aligned_output_misaligned_latent,259,0.20819935691318328,0.5813031200000001,0.056868139999999956,0.5829083805405405,0.12673915884555984,0.52042061,0.45616922169498064,-0.52042061
mixed,gemma-2-9b,3,misaligned_output_aligned_latent,398,0.319935691318328,0.441673,0.95704295,0.4423507454522613,0.8947946455527638,0.511740905,0.4524439001005025,0.511740905
mixed,gemma-2-9b,3,both_misaligned,212,0.17041800643086816,0.44552955,0.08051241,0.445449156981132,0.13993509066875,0.35318615,0.30707557065200475,-0.35318615
mixed,gemma-2-9b,4,both_aligned,399,0.3207395498392283,0.5736783999999999,0.96732322,0.5728130511278196,0.9086755823516677,0.387935849,0.33680147578525166,0.387935849
mixed,gemma-2-9b,4,aligned_output_misaligned_latent,235,0.18890675241157556,0.5851012,0.06075129999999995,0.5829784227234043,0.12003688759574468,0.5221694299999999,0.46294153512765956,-0.5221694299999999
mixed,gemma-2-9b,4,misaligned_output_aligned_latent,411,0.33038585209003213,0.44552955,0.9744035,0.4431149575182482,0.9168299108272506,0.52395925,0.4737149533090025,0.52395925
mixed,gemma-2-9b,4,both_misaligned,199,0.159967845659164,0.44552955,0.078886256,0.44407321824120605,0.12228946777206331,0.3614824029,0.3221778074540673,-0.3614824029
mixed,gemma-2-9b,5,both_aligned,403,0.32395498392282956,0.5736783999999999,0.97390113,0.5723895315384615,0.9163674955123027,0.39430393100000005,0.34572692154207946,0.39430393100000005
mixed,gemma-2-9b,5,aligned_output_misaligned_latent,231,0.18569131832797428,0.5851012,0.05705800000000005,0.583893313982684,0.12629132012554112,0.52503812,0.45760199385714284,-0.52503812
mixed,gemma-2-9b,5,misaligned_output_aligned_latent,409,0.3287781350482315,0.44552955,0.9746259,0.44355435344743277,0.9096707961858191,0.52131706,0.4661164427383863,0.52131706
mixed,gemma-2-9b,5,both_misaligned,201,0.16157556270096463,0.441673,0.057410054,0.4431695891044776,0.10627464353153632,0.386100534,0.33926126288637415,-0.386100534
mixed,gemma-2-9b,6,both_aligned,390,0.3135048231511254,0.5736783999999999,0.980220871,0.5727074664615385,0.9299973470994218,0.4001433649375,0.35841572766352436,0.4001433649375
mixed,gemma-2-9b,6,aligned_output_misaligned_latent,244,0.19614147909967847,0.5813031200000001,0.07065739999999998,0.5827722328688525,0.13693527625,0.5098232199999999,0.4458369566188525,-0.5098232199999999
mixed,gemma-2-9b,6,misaligned_output_aligned_latent,416,0.33440514469453375,0.44552955,0.98525308,0.4440905994711538,0.9187946706009615,0.52856465,0.4747040711298077,0.52856465
mixed,gemma-2-9b,6,both_misaligned,194,0.15594855305466238,0.441673,0.049622685,0.4420058174742268,0.09801398108448248,0.391084595,0.3450050476268577,-0.391084595
mixed,gemma-2-9b,7,both_aligned,356,0.2861736334405145,0.5774954,0.99543988705,0.5771277971910113,0.9691429521920787,0.40855574790000004,0.39201515500106743,0.40855574790000004
mixed,gemma-2-9b,7,aligned_output_misaligned_latent,278,0.22347266881028938,0.5774954,0.027757299999999985,0.5758807228057554,0.04829667015251799,0.54589258,0.5275840526532374,-0.54589258
mixed,gemma-2-9b,7,misaligned_output_aligned_latent,472,0.37942122186495175,0.441673,0.96038385,0.4428951868855932,0.9367957739830509,0.51324875,0.4939005870974576,0.51324875
mixed,gemma-2-9b,7,both_misaligned,138,0.11093247588424437,0.44552955,0.0124170185,0.4452484765217391,0.04108843254249275,0.4255336352,0.4041600439792464,-0.4255336352
mixed,gemma-2-9b,8,both_aligned,355,0.2853697749196141,0.5774954,0.9993787699,0.5772568391267605,0.9793431352587859,0.4138361481,0.40208629613202534,0.4138361481
mixed,gemma-2-9b,8,aligned_output_misaligned_latent,279,0.22427652733118972,0.5774954,0.016567699999999963,0.5757209994623655,0.029277906012186383,0.56033505,0.5464430934501792,-0.56033505
mixed,gemma-2-9b,8,misaligned_output_aligned_latent,478,0.3842443729903537,0.441673,0.98064828,0.4427044073640167,0.9661833563389121,0.53307462,0.5234789489748954,0.53307462
mixed,gemma-2-9b,8,both_misaligned,132,0.10610932475884244,0.44939261,0.00289943235,0.44604629734848483,0.016368637583257576,0.43772566700000004,0.42967765976522726,-0.43772566700000004
mixed,gemma-2-9b,9,both_aligned,356,0.2861736334405145,0.5774954,0.9995046235,0.5772360409269662,0.9799671191464256,0.41397151092,0.4027310782194593,0.41397151092
mixed,gemma-2-9b,9,aligned_output_misaligned_latent,278,0.22347266881028938,0.5774954,0.018032415000000024,0.5757421085251798,0.03415987344280576,0.55696909,0.5415822350823741,-0.55696909
mixed,gemma-2-9b,9,misaligned_output_aligned_latent,476,0.38263665594855306,0.441673,0.98533547,0.4427005533403361,0.9678788953781512,0.5370691599999999,0.5251783420378151,0.5370691599999999
mixed,gemma-2-9b,9,both_misaligned,134,0.10771704180064309,0.44939261,0.0038623396500000002,0.44601010880597014,0.021647688406940296,0.4363164799,0.4243624203990298,-0.4363164799
mixed,gemma-2-9b,10,both_aligned,353,0.2837620578778135,0.5774954,0.99971359604,0.577385828243626,0.9757928278307294,0.41272462600000004,0.39840699958710335,0.41272462600000004
mixed,gemma-2-9b,10,aligned_output_misaligned_latent,281,0.22588424437299034,0.5774954,0.019701100000000027,0.5755698909964413,0.03572951255765124,0.5541272004,0.53984037843879,-0.5541272004
mixed,gemma-2-9b,10,misaligned_output_aligned_latent,482,0.387459807073955,0.441673,0.98621355,0.4428566115975104,0.9732076724481328,0.538210685,0.5303510608506224,0.538210685
mixed,gemma-2-9b,10,both_misaligned,128,0.10289389067524116,0.447461075,0.0071358941999999995,0.44557758734375,0.022846265435390624,0.4352877498,0.4227313219083594,-0.4352877498
mixed,gemma-2-9b,11,both_aligned,352,0.2829581993569132,0.5774954,0.999875605105,0.57748390375,0.978981081128876,0.41484116231,0.4019986483447852,0.41484116231
mixed,gemma-2-9b,11,aligned_output_misaligned_latent,282,0.2266881028938907,0.5774954,0.014583404999999994,0.57545391,0.029543684065602836,0.5596947800000001,0.5459102259343971,-0.5596947800000001
mixed,gemma-2-9b,11,misaligned_output_aligned_latent,481,0.3866559485530547,0.441673,0.99148655,0.44287506301455304,0.981444175925156,0.54255044,0.5385691129106029,0.54255044
mixed,gemma-2-9b,11,both_misaligned,129,0.10369774919614148,0.44552955,0.005071044,0.44548769503875973,0.025227622421782944,0.436105195,0.42125332067899224,-0.436105195
mixed,gemma-2-9b,12,both_aligned,346,0.27813504823151125,0.5774954,0.9999350308075,0.57743172,0.9797300616615658,0.41468354872999996,0.4023011165748605,0.41468354872999996
mixed,gemma-2-9b,12,aligned_output_misaligned_latent,288,0.2315112540192926,0.5774954,0.011230550000000006,0.5755588945138889,0.034413122711805556,0.5614066799999999,0.5411457718020833,-0.5614066799999999
mixed,gemma-2-9b,12,misaligned_output_aligned_latent,485,0.38987138263665594,0.441673,0.99309087,0.44276266981443296,0.9837923516288659,0.5464304499999999,0.541029681814433,0.5464304499999999
mixed,gemma-2-9b,12,both_misaligned,125,0.10048231511254019,0.44939260000000003,0.0024737457,0.44600738488,0.019111457833128,0.43915942069999997,0.42689592704687196,-0.43915942069999997
mixed,gemma-2-9b,13,both_aligned,349,0.2805466237942122,0.5774954,0.99994843844,0.5773110070773639,0.979892005278143,0.41486140498300006,0.402580998200779,0.41486140498300006
mixed,gemma-2-9b,13,aligned_output_misaligned_latent,285,0.22909967845659163,0.5774954,0.009889840000000039,0.5756870009473684,0.028185103445333332,0.5636307600000001,0.547501897502035,-0.5636307600000001
mixed,gemma-2-9b,13,misaligned_output_aligned_latent,484,0.3890675241157556,0.441673,0.99416788,0.44274897157024795,0.985098396053719,0.54625255,0.5423494244834711,0.54625255
mixed,gemma-2-9b,13,both_misaligned,126,0.10128617363344052,0.44939261,0.00304904965,0.4460342518253968,0.022390431780603175,0.43772312863699997,0.4236438200447937,-0.43772312863699997
mixed,gemma-2-9b,14,both_aligned,349,0.2805466237942122,0.5774954,0.999964118004,0.5774855772779369,0.9847276142086989,0.41488366042,0.40724203693076183,0.41488366042
mixed,gemma-2-9b,14,aligned_output_misaligned_latent,285,0.22909967845659163,0.5774954,0.008823499999999984,0.5754732290175438,0.026790706333157895,0.56581957,0.548682522684386,-0.56581957
mixed,gemma-2-9b,14,misaligned_output_aligned_latent,483,0.3882636655948553,0.441673,0.99459326,0.44275119925465833,0.9852072614492754,0.54753903,0.542456062194617,0.54753903
mixed,gemma-2-9b,14,both_misaligned,127,0.10209003215434084,0.44939260000000003,0.0032536983,0.4459999112598425,0.020492378002818896,0.439923707,0.4255075332570236,-0.439923707
mixed,gemma-2-9b,15,both_aligned,347,0.27893890675241156,0.5774954,0.99992831893,0.5775530115850144,0.9761390861221475,0.41352208339999996,0.3996157945371332,0.41352208339999996
mixed,gemma-2-9b,15,aligned_output_misaligned_latent,287,0.23070739549839228,0.5774954,0.006334900000000032,0.5754057202787456,0.02498935330273171,0.56609188,0.5504163669760139,-0.56609188
mixed,gemma-2-9b,15,misaligned_output_aligned_latent,483,0.3882636655948553,0.441673,0.9930097,0.44275119925465833,0.984394857494824,0.54532325,0.5416436582401656,0.54532325
mixed,gemma-2-9b,15,both_misaligned,127,0.10209003215434084,0.44939260000000003,0.005446602,0.4459999112598425,0.028834159435590555,0.436438754,0.417165751824252,-0.436438754
mixed,gemma-2-9b,16,both_aligned,351,0.2821543408360129,0.5774954,0.99992728233,0.5772343824786325,0.9791086336298985,0.4144393674,0.40196178778944275,0.4144393674
mixed,gemma-2-9b,16,aligned_output_misaligned_latent,283,0.227491961414791,0.5774954,0.009471099999999955,0.5757705600353357,0.028067374534487637,0.56411693,0.5477031855008481,-0.56411693
mixed,gemma-2-9b,16,misaligned_output_aligned_latent,486,0.39067524115755625,0.441673,0.993404325,0.4428240644855967,0.9835060809876542,0.54682397,0.5406820165020576,0.54682397
mixed,gemma-2-9b,16,both_misaligned,124,0.09967845659163987,0.44552955,0.0060633122000000005,0.44579292443548385,0.025963461655241934,0.43583703,0.42082311923185484,-0.43583703
mixed,gemma-2-9b,17,both_aligned,350,0.28135048231511256,0.5774954,0.9999119934875,0.5773655569428572,0.9766488113034417,0.4128562128,0.3996529620748703,0.4128562128
mixed,gemma-2-9b,17,aligned_output_misaligned_latent,284,0.2282958199356913,0.5774954,0.0069913799999999915,0.5756140556690141,0.025357853802887322,0.5653982550000001,0.5502562018661268,-0.5653982550000001
mixed,gemma-2-9b,17,misaligned_output_aligned_latent,485,0.38987138263665594,0.441673,0.9932239,0.4427070744329897,0.9838956303092784,0.54567758,0.5411885558762887,0.54567758
mixed,gemma-2-9b,17,both_misaligned,125,0.10048231511254019,0.44939262,0.010447905,0.44622309496,0.03314186274512,0.4326826667,0.41308123221488,-0.4326826667
mixed,gemma-2-9b,18,both_aligned,346,0.27813504823151125,0.5774954,0.9999714195730001,0.5774199452023121,0.9829097230736081,0.4147876373375,0.4058858504146486,0.4147876373375
mixed,gemma-2-9b,18,aligned_output_misaligned_latent,288,0.2315112540192926,0.5774954,0.0049896850000000215,0.575573040625,0.028367442869305554,0.56806678,0.5472055977556944,-0.56806678
mixed,gemma-2-9b,18,misaligned_output_aligned_latent,484,0.3890675241157556,0.441673,0.9944293,0.4426852670454545,0.9835853417727273,0.5475965650000001,0.5409000747272728,0.5475965650000001
mixed,gemma-2-9b,18,both_misaligned,126,0.10128617363344052,0.44939262,0.008520663000000001,0.4462789580952381,0.02546791417538095,0.433297037575,0.4208110439198572,-0.433297037575
mixed,gemma-2-9b,19,both_aligned,335,0.2692926045016077,0.5774954,0.999977180332,0.5776360131343283,0.9828431382631416,0.41489600058990006,0.40533753539747,0.41489600058990006
mixed,gemma-2-9b,19,aligned_output_misaligned_latent,299,0.24035369774919615,0.5774954,0.0037215000000000442,0.5753989041471571,0.029552870239598662,0.568147,0.5458460339075586,-0.568147
mixed,gemma-2-9b,19,misaligned_output_aligned_latent,484,0.3890675241157556,0.441673,0.995911115,0.44261371301652896,0.9854751239628099,0.549431435,0.542861410946281,0.549431435
mixed,gemma-2-9b,19,both_misaligned,126,0.10128617363344052,0.44939262,0.00690078945,0.44655381642857145,0.02595932201411111,0.4338326395,0.4205944944144603,-0.4338326395
mixed,gemma-2-9b,20,both_aligned,350,0.28135048231511256,0.5774954,0.99984776974,0.5772227508857143,0.9793060411617791,0.4136050883,0.4023190321046363,0.4136050883
mixed,gemma-2-9b,20,aligned_output_misaligned_latent,284,0.2282958199356913,0.5774954,0.008134539999999968,0.5757900490492958,0.03051952263355634,0.5638519399999999,0.5452705264157395,-0.5638519399999999
mixed,gemma-2-9b,20,misaligned_output_aligned_latent,484,0.3890675241157556,0.441673,0.9920433200000001,0.4426852670454545,0.9801278569421488,0.54351213,0.5374425898966942,0.54351213
mixed,gemma-2-9b,20,both_misaligned,126,0.10128617363344052,0.44939262,0.013355404000000001,0.4462789580952381,0.03312783043746032,0.42591728365000003,0.4131511276577778,-0.42591728365000003
mixed,gemma-2-9b,21,both_aligned,350,0.28135048231511256,0.5774954,0.99977656174,0.5772227508857143,0.9791837943303879,0.41183353949999996,0.40196104344467376,0.41183353949999996
mixed,gemma-2-9b,21,aligned_output_misaligned_latent,284,0.2282958199356913,0.5774954,0.009564899999999987,0.5757900490492958,0.033705222436267605,0.5619381800000001,0.5420848266130283,-0.5619381800000001
mixed,gemma-2-9b,21,misaligned_output_aligned_latent,484,0.3890675241157556,0.441673,0.991568935,0.4426852670454545,0.9789112525929752,0.54302539,0.5362259855475207,0.54302539
mixed,gemma-2-9b,21,both_misaligned,126,0.10128617363344052,0.44939262,0.016537451,0.4462789580952381,0.03668757815897619,0.42469955945000004,0.40959137993626193,-0.42469955945000004
mixed,gemma-2-9b,22,both_aligned,353,0.2837620578778135,0.5774954,0.9996168083,0.5769956332294618,0.9733206579922902,0.41116953599999995,0.3968024215333666,0.41116953599999995
mixed,gemma-2-9b,22,aligned_output_misaligned_latent,281,0.22588424437299034,0.5774954,0.011950499999999975,0.5760600648042705,0.03140206784911032,0.56108248,0.5446579969551602,-0.56108248
mixed,gemma-2-9b,22,misaligned_output_aligned_latent,484,0.3890675241157556,0.441673,0.990887685,0.4426852670454545,0.9776701950268596,0.54262754,0.534984927981405,0.54262754
mixed,gemma-2-9b,22,both_misaligned,126,0.10128617363344052,0.44939262,0.020425595,0.4462789580952381,0.041694090921293656,0.421447678,0.40458486717394443,-0.421447678
mixed,gemma-2-9b,23,both_aligned,352,0.2829581993569132,0.5774954,0.999688863755,0.5768066836931818,0.9710448699841122,0.4110787827,0.39470536731365774,0.4110787827
mixed,gemma-2-9b,23,aligned_output_misaligned_latent,282,0.2266881028938907,0.5774954,0.012686699999999995,0.5762992343262411,0.03295404119822695,0.55952092,0.5433451931280141,-0.55952092
mixed,gemma-2-9b,23,misaligned_output_aligned_latent,483,0.3882636655948553,0.441673,0.9891631,0.4426392705590062,0.9750569353416149,0.5386273800000001,0.5324176647826088,0.5386273800000001
mixed,gemma-2-9b,23,both_misaligned,127,0.10209003215434084,0.44939262,0.024539232,0.44642559283464567,0.05295829359811024,0.415816456,0.3934672992365354,-0.415816456
mixed,gemma-2-9b,24,both_aligned,630,0.5064308681672026,0.5774954,0.99022156,0.5769495012063491,0.9791092994077778,0.40858699445,0.40227711369349206,0.40858699445
mixed,gemma-2-9b,24,aligned_output_misaligned_latent,4,0.003215434083601286,0.521470815,0.31588656000000004,0.518537745,0.311315455,0.21142827999999997,0.20722229,-0.21142827999999997
mixed,gemma-2-9b,24,misaligned_output_aligned_latent,550,0.44212218649517687,0.44552955,0.993882415,0.44398917689090905,0.9632561405399999,0.5360956100000001,0.5192669636490909,0.5360956100000001
mixed,gemma-2-9b,24,both_misaligned,60,0.04823151125401929,0.43782347,0.06609314499999999,0.43827951133333337,0.127680602625,0.3610639575,0.31718675470833335,-0.3610639575
mixed,gemma-2-9b,25,both_aligned,348,0.2797427652733119,0.5774954,0.999667823305,0.5773869633045977,0.9766465386004345,0.41109934630375006,0.3992595752958368,0.41109934630375006
mixed,gemma-2-9b,25,aligned_output_misaligned_latent,286,0.22990353697749197,0.5774954,0.015428749999999991,0.575600257027972,0.04007205898951049,0.557867605,0.5355281980384615,-0.557867605
mixed,gemma-2-9b,25,misaligned_output_aligned_latent,480,0.3858520900321543,0.441673,0.986442825,0.4426529260416666,0.9706731610416667,0.538354325,0.528020235,0.538354325
mixed,gemma-2-9b,25,both_misaligned,130,0.1045016077170418,0.44939262,0.0222602785,0.44628779592307694,0.049911428541615385,0.413958013,0.39637636738146154,-0.413958013
mixed,gemma-2-9b,26,both_aligned,347,0.27893890675241156,0.5774954,0.9994895458,0.5773752257925072,0.9726801177558762,0.41088023963,0.3953048919633689,0.41088023963
mixed,gemma-2-9b,26,aligned_output_misaligned_latent,287,0.23070739549839228,0.5774954,0.017780070000000037,0.5756206738327526,0.03973114533797909,0.5547881399999999,0.5358895284947736,-0.5547881399999999
mixed,gemma-2-9b,26,misaligned_output_aligned_latent,483,0.3882636655948553,0.441673,0.9849127,0.44265518726708075,0.9698053161904763,0.53747625,0.5271501289233954,0.53747625
mixed,gemma-2-9b,26,both_misaligned,127,0.10209003215434084,0.44939262,0.030585885,0.4463650592125984,0.057625157522125985,0.404975828,0.3887399016904724,-0.404975828
mixed,gemma-2-9b,27,both_aligned,629,0.5056270096463023,0.5774954,0.990245581,0.5768620348330684,0.976680265335008,0.408110913,0.3998182305019396,0.408110913
mixed,gemma-2-9b,27,aligned_output_misaligned_latent,5,0.0040192926045016075,0.53120935,0.34470343999999997,0.541223366,0.31002231599999996,0.23229825999999998,0.23120105000000005,-0.23229825999999998
mixed,gemma-2-9b,27,misaligned_output_aligned_latent,552,0.4437299035369775,0.44552955,0.99414462,0.44413558762681155,0.9612780497028985,0.537505825,0.5171424620760869,0.537505825
mixed,gemma-2-9b,27,both_misaligned,58,0.04662379421221865,0.43782347,0.0904198575,0.4366892,0.10871835117931035,0.33757215500000004,0.32797084882068966,-0.33757215500000004
mixed,gemma-2-9b,28,both_aligned,630,0.5064308681672026,0.5774954,0.989438237,0.5767710177936508,0.9765639039346031,0.406338809,0.3997928861409524,0.406338809
mixed,gemma-2-9b,28,aligned_output_misaligned_latent,4,0.003215434083601286,0.5428398999999999,0.32158956,0.5466488825,0.33386804000000003,0.20572528,0.21278084249999998,-0.20572528
mixed,gemma-2-9b,28,misaligned_output_aligned_latent,543,0.4364951768488746,0.44552955,0.9929806,0.4442815872007366,0.9612236361804787,0.5362597,0.5169420489797422,0.5362597
mixed,gemma-2-9b,28,both_misaligned,67,0.053858520900321546,0.43782347,0.086206935,0.43650621074626866,0.12513507171791044,0.343940385,0.31351685723731343,-0.343940385
mixed,gemma-2-9b,29,both_aligned,622,0.5,0.5774954,0.9894141590000001,0.5767071072990354,0.9735155400327491,0.40613501295000004,0.3968084327337138,0.40613501295000004
mixed,gemma-2-9b,29,aligned_output_misaligned_latent,12,0.00964630225080386,0.5774954,0.37837705,0.570043,0.37538873833333336,0.1816722,0.19465426166666666,-0.1816722
mixed,gemma-2-9b,29,misaligned_output_aligned_latent,549,0.4413183279742765,0.44552955,0.9916117,0.4443941043169399,0.9566548114754099,0.53426268,0.5122607071584699,0.53426268
mixed,gemma-2-9b,29,both_misaligned,61,0.04903536977491962,0.43398148,0.09829192,0.4347287655737705,0.11792201167868853,0.33394856,0.3183955965180328,-0.33394856
mixed,gemma-2-9b,30,both_aligned,621,0.4991961414790997,0.5774954,0.989741613,0.5766386932367149,0.9736564980257005,0.4071583943,0.39707092459574883,0.4071583943
mixed,gemma-2-9b,30,aligned_output_misaligned_latent,13,0.01045016077170418,0.5774954,0.32851017000000005,0.5738237107692308,0.3176544492307692,0.24016591999999992,0.25616926153846153,-0.24016591999999992
mixed,gemma-2-9b,30,misaligned_output_aligned_latent,540,0.4340836012861736,0.44552955,0.992975875,0.4444653830185185,0.9610484454111111,0.5362996499999999,0.5165830623925926,0.5362996499999999
mixed,gemma-2-9b,30,both_misaligned,70,0.05627009646302251,0.43398148,0.07861478499999999,0.4354215877142857,0.11191112114,0.351736585,0.3235104665742857,-0.351736585
mixed,gemma-2-9b,31,both_aligned,603,0.4847266881028939,0.5774954,0.991163135,0.5764897274295191,0.9714677671903981,0.40770165840000006,0.39555524304446105,0.40770165840000006
mixed,gemma-2-9b,31,aligned_output_misaligned_latent,31,0.02491961414790997,0.5813031200000001,0.2822422,0.5783558419354838,0.25314025193548384,0.3013655500000001,0.32521559000000005,-0.3013655500000001
mixed,gemma-2-9b,31,misaligned_output_aligned_latent,532,0.42765273311897106,0.44552955,0.99311383,0.4446799440037594,0.9625111557067669,0.535946715,0.5178312117030075,0.535946715
mixed,gemma-2-9b,31,both_misaligned,78,0.06270096463022508,0.435902475,0.060752809000000005,0.4348857405128205,0.09761730640512821,0.36899267,0.33741189051794873,-0.36899267
mixed,gemma-2-9b,32,both_aligned,608,0.4887459807073955,0.5774954,0.988720417,0.5765162024342105,0.9705272665956085,0.40622144915,0.3946777363653454,0.40622144915
mixed,gemma-2-9b,32,aligned_output_misaligned_latent,26,0.02090032154340836,0.5813031200000001,0.23550635000000003,0.5780956023076923,0.23960175884615387,0.359742865,0.3384938434615385,-0.359742865
mixed,gemma-2-9b,32,misaligned_output_aligned_latent,521,0.4188102893890675,0.44552955,0.9939589,0.44491116491362764,0.9600297797600768,0.53640306,0.5151186148464492,0.53640306
mixed,gemma-2-9b,32,both_misaligned,89,0.07154340836012862,0.43398148,0.053285897,0.4347427084269663,0.08758881870898877,0.37370436,0.34715388971797756,-0.37370436
mixed,gemma-2-9b,33,both_aligned,594,0.477491961414791,0.5774954,0.990619706,0.5763667593771044,0.969717408118165,0.40752153385,0.39353293227641417,0.40752153385
mixed,gemma-2-9b,33,aligned_output_misaligned_latent,40,0.03215434083601286,0.5813031200000001,0.21295648,0.57976204175,0.20985932775,0.3687013900000001,0.369902714,-0.3687013900000001
mixed,gemma-2-9b,33,misaligned_output_aligned_latent,520,0.4180064308681672,0.44552955,0.99520575,0.4448654336923077,0.9606716840615385,0.5368970500000001,0.5158062503692308,0.5368970500000001
mixed,gemma-2-9b,33,both_misaligned,90,0.07234726688102894,0.43398148,0.0689934905,0.4351199161111111,0.09828118102555555,0.36599816,0.33844819530777775,-0.36599816
mixed,gemma-2-9b,34,both_aligned,591,0.47508038585209006,0.5774954,0.991127743,0.5764123542470388,0.9711573763839085,0.407806154,0.39474502213686974,0.407806154
mixed,gemma-2-9b,34,aligned_output_misaligned_latent,43,0.03456591639871383,0.5813031200000001,0.21011495999999996,0.5788984972093023,0.20464219511627907,0.3711881600000001,0.37425630209302324,-0.3711881600000001
mixed,gemma-2-9b,34,misaligned_output_aligned_latent,524,0.4212218649517685,0.44552955,0.994472215,0.44491556826335876,0.9592439061984733,0.53693383,0.5143283379351145,0.53693383
mixed,gemma-2-9b,34,both_misaligned,86,0.06913183279742766,0.43398148,0.052858669999999996,0.43436116511627904,0.08299538621011628,0.381434859,0.35176425262709304,-0.381434859
mixed,gemma-2-9b,35,both_aligned,590,0.4742765273311897,0.5774954,0.991446197,0.5762892013050848,0.9710801404572712,0.40843278299999997,0.39479093915218644,0.40843278299999997
mixed,gemma-2-9b,35,aligned_output_misaligned_latent,44,0.03536977491961415,0.5813031200000001,0.22877267500000004,0.5804933629545455,0.2108962956818182,0.349419045,0.36959706727272734,-0.349419045
mixed,gemma-2-9b,35,misaligned_output_aligned_latent,529,0.4252411575562701,0.44552955,0.9939131,0.444725499584121,0.9570269481001891,0.53611791,0.5123014485160681,0.53611791
mixed,gemma-2-9b,35,both_misaligned,81,0.06511254019292605,0.43398148,0.06389898,0.4349509714814815,0.0818212608382716,0.37979576,0.3531297106432099,-0.37979576
mixed,gemma-2-9b,36,both_aligned,571,0.4590032154340836,0.5774954,0.9918710589999999,0.5762314423117338,0.9716448459670579,0.40854793749999996,0.39566592740313483,0.40854793749999996
mixed,gemma-2-9b,36,aligned_output_misaligned_latent,63,0.05064308681672026,0.5813031200000001,0.16442009999999996,0.5797489393650794,0.16580831380952382,0.4168830200000001,0.41394062555555555,-0.4168830200000001
mixed,gemma-2-9b,36,misaligned_output_aligned_latent,522,0.41961414790996787,0.44552955,0.99415255,0.4449340717624521,0.957720183940613,0.5380331199999999,0.512786112178161,0.5380331199999999
mixed,gemma-2-9b,36,both_misaligned,88,0.0707395498392283,0.43398148,0.0373545885,0.4344912785227273,0.07524837896147728,0.38639335,0.35924289956125,-0.38639335
mixed,gemma-2-9b,37,both_aligned,573,0.46061093247588425,0.5774954,0.99131769,0.576254809790576,0.9686426057429826,0.40658040966,0.39238779595240664,0.40658040966
mixed,gemma-2-9b,37,aligned_output_misaligned_latent,61,0.04903536977491962,0.5813031200000001,0.16495729999999997,0.5796447660655738,0.16803548311475408,0.4201439,0.41160928295081967,-0.4201439
mixed,gemma-2-9b,37,misaligned_output_aligned_latent,533,0.4284565916398714,0.44552955,0.9939941,0.4447611425891182,0.9595434005853659,0.53768195,0.5147822579962477,0.53768195
mixed,gemma-2-9b,37,both_misaligned,77,0.06189710610932476,0.43398148,0.056491364,0.4341964801298701,0.08269191271129869,0.367669744,0.35150456741857145,-0.367669744
mixed,gemma-2-9b,38,both_aligned,581,0.4670418006430868,0.5774954,0.9896989,0.5761119176592083,0.9687796499435456,0.407795012,0.39303345438416526,0.407795012
mixed,gemma-2-9b,38,aligned_output_misaligned_latent,53,0.04260450160771704,0.5813031200000001,0.17536379999999996,0.5817228788679246,0.17742812811320757,0.40260365,0.404294750754717,-0.40260365
mixed,gemma-2-9b,38,misaligned_output_aligned_latent,517,0.41559485530546625,0.44552955,0.9961542,0.44484571241779497,0.9636098434158608,0.5385892999999999,0.5187641309980657,0.5385892999999999
mixed,gemma-2-9b,38,both_misaligned,93,0.0747588424437299,0.43398148,0.04552702,0.43554392096774197,0.08294948487129032,0.37716831700000003,0.35259443609645164,-0.37716831700000003
mixed,gemma-2-9b,39,both_aligned,568,0.4565916398713826,0.5774954,0.9931184579000001,0.5761858258978872,0.9716224009794648,0.40974612425,0.3954365750815775,0.40974612425
mixed,gemma-2-9b,39,aligned_output_misaligned_latent,66,0.05305466237942122,0.5813031200000001,0.12136369999999996,0.5799816307575758,0.1512163837878788,0.459894725,0.428765246969697,-0.459894725
mixed,gemma-2-9b,39,misaligned_output_aligned_latent,524,0.4212218649517685,0.44552955,0.9948339,0.44487135089694657,0.961113947889313,0.5384239,0.5162425969923664,0.5384239
mixed,gemma-2-9b,39,both_misaligned,86,0.06913183279742766,0.43398148,0.0403626015,0.4346305825581396,0.07141405076232558,0.383763835,0.3642792597027907,-0.383763835
mixed,gemma-2-9b,40,both_aligned,571,0.4590032154340836,0.5774954,0.990218036,0.5762119696322241,0.9668485233744307,0.4070842618,0.39113541136042035,0.4070842618
mixed,gemma-2-9b,40,aligned_output_misaligned_latent,63,0.05064308681672026,0.5813031200000001,0.14024115000000004,0.5799254298412698,0.15593659634920637,0.4436774,0.4239888334920635,-0.4436774
mixed,gemma-2-9b,40,misaligned_output_aligned_latent,522,0.41961414790996787,0.44552955,0.993991,0.44488330388888886,0.9622304151340997,0.53706585,0.5173471112452107,0.53706585
mixed,gemma-2-9b,40,both_misaligned,88,0.0707395498392283,0.43398148,0.056223173,0.4347924243181818,0.08972222743397727,0.373199265,0.3464026437023864,-0.373199265
mixed,gemma-2-9b,41,both_aligned,574,0.46141479099678456,0.5774954,0.990917057,0.5761585996341463,0.9700808525341811,0.4085563042,0.3941204806003833,0.4085563042
mixed,gemma-2-9b,41,aligned_output_misaligned_latent,60,0.04823151125401929,0.5813031200000001,0.16328674499999996,0.5806216758333334,0.16766959783333332,0.42302172499999996,0.412952078,-0.42302172499999996
mixed,gemma-2-9b,41,misaligned_output_aligned_latent,522,0.41961414790996787,0.44552955,0.9943033299999999,0.4448985879885058,0.9613573484712644,0.537823,0.5164587604827586,0.537823
mixed,gemma-2-9b,41,both_misaligned,88,0.0707395498392283,0.43398148,0.0516593755,0.4347017618181818,0.07856359104954545,0.38618165625,0.3561381707686364,-0.38618165625
mixed,gemma-2-9b,42,both_aligned,577,0.4638263665594855,0.5774954,0.9940137193,0.5760437419237435,0.9771418027461422,0.4117482506,0.401329029557234,0.4117482506
mixed,gemma-2-9b,42,aligned_output_misaligned_latent,57,0.04581993569131833,0.5813031200000001,0.12974346000000003,0.5820192570175439,0.13502220596491227,0.4439349399999999,0.4469970510526316,-0.4439349399999999
mixed,gemma-2-9b,42,misaligned_output_aligned_latent,518,0.41639871382636656,0.44552955,0.9975778,0.4448026922972973,0.9673660062895754,0.541856365,0.5225633139922781,0.541856365
mixed,gemma-2-9b,42,both_misaligned,92,0.07395498392282958,0.43398148,0.0300162185,0.4356850365217391,0.06117466889717391,0.39034209332500003,0.37451036762456524,-0.39034209332500003
not,gemma-2-9b,0,both_aligned,641,0.5128,0.5774954,0.5,0.5762755574882995,0.5,0.07749539999999999,0.07627555748829953,-0.07749539999999999
not,gemma-2-9b,0,aligned_output_misaligned_latent,0,0.0,,,,,,,
not,gemma-2-9b,0,misaligned_output_aligned_latent,609,0.4872,0.44939262,0.5,0.447642806683087,0.5,0.05060737999999998,0.05235719331691298,0.05060737999999998
not,gemma-2-9b,0,both_misaligned,0,0.0,,,,,,,
not,gemma-2-9b,1,both_aligned,352,0.2816,0.5774954,0.6658089199999999,0.5747150651420454,0.6741630793892045,0.08928373499999992,0.11322524879261363,0.08886491999999996
not,gemma-2-9b,1,aligned_output_misaligned_latent,289,0.2312,0.5774954,0.36087525,0.578176226366782,0.35279929211072664,0.22027487,0.22537693425605534,-0.22027487
not,gemma-2-9b,1,misaligned_output_aligned_latent,309,0.2472,0.44939262,0.64854026,0.4471038825566343,0.6617134996763754,0.20896516999999998,0.2146096171197411,0.20896516999999998
not,gemma-2-9b,1,both_misaligned,300,0.24,0.44939262,0.32220075,0.4481978985333333,0.3239104731133333,0.12247237499999997,0.13262721542,-0.12247237499999997
not,gemma-2-9b,2,both_aligned,358,0.2864,0.5774954,0.936564355,0.5738964761173184,0.8757366791418435,0.360479504,0.3057074563206145,0.360479504
not,gemma-2-9b,2,aligned_output_misaligned_latent,283,0.2264,0.5774954,0.10142779999999996,0.5792851374558304,0.1393465383533569,0.47108595,0.43993859910247346,-0.47108595
not,gemma-2-9b,2,misaligned_output_aligned_latent,338,0.2704,0.44746108500000004,0.90243327,0.44636128541420117,0.855878605,0.4572635,0.4095173195857988,0.4572635
not,gemma-2-9b,2,both_misaligned,271,0.2168,0.44939262,0.120851636,0.4492411616236162,0.17152275522428045,0.33355654,0.2802306314915867,-0.33355654
not,gemma-2-9b,3,both_aligned,388,0.3104,0.5736783999999999,0.957281828,0.5729230568556701,0.881602391818585,0.3803847325,0.31315927042683245,0.3803847325
not,gemma-2-9b,3,aligned_output_misaligned_latent,253,0.2024,0.5813031200000001,0.04741379999999995,0.5814169418577075,0.10296598402371542,0.53031713,0.47845095783399205,-0.53031713
not,gemma-2-9b,3,misaligned_output_aligned_latent,329,0.2632,0.44939262,0.9568486,0.44726240565349545,0.8949936249544074,0.5023159899999999,0.44773121930091186,0.5023159899999999
not,gemma-2-9b,3,both_misaligned,280,0.224,0.44939262,0.11084163,0.44808977789285714,0.15531374997960715,0.344515997,0.2955467417703928,-0.344515997
not,gemma-2-9b,4,both_aligned,385,0.308,0.5736783999999999,0.969641328,0.5725700212727273,0.9002036718660962,0.39003407999999995,0.33013684550245975,0.39003407999999995
not,gemma-2-9b,4,aligned_output_misaligned_latent,256,0.2048,0.5813031200000001,0.038479894999999986,0.5818483365625,0.09654779140234375,0.538443335,0.48530054516015625,-0.538443335
not,gemma-2-9b,4,misaligned_output_aligned_latent,319,0.2552,0.44939262,0.97442645,0.44746860915360503,0.9169576627899687,0.51661165,0.4694890536363637,0.51661165
not,gemma-2-9b,4,both_misaligned,290,0.232,0.44939262,0.08934918,0.4478344239655172,0.14507247452268276,0.354469164,0.30603521889111035,-0.354469164
not,gemma-2-9b,5,both_aligned,392,0.3136,0.5774954,0.9713781475000001,0.5771042236734694,0.9136736999119617,0.38013581075,0.337335949197676,0.38013581075
not,gemma-2-9b,5,aligned_output_misaligned_latent,249,0.1992,0.5774954,0.025812150000000034,0.5749709906425703,0.08022793124417671,0.54434345,0.4947430593983936,-0.54434345
not,gemma-2-9b,5,misaligned_output_aligned_latent,294,0.2352,0.44552955,0.9682930000000001,0.4450231909183674,0.9112642413605442,0.520197875,0.46624105044217684,0.520197875
not,gemma-2-9b,5,both_misaligned,315,0.252,0.45326185,0.03923744,0.45008778139682537,0.10217342733646032,0.3974315,0.3485712472667143,-0.3974315
not,gemma-2-9b,6,both_aligned,363,0.2904,0.5774954,0.9902845025,0.5734117798898072,0.9213742450557169,0.4065960366,0.34855894902265894,0.4065960366
not,gemma-2-9b,6,aligned_output_misaligned_latent,278,0.2224,0.5774954,0.029050834999999997,0.5800149505395683,0.08279791648201439,0.542893015,0.49721703405755396,-0.542893015
not,gemma-2-9b,6,misaligned_output_aligned_latent,368,0.2944,0.44939262,0.9725532,0.4468598250271739,0.9251271248097825,0.51877115,0.4782672997826087,0.51877115
not,gemma-2-9b,6,both_misaligned,241,0.1928,0.44939262,0.059118927,0.44883839692946054,0.12004762169514523,0.38675236999999996,0.3293756768110788,-0.38675236999999996
not,gemma-2-9b,7,both_aligned,394,0.3152,0.5736783999999999,0.9937301277999999,0.5726138275126904,0.9465940718560797,0.41110107483825004,0.37453358495252637,0.41110107483825004
not,gemma-2-9b,7,aligned_output_misaligned_latent,247,0.1976,0.5813031200000001,0.013864899999999958,0.5821165356680162,0.07520818874008096,0.55560595,0.5069083469279352,-0.55560595
not,gemma-2-9b,7,misaligned_output_aligned_latent,384,0.3072,0.45326185,0.97654308,0.44894843492187503,0.9201593809375,0.515845525,0.471210946015625,0.515845525
not,gemma-2-9b,7,both_misaligned,225,0.18,0.44552955,0.056662798,0.4454145344888889,0.10609394045768755,0.38221204999999997,0.33948065340897915,-0.38221204999999997
not,gemma-2-9b,8,both_aligned,370,0.296,0.5774954,0.9975294173,0.5759731515675676,0.9784703650654866,0.41500568354999995,0.402623315660081,0.41500568354999995
not,gemma-2-9b,8,aligned_output_misaligned_latent,271,0.2168,0.5774954,0.0036285000000000345,0.5766884364206641,0.035259881602952035,0.5664731900000001,0.5414285548177122,-0.5664731900000001
not,gemma-2-9b,8,misaligned_output_aligned_latent,310,0.248,0.45326185,0.9953079549999999,0.45015785,0.9660312377096775,0.5348945549999999,0.5158733877096774,0.5348945549999999
not,gemma-2-9b,8,both_misaligned,299,0.2392,0.44552955,0.009750307,0.4450352366889632,0.02573510757896321,0.4230736833,0.41930012911000003,-0.4230736833
not,gemma-2-9b,9,both_aligned,376,0.3008,0.5774954,0.99667236115,0.57522250125,0.9766007565621809,0.414668345,0.4015456710036702,0.414668345
not,gemma-2-9b,9,aligned_output_misaligned_latent,265,0.212,0.5774954,0.002345440000000032,0.5777697052075472,0.03870261608867925,0.56591297,0.5390670891188679,-0.56591297
not,gemma-2-9b,9,misaligned_output_aligned_latent,300,0.24,0.45326185,0.99532435,0.4502550381333333,0.9640039755666667,0.53375235,0.5137489374333333,0.53375235
not,gemma-2-9b,9,both_misaligned,309,0.2472,0.44552955,0.0067011965,0.44510665964401297,0.024685738843851134,0.431422306,0.42097182610760514,-0.431422306
not,gemma-2-9b,10,both_aligned,368,0.2944,0.5774954,0.99601987005,0.5764482122826087,0.9807938718359511,0.41393312779999997,0.40439349678160325,0.41393312779999997
not,gemma-2-9b,10,aligned_output_misaligned_latent,273,0.2184,0.5774954,0.00267326999999995,0.5760428213553113,0.038897342979853484,0.56584698,0.5371454783754579,-0.56584698
not,gemma-2-9b,10,misaligned_output_aligned_latent,291,0.2328,0.45326185,0.99383223,0.45005340615120276,0.9597079891065292,0.5328203300000001,0.5096545829553264,0.5328203300000001
not,gemma-2-9b,10,both_misaligned,318,0.2544,0.44552955,0.0067448615,0.44543688075471694,0.027079744163113206,0.4287258117,0.4184239924406604,-0.4287258117
not,gemma-2-9b,11,both_aligned,372,0.2976,0.5774954,0.9947259852,0.5764910752688172,0.9798687204315323,0.41332363515000003,0.4039643138723925,0.41332363515000003
not,gemma-2-9b,11,aligned_output_misaligned_latent,269,0.2152,0.5774954,0.0016159000000000034,0.5759775180297397,0.02039821644609665,0.57185924,0.5555793015836431,-0.57185924
not,gemma-2-9b,11,misaligned_output_aligned_latent,279,0.2232,0.45326185,0.9958892,0.44974512078853046,0.9700121407168459,0.53716701,0.5202670199283155,0.53716701
not,gemma-2-9b,11,both_misaligned,330,0.264,0.44552955,0.0071512172499999995,0.44586539566666666,0.023349185355939394,0.43074855995,0.4228192629167879,-0.43074855995
not,gemma-2-9b,12,both_aligned,374,0.2992,0.5774954,0.99723771215,0.5764345437165775,0.9834824588148129,0.41548377065,0.4070479150982353,0.41548377065
not,gemma-2-9b,12,aligned_output_misaligned_latent,267,0.2136,0.5774954,0.0005844000000000404,0.5760528576779027,0.02042909988078652,0.57168025,0.555623757797116,-0.57168025
not,gemma-2-9b,12,misaligned_output_aligned_latent,279,0.2232,0.45326185,0.9978141,0.4497311372759856,0.9729318436559139,0.53898048,0.5232007063799283,0.53898048
not,gemma-2-9b,12,both_misaligned,330,0.264,0.44552955,0.00392514465,0.4458772180909091,0.020286051460666667,0.43291315615,0.4256175451150909,-0.43291315615
not,gemma-2-9b,13,both_aligned,373,0.2984,0.5774954,0.996877751,0.5764113087131367,0.982691584774236,0.4145454799999999,0.40651625086002685,0.4145454799999999
not,gemma-2-9b,13,aligned_output_misaligned_latent,268,0.2144,0.5774954,0.0005804699999999996,0.5760866201492537,0.01984256962649254,0.5715766499999999,0.5562440505227612,-0.5715766499999999
not,gemma-2-9b,13,misaligned_output_aligned_latent,280,0.224,0.45326185,0.997050775,0.4498548835714286,0.9696202766428572,0.53887014,0.5197653930714285,0.53887014
not,gemma-2-9b,13,both_misaligned,329,0.2632,0.44552955,0.006938524,0.4457601880547113,0.02105743747200608,0.4295568192,0.4247027505827052,-0.4295568192
not,gemma-2-9b,14,both_aligned,371,0.2968,0.5774954,0.9969176054,0.5763855390835579,0.9838657183784636,0.416051745,0.40748017929490565,0.416051745
not,gemma-2-9b,14,aligned_output_misaligned_latent,270,0.216,0.5774954,0.0005553749999999691,0.5761244346296296,0.021493371758888893,0.5707552999999999,0.5546310628707407,-0.5707552999999999
not,gemma-2-9b,14,misaligned_output_aligned_latent,276,0.2208,0.45132723500000005,0.99599115,0.44946782586956524,0.9703850339492753,0.53792316,0.5209172080797101,0.53792316
not,gemma-2-9b,14,both_misaligned,333,0.2664,0.44552955,0.005538106,0.4461301781681682,0.019279215600570568,0.43335086285999996,0.4268509625675976,-0.43335086285999996
not,gemma-2-9b,15,both_aligned,370,0.296,0.5774954,0.9960360595,0.5764449893783784,0.9835773136315406,0.41518897834999996,0.4072463301991081,0.41518897834999996
not,gemma-2-9b,15,aligned_output_misaligned_latent,271,0.2168,0.5774954,0.00038810000000000233,0.5760442298154982,0.021363777613284132,0.5712609499999999,0.5546804522022141,-0.5712609499999999
not,gemma-2-9b,15,misaligned_output_aligned_latent,271,0.2168,0.45326185,0.99593574,0.4493969443911439,0.9720689882656826,0.5386908,0.5226720438745388,0.5386908
not,gemma-2-9b,15,both_misaligned,338,0.2704,0.44552955,0.004776956000000001,0.44623638266272186,0.019391740156656803,0.43348782595,0.4268446425060651,-0.43348782595
not,gemma-2-9b,16,both_aligned,369,0.2952,0.5774954,0.9966385365,0.5764836572899729,0.9833318614527371,0.4154645199999999,0.40684820416276424,0.4154645199999999
not,gemma-2-9b,16,aligned_output_misaligned_latent,272,0.2176,0.5774954,0.000455749999999977,0.575993245625,0.02283749439080882,0.56980076,0.5531557512341911,-0.56980076
not,gemma-2-9b,16,misaligned_output_aligned_latent,272,0.2176,0.45132723500000005,0.994517265,0.44938272602941176,0.9668081590441178,0.534634795,0.5174254330147059,0.534634795
not,gemma-2-9b,16,both_misaligned,337,0.2696,0.44552955,0.0048205853,0.44623848008902073,0.01961035615347181,0.433756049,0.42662812393554894,-0.433756049
not,gemma-2-9b,17,both_aligned,365,0.292,0.5774954,0.9949786966,0.5765569350958905,0.9829174174901095,0.4138553115999999,0.4063604823942191,0.4138553115999999
not,gemma-2-9b,17,aligned_output_misaligned_latent,276,0.2208,0.5774954,0.0006284999999999763,0.5759034457971015,0.0258936966884058,0.56967301,0.5500097491086956,-0.56967301
not,gemma-2-9b,17,misaligned_output_aligned_latent,274,0.2192,0.45132723500000005,0.99440355,0.44932696156934304,0.9631561310583941,0.53187254,0.5138291694890511,0.53187254
not,gemma-2-9b,17,both_misaligned,335,0.268,0.44552955,0.005529837,0.44626531880597015,0.02048140261808955,0.4324948802,0.42578391618788064,-0.4324948802
not,gemma-2-9b,18,both_aligned,371,0.2968,0.5774954,0.9973266802,0.5764683214824798,0.985586457631159,0.4167958998,0.40911813614867926,0.4167958998
not,gemma-2-9b,18,aligned_output_misaligned_latent,270,0.216,0.5774954,0.0002527500000000238,0.5760106854814815,0.016190052521851853,0.573234705,0.5598206329596296,-0.573234705
not,gemma-2-9b,18,misaligned_output_aligned_latent,270,0.216,0.45326185,0.9956638499999999,0.4495250627037037,0.9712066666666667,0.53609147,0.521681603962963,0.53609147
not,gemma-2-9b,18,both_misaligned,339,0.2712,0.44552955,0.006636832,0.446143664719764,0.02199387676224189,0.43192619239999996,0.4241497879575221,-0.43192619239999996
not,gemma-2-9b,19,both_aligned,372,0.2976,0.5774954,0.9966769054,0.5765017108064516,0.9866308376357258,0.41599616175,0.4101291268292742,0.41599616175
not,gemma-2-9b,19,aligned_output_misaligned_latent,269,0.2152,0.5774954,0.00034400000000001096,0.5759628101486989,0.018049058853903347,0.5728721999999999,0.5579137512947956,-0.5728721999999999
not,gemma-2-9b,19,misaligned_output_aligned_latent,267,0.2136,0.44939262,0.9960706,0.4491914900374532,0.9719568368539326,0.5360602,0.5227653468164793,0.5360602
not,gemma-2-9b,19,both_misaligned,342,0.2736,0.44552955,0.0071044759499999995,0.446433746871345,0.022658548306988303,0.4323354992,0.42385989259944445,-0.4323354992
not,gemma-2-9b,20,both_aligned,369,0.2952,0.5774954,0.995285568,0.5766508141192411,0.9841176233328456,0.41366845600000013,0.40746680921360434,0.41366845600000013
not,gemma-2-9b,20,aligned_output_misaligned_latent,272,0.2176,0.5774954,0.0005394300000000074,0.5757664777205882,0.02227949260551471,0.57022456,0.5534869851150735,-0.57022456
not,gemma-2-9b,20,misaligned_output_aligned_latent,266,0.2128,0.44939262,0.9939569500000001,0.4491470339849624,0.9669979469924811,0.534660515,0.5178509130075188,0.534660515
not,gemma-2-9b,20,both_misaligned,343,0.2744,0.44552955,0.008779468,0.4464762630612245,0.024833572102040815,0.4303824188,0.42164269095918366,-0.4303824188
not,gemma-2-9b,21,both_aligned,368,0.2944,0.5774954,0.9946696702,0.5765120951630435,0.9816266242675,0.41195761574999995,0.40511452910445656,0.41195761574999995
not,gemma-2-9b,21,aligned_output_misaligned_latent,273,0.2184,0.5774954,0.0010227999999999904,0.5759567081684982,0.02411237345860806,0.56979081,0.5518443347098901,-0.56979081
not,gemma-2-9b,21,misaligned_output_aligned_latent,266,0.2128,0.44939262,0.99145917,0.4491470339849624,0.965090212443609,0.5329425400000001,0.5159431784586466,0.5329425400000001
not,gemma-2-9b,21,both_misaligned,343,0.2744,0.44552955,0.01144653,0.4464762630612245,0.027502980041982508,0.42762468,0.41900214266938773,-0.42762468
not,gemma-2-9b,22,both_aligned,370,0.296,0.5774954,0.9933902025,0.5764443661351352,0.9826250154045946,0.41137686339999996,0.40618064926945946,0.41137686339999996
not,gemma-2-9b,22,aligned_output_misaligned_latent,271,0.2168,0.5774954,0.00187550000000003,0.5760450807380073,0.02845002409594096,0.56904301,0.5475950566420664,-0.56904301
not,gemma-2-9b,22,misaligned_output_aligned_latent,270,0.216,0.44939262,0.989151425,0.4491937476296296,0.9637922444814815,0.53005445,0.5145984968518519,0.53005445
not,gemma-2-9b,22,both_misaligned,339,0.2712,0.44552955,0.012587786,0.4464075439823009,0.030578416155663715,0.424680652,0.41595520381483775,-0.424680652
not,gemma-2-9b,23,both_aligned,372,0.2976,0.5774954,0.992030542,0.5763469420698925,0.9790621123314517,0.40952019749999996,0.4027151702615591,0.40952019749999996
not,gemma-2-9b,23,aligned_output_misaligned_latent,269,0.2152,0.5774954,0.0019207999999999448,0.5761768397769517,0.030173643394052038,0.56938502,0.5460031963828996,-0.56938502
not,gemma-2-9b,23,misaligned_output_aligned_latent,271,0.2168,0.44939262,0.98623514,0.44926767247232474,0.954704863099631,0.52735329,0.5054371906273063,0.52735329
not,gemma-2-9b,23,both_misaligned,338,0.2704,0.44552955,0.018962672,0.4463400296745562,0.03801339321893491,0.41993534000000005,0.40896562799408287,-0.41993534000000005
not,gemma-2-9b,24,both_aligned,365,0.292,0.5774954,0.989304066,0.576493496,0.9731625284315067,0.40527135999999997,0.3966690324315068,0.40527135999999997
not,gemma-2-9b,24,aligned_output_misaligned_latent,276,0.2208,0.5774954,0.0030764950000000124,0.5759873417028986,0.030721281898550726,0.56745314,0.5452660598043478,-0.56745314
not,gemma-2-9b,24,misaligned_output_aligned_latent,271,0.2168,0.44939262,0.98129135,0.44923913007380073,0.9520060315129152,0.5221939099999999,0.5027669014391144,0.5221939099999999
not,gemma-2-9b,24,both_misaligned,338,0.2704,0.44552955,0.024983202500000003,0.446362914260355,0.045905685642011834,0.41229216700000004,0.4010536098609468,-0.41229216700000004
not,gemma-2-9b,25,both_aligned,284,0.2272,0.5774954,0.99740307995,0.5755818189084507,0.9698919056420987,0.41083590332000003,0.39431008673364787,0.41083590332000003
not,gemma-2-9b,25,aligned_output_misaligned_latent,357,0.2856,0.5774954,0.007372599999999951,0.576827439159664,0.02340286595798319,0.5675194,0.5534245732016807,-0.5675194
not,gemma-2-9b,25,misaligned_output_aligned_latent,341,0.2728,0.44552955,0.98282814,0.44628914478005866,0.958456068914956,0.52967343,0.5121669241348973,0.52967343
not,gemma-2-9b,25,both_misaligned,268,0.2144,0.44939262,0.019667713,0.4493651899253731,0.05132953586485075,0.42444398615,0.3980356540605224,-0.42444398615
not,gemma-2-9b,26,both_aligned,286,0.2288,0.5774954,0.9960345045000001,0.5755411958041958,0.9648386513928496,0.41098380369000004,0.3894402771271154,0.41098380369000004
not,gemma-2-9b,26,aligned_output_misaligned_latent,355,0.284,0.5774954,0.009621899999999961,0.5768671840845071,0.023742995663380284,0.56455055,0.5531241884211268,-0.56455055
not,gemma-2-9b,26,misaligned_output_aligned_latent,339,0.2712,0.44552955,0.98019224,0.4464859921533923,0.9544869792330384,0.525984,0.508000987079646,0.525984
not,gemma-2-9b,26,both_misaligned,270,0.216,0.44939262,0.022110492000000002,0.4490952515925926,0.05433730636474074,0.42492314649999996,0.39475794522785185,-0.42492314649999996
not,gemma-2-9b,27,both_aligned,468,0.3744,0.5736783999999999,0.99694454665,0.5735122776068377,0.9748731271572051,0.41348909015,0.4015616113452393,0.41348909015
not,gemma-2-9b,27,aligned_output_misaligned_latent,173,0.1384,0.5813031200000001,0.028805300000000034,0.5837507886127167,0.08435936502890173,0.5452354,0.499391423583815,-0.5452354
not,gemma-2-9b,27,misaligned_output_aligned_latent,486,0.3888,0.45326185,0.98625428,0.45121710820987654,0.9453916202263375,0.5222472650000001,0.49417451201646095,0.5222472650000001
not,gemma-2-9b,27,both_misaligned,123,0.0984,0.43398148,0.02960217,0.4335199567479675,0.07460632283167479,0.394295454,0.3615766783065366,-0.394295454
not,gemma-2-9b,28,both_aligned,362,0.2896,0.5774954,0.9842728439999999,0.5760365129005525,0.9618689279252487,0.4010776692,0.3858822807705525,0.4010776692
not,gemma-2-9b,28,aligned_output_misaligned_latent,279,0.2232,0.5774954,0.009001900000000007,0.5765857156989247,0.04332586796308244,0.56057054,0.5332598477358422,-0.56057054
not,gemma-2-9b,28,misaligned_output_aligned_latent,312,0.2496,0.45132723500000005,0.97959263,0.44903599019230767,0.9415105095833334,0.51933527,0.4924745193910257,0.51933527
not,gemma-2-9b,28,both_misaligned,297,0.2376,0.44552955,0.03009091,0.4461792603703704,0.06523536473164983,0.404429796,0.38121908775993263,-0.404429796
not,gemma-2-9b,29,both_aligned,356,0.2848,0.5774954,0.9876921475,0.5763252539606741,0.9627189095473034,0.4031328600000001,0.3864050149124719,0.4031328600000001
not,gemma-2-9b,29,aligned_output_misaligned_latent,285,0.228,0.5774954,0.00922820000000002,0.576213480491228,0.04637191369403509,0.5591802600000001,0.529841566797193,-0.5591802600000001
not,gemma-2-9b,29,misaligned_output_aligned_latent,314,0.2512,0.45132723500000005,0.97547525,0.44907465869426755,0.9369840737261146,0.514317735,0.4879094150318471,0.514317735
not,gemma-2-9b,29,both_misaligned,295,0.236,0.44552955,0.030068874,0.4461187336949152,0.06261349857661017,0.4070067,0.38374426027084746,-0.4070067
not,gemma-2-9b,30,both_aligned,462,0.3696,0.5736783999999999,0.9953586138,0.5734941673376623,0.9697880191861052,0.41304394055,0.3963105999003909,0.41304394055
not,gemma-2-9b,30,aligned_output_misaligned_latent,179,0.1432,0.5813031200000001,0.03338359999999996,0.5834543410055866,0.09442172251396648,0.5405974499999999,0.4890326184916201,-0.5405974499999999
not,gemma-2-9b,30,misaligned_output_aligned_latent,483,0.3864,0.45326185,0.98279226,0.45142688190476193,0.93520116126294,0.51680473,0.48377427935817807,0.51680473
not,gemma-2-9b,30,both_misaligned,126,0.1008,0.43398148,0.037405788999999995,0.433137185,0.08063885556046031,0.38428249150000005,0.3547422092808096,-0.38428249150000005
not,gemma-2-9b,31,both_aligned,470,0.376,0.5736783999999999,0.9938696325,0.5734970059787234,0.9656315853494345,0.41062268795000006,0.3924473821366685,0.41062268795000006
not,gemma-2-9b,31,aligned_output_misaligned_latent,171,0.1368,0.5813031200000001,0.04298769999999996,0.5839125119298246,0.10832045964912279,0.52857998,0.4755920522807018,-0.52857998
not,gemma-2-9b,31,misaligned_output_aligned_latent,477,0.3816,0.45326185,0.9836391,0.4518868929559748,0.9375524852201258,0.51825476,0.48566559226415096,0.51825476
not,gemma-2-9b,31,both_misaligned,132,0.1056,0.43398148,0.0379279855,0.43230622219696974,0.08923530487318182,0.38646073550000004,0.34609807050560604,-0.38646073550000004
not,gemma-2-9b,32,both_aligned,477,0.3816,0.5736783999999999,0.993840158,0.5734989814675052,0.9639373403373438,0.40963569,0.39066212553650526,0.40963569
not,gemma-2-9b,32,aligned_output_misaligned_latent,164,0.1312,0.5813031200000001,0.047477049999999965,0.5843513304268293,0.11100507054878049,0.5252197,0.4733462598780488,-0.5252197
not,gemma-2-9b,32,misaligned_output_aligned_latent,474,0.3792,0.45326185,0.98228403,0.4516496435654009,0.9329533061392405,0.5168193000000001,0.4813036625738397,0.5168193000000001
not,gemma-2-9b,32,both_misaligned,135,0.108,0.43398148,0.04214275,0.43357435718518517,0.08365586957496297,0.38713187,0.3518141639065185,-0.38713187
not,gemma-2-9b,33,both_aligned,478,0.3824,0.5736783999999999,0.992662532,0.5735390810251046,0.964515296641523,0.408919603,0.39119055766662764,0.408919603
not,gemma-2-9b,33,aligned_output_misaligned_latent,163,0.1304,0.5813031200000001,0.050843360000000004,0.5843003166871166,0.11378834705521472,0.52779007,0.4705119696319019,-0.52779007
not,gemma-2-9b,33,misaligned_output_aligned_latent,472,0.3776,0.45326185,0.98267205,0.4516760706567796,0.931623644088983,0.517214675,0.4799475734322034,0.517214675
not,gemma-2-9b,33,both_misaligned,137,0.1096,0.43398148,0.036942452,0.4337471818978102,0.07619840770726277,0.39282343599999997,0.35815858966499997,-0.39282343599999997
not,gemma-2-9b,34,both_aligned,475,0.38,0.5736783999999999,0.9927908513,0.573522611768421,0.9644041272007411,0.4103146283,0.3909519517270569,0.4103146283
not,gemma-2-9b,34,aligned_output_misaligned_latent,166,0.1328,0.5813031200000001,0.0543014,0.5841529624096385,0.11629317825301205,0.52513479,0.4678597841566265,-0.52513479
not,gemma-2-9b,34,misaligned_output_aligned_latent,463,0.3704,0.45326185,0.9783931,0.4518101280561555,0.9296420892656588,0.51589916,0.4778319612095033,0.51589916
not,gemma-2-9b,34,both_misaligned,146,0.1168,0.43398148,0.040345127,0.4344272601369863,0.08483762189678082,0.39068559599999997,0.3528440631717123,-0.39068559599999997
not,gemma-2-9b,35,both_aligned,468,0.3744,0.5736783999999999,0.991636398,0.5735834554273503,0.9624014927714124,0.408665739,0.38937410631842095,0.408665739
not,gemma-2-9b,35,aligned_output_misaligned_latent,173,0.1384,0.5813031200000001,0.04683700000000002,0.5835582382080925,0.11407342589595375,0.5260106499999999,0.4694848123121387,-0.5260106499999999
not,gemma-2-9b,35,misaligned_output_aligned_latent,467,0.3736,0.45326185,0.97850513,0.45202031077087795,0.9294081407494647,0.5149725,0.47738782997858675,0.5149725
not,gemma-2-9b,35,both_misaligned,142,0.1136,0.43398148,0.036131541,0.4332463671830986,0.07883373847883099,0.39434511,0.354683033493,-0.39434511
not,gemma-2-9b,36,both_aligned,474,0.3792,0.5736783999999999,0.992028734,0.5736005471729958,0.9629015058175063,0.40812032735000003,0.3895163621466203,0.40812032735000003
not,gemma-2-9b,36,aligned_output_misaligned_latent,167,0.1336,0.5813031200000001,0.04657316,0.5838681017365269,0.1062463828742515,0.52896283,0.47762171886227545,-0.52896283
not,gemma-2-9b,36,misaligned_output_aligned_latent,458,0.3664,0.45326185,0.981315615,0.4517350438427947,0.9339997249563319,0.516104125,0.4822646811135371,0.516104125
not,gemma-2-9b,36,both_misaligned,151,0.1208,0.43398148,0.045485176,0.4352305906622516,0.09451602400754967,0.388622697,0.34278726850900665,-0.388622697
not,gemma-2-9b,37,both_aligned,470,0.376,0.5736783999999999,0.9917607445,0.5736404468297872,0.9637041269765043,0.408993085,0.3901317592956532,0.408993085
not,gemma-2-9b,37,aligned_output_misaligned_latent,171,0.1368,0.5813031200000001,0.04536779999999996,0.5835182592982456,0.11056457391812866,0.5281771099999999,0.47295368538011695,-0.5281771099999999
not,gemma-2-9b,37,misaligned_output_aligned_latent,467,0.3736,0.45326185,0.9816028,0.4519552094646681,0.9353964853747323,0.51712402,0.48344127591006425,0.51712402
not,gemma-2-9b,37,both_misaligned,142,0.1136,0.43398148,0.04543524,0.4334604679577465,0.09650537316630986,0.3853436265,0.3391960247914366,-0.3853436265
not,gemma-2-9b,38,both_aligned,473,0.3784,0.5736783999999999,0.989455133,0.5736651994714588,0.9614867420932685,0.4081520129999999,0.38796970317149265,0.4081520129999999
not,gemma-2-9b,38,aligned_output_misaligned_latent,168,0.1344,0.5813031200000001,0.04103109999999999,0.5836249583333333,0.1068704851190476,0.533025045,0.4767544732142857,-0.533025045
not,gemma-2-9b,38,misaligned_output_aligned_latent,456,0.3648,0.45326185,0.98142698,0.451896357872807,0.9348908621052632,0.5174438450000001,0.48299450423245616,0.5174438450000001
not,gemma-2-9b,38,both_misaligned,153,0.1224,0.43398148,0.05079916,0.4349655560784314,0.09446577069352942,0.377407032,0.34320019884895425,-0.377407032
not,gemma-2-9b,39,both_aligned,472,0.3776,0.5736783999999999,0.9908642405,0.5734774290677965,0.9599844438999153,0.4075627447,0.3870374283490678,0.4075627447
not,gemma-2-9b,39,aligned_output_misaligned_latent,169,0.1352,0.5813031200000001,0.04437184000000005,0.5840904486982248,0.10968196946745562,0.52989626,0.4744084792307693,-0.52989626
not,gemma-2-9b,39,misaligned_output_aligned_latent,464,0.3712,0.45326185,0.9826111,0.45193768118534483,0.936786819375,0.518372,0.4848491381896552,0.518372
not,gemma-2-9b,39,both_misaligned,145,0.116,0.43398148,0.045086175,0.4338992082758621,0.09434790863588965,0.388260967,0.3434191355020414,-0.388260967
not,gemma-2-9b,40,both_aligned,472,0.3776,0.5736783999999999,0.9913609029999999,0.5736437395550847,0.9573984706269004,0.40854592809999996,0.38386734501249364,0.40854592809999996
not,gemma-2-9b,40,aligned_output_misaligned_latent,169,0.1352,0.5813031200000001,0.04799070000000005,0.5836259602366864,0.10653199461538461,0.52553617,0.4770939656213018,-0.52553617
not,gemma-2-9b,40,misaligned_output_aligned_latent,467,0.3736,0.45326185,0.9823165,0.45169915186295506,0.9357069523768736,0.5183077500000001,0.4840078005139186,0.5183077500000001
not,gemma-2-9b,40,both_misaligned,142,0.1136,0.43398148,0.0473582735,0.434302572887324,0.09370108085323944,0.3888433565,0.34434017865380284,-0.3888433565
not,gemma-2-9b,41,both_aligned,445,0.356,0.5736783999999999,0.990938008,0.5737919470337078,0.9534732822111925,0.4062499368,0.3805933055595072,0.4062499368
not,gemma-2-9b,41,aligned_output_misaligned_latent,196,0.1568,0.5813031200000001,0.04087383,0.5819143669387755,0.09271463632653061,0.5375771950000001,0.48919973061224487,-0.5375771950000001
not,gemma-2-9b,41,misaligned_output_aligned_latent,491,0.3928,0.45326185,0.98049027,0.45106915095723016,0.9367898306720978,0.5176543299999999,0.4857206797148676,0.5176543299999999
not,gemma-2-9b,41,both_misaligned,118,0.0944,0.43398148,0.0400281845,0.43338573008474574,0.09092372803152543,0.38956369500000004,0.3455896252735593,-0.38956369500000004
not,gemma-2-9b,42,both_aligned,447,0.3576,0.5736783999999999,0.9949485064,0.573637636196868,0.9655007420160393,0.41106912675000007,0.3921831624634666,0.41106912675000007
not,gemma-2-9b,42,aligned_output_misaligned_latent,194,0.1552,0.5813031200000001,0.023148219999999997,0.5823536544845361,0.07653854572164948,0.5499841249999999,0.5058151087628866,-0.5499841249999999
not,gemma-2-9b,42,misaligned_output_aligned_latent,488,0.3904,0.45326185,0.98802395,0.4511186239344262,0.9478416569057377,0.524843465,0.4967230329713115,0.524843465
not,gemma-2-9b,42,both_misaligned,121,0.0968,0.43398148,0.032531798,0.43362463462809914,0.07282658899752066,0.400162521,0.36222720711818185,-0.400162521
