dataset,model,layer,case_type,n,fraction,median_behavioral_alignment,median_latent_alignment,mean_behavioral_alignment,mean_latent_alignment,median_abs_alignment_gap,mean_abs_alignment_gap,median_signed_alignment_gap
mixed,deberta-hate-tuned,0,both_aligned,873,0.7017684887459807,0.9946103706,0.5,0.9606307551009164,0.5,0.4946103706,0.4606307551009164,-0.4946103706
mixed,deberta-hate-tuned,0,aligned_output_misaligned_latent,0,0.0,,,,,,,
mixed,deberta-hate-tuned,0,misaligned_output_aligned_latent,371,0.2982315112540193,0.014678295,0.5,0.064150541048787,0.5,0.485321705,0.4358494589512129,0.485321705
mixed,deberta-hate-tuned,0,both_misaligned,0,0.0,,,,,,,
mixed,deberta-hate-tuned,1,both_aligned,567,0.4557877813504823,0.9953219267,0.5202823999999999,0.9709722661925924,0.5215902430864198,0.4706306456,0.4494501133001763,-0.4706306456
mixed,deberta-hate-tuned,1,aligned_output_misaligned_latent,306,0.2459807073954984,0.990056416,0.482051385,0.9414685433722222,0.4809922443137255,0.500538173,0.4604762990584967,-0.500538173
mixed,deberta-hate-tuned,1,misaligned_output_aligned_latent,178,0.1430868167202572,0.018898815,0.5214957,0.0820734882679775,0.5255714899999999,0.4975386014999999,0.4434980017320225,0.4975386014999999
mixed,deberta-hate-tuned,1,both_misaligned,193,0.155144694533762,0.011109186,0.47855318,0.0476205690020725,0.4792311273575129,0.459564048,0.4316830106870467,0.459564048
mixed,deberta-hate-tuned,2,both_aligned,429,0.3448553054662379,0.9942165883,0.58267403,0.9517104087181818,0.6001008896037296,0.3701353,0.3536349537997669,-0.3701353
mixed,deberta-hate-tuned,2,aligned_output_misaligned_latent,444,0.3569131832797427,0.9948657498,0.4420465249999999,0.9692497384301804,0.4299596493243243,0.545629078,0.5392900891058559,-0.545629078
mixed,deberta-hate-tuned,2,misaligned_output_aligned_latent,251,0.2017684887459807,0.019445753,0.5680354,0.0712133525490039,0.5690403569721115,0.5317763590000001,0.4978270044231075,0.5317763590000001
mixed,deberta-hate-tuned,2,both_misaligned,120,0.0964630225080385,0.0084139384999999,0.39949605,0.0493774936608333,0.3878943129166667,0.343883585,0.3416118260891666,0.343883585
mixed,deberta-hate-tuned,3,both_aligned,480,0.3858520900321543,0.994964058,0.5662668,0.960998863265625,0.5725589490416667,0.4206903354,0.392642946015625,-0.4206903354
mixed,deberta-hate-tuned,3,aligned_output_misaligned_latent,393,0.3159163987138264,0.9942005533,0.44307286,0.9601811573424937,0.4332564419338422,0.5321020298,0.5269247154086514,-0.5321020298
mixed,deberta-hate-tuned,3,misaligned_output_aligned_latent,195,0.1567524115755627,0.022363296,0.5914365,0.0741035555153846,0.6097324370256411,0.538859278,0.5356288815102564,0.538859278
mixed,deberta-hate-tuned,3,both_misaligned,176,0.1414790996784566,0.01028945825,0.4510007,0.0531230534295454,0.4474718202272727,0.4217328886499999,0.3953460892977272,0.4217328886499999
mixed,deberta-hate-tuned,4,both_aligned,493,0.3963022508038585,0.995132146,0.6687577,0.957881226970994,0.6634921046450305,0.3011008,0.3022877152671399,-0.3011008
mixed,deberta-hate-tuned,4,aligned_output_misaligned_latent,380,0.3054662379421222,0.9937478863,0.3297021249999999,0.9641979060694736,0.3331967614736842,0.630288169,0.6310011445957895,-0.630288169
mixed,deberta-hate-tuned,4,misaligned_output_aligned_latent,230,0.1848874598070739,0.0195127375,0.6729207500000001,0.0734031201652173,0.6746800212608695,0.6181693907,0.6012769010956522,0.6181693907
mixed,deberta-hate-tuned,4,both_misaligned,141,0.1133440514469453,0.0101358015,0.39441407,0.0490576814971631,0.37359066,0.355204031,0.329700737935461,0.355204031
mixed,deberta-hate-tuned,5,both_aligned,549,0.4413183279742765,0.9955308903,0.67794603,0.9692262175861566,0.6716935708014572,0.312343418,0.3114188353457194,-0.3114547082999999
mixed,deberta-hate-tuned,5,aligned_output_misaligned_latent,324,0.2604501607717042,0.990245102,0.3659857,0.9460662214453704,0.3506940187654321,0.589034655,0.5953722026799383,-0.589034655
mixed,deberta-hate-tuned,5,misaligned_output_aligned_latent,199,0.159967845659164,0.01564361,0.7452685,0.0695394145090452,0.7316617234170855,0.6672011,0.6621223089080402,0.6672011
mixed,deberta-hate-tuned,5,both_misaligned,172,0.1382636655948553,0.012151301,0.372703615,0.0579157397779069,0.3672931435465116,0.3262602177,0.3148589844662791,0.3262602177
mixed,deberta-hate-tuned,6,both_aligned,504,0.405144694533762,0.9953445869,0.6957111300000001,0.9664802211625,0.6808866718055555,0.2773700881000001,0.2946169585632936,-0.2773700881000001
mixed,deberta-hate-tuned,6,aligned_output_misaligned_latent,369,0.2966237942122186,0.992981266,0.3433225,0.9526412404802168,0.3433938969105691,0.62756913,0.6092473435696477,-0.62756913
mixed,deberta-hate-tuned,6,misaligned_output_aligned_latent,191,0.1535369774919614,0.021524943,0.6929601,0.0712180387513089,0.6750348161256545,0.612450869,0.6038167773743456,0.612450869
mixed,deberta-hate-tuned,6,both_misaligned,180,0.1446945337620578,0.0106064605,0.343815035,0.0566511407088888,0.3445510797222222,0.27949595545,0.29872397868,0.27949595545
mixed,deberta-hate-tuned,7,both_aligned,517,0.4155948553054662,0.9952538027,0.70499724,0.966655271867118,0.6998545100193424,0.2750322799999999,0.2779502623119922,-0.2735018
mixed,deberta-hate-tuned,7,aligned_output_misaligned_latent,356,0.2861736334405145,0.9935282745,0.3506144399999999,0.95188166755,0.3317635358988764,0.6103056389,0.6201181316511236,-0.6103056389
mixed,deberta-hate-tuned,7,misaligned_output_aligned_latent,192,0.1543408360128617,0.0232197229999999,0.65245226,0.0767726704125,0.686829185,0.5994815760000001,0.6100565145875,0.5994815760000001
mixed,deberta-hate-tuned,7,both_misaligned,179,0.1438906752411575,0.009400743,0.32523233,0.0506117207256983,0.3370523484357542,0.2842201252,0.2925259263692737,0.2842201252
mixed,deberta-hate-tuned,8,both_aligned,521,0.4188102893890675,0.9952874472,0.60818064,0.9680549965026872,0.6247482561612284,0.384229899,0.3548740992666027,-0.384193934
mixed,deberta-hate-tuned,8,aligned_output_misaligned_latent,352,0.2829581993569132,0.9929822145,0.37799498,0.9496420341625,0.3566192608522727,0.59203904315,0.5930227733102273,-0.59203904315
mixed,deberta-hate-tuned,8,misaligned_output_aligned_latent,185,0.1487138263665595,0.026126666,0.67179036,0.0810394104286486,0.689545382,0.604104806,0.6085059715713513,0.604104806
mixed,deberta-hate-tuned,8,both_misaligned,186,0.1495176848874598,0.0089151505,0.405633625,0.0473524720419354,0.4152652079569892,0.3850498466499999,0.3691666417215054,0.3850498466499999
mixed,deberta-hate-tuned,9,both_aligned,480,0.3858520900321543,0.9947604265,0.750641625,0.9620462425560417,0.7379351859166667,0.2182946892,0.237660380389375,-0.2129759407499999
mixed,deberta-hate-tuned,9,aligned_output_misaligned_latent,393,0.3159163987138264,0.994400525,0.3098307999999999,0.9589019154610688,0.3079000984223918,0.6549875700000001,0.6510018170386768,-0.6549875700000001
mixed,deberta-hate-tuned,9,misaligned_output_aligned_latent,198,0.1591639871382636,0.0271305505,0.72467455,0.0838654840964646,0.7306148766666667,0.655833763,0.646749392570202,0.655833763
mixed,deberta-hate-tuned,9,both_misaligned,173,0.1390675241157556,0.009400743,0.31929255,0.0415866177919075,0.2934708646820809,0.27251892,0.2584429892023122,0.2705700379999999
mixed,deberta-hate-tuned,10,both_aligned,497,0.3995176848874598,0.9943361725,0.62347937,0.9564110299875253,0.640092974386318,0.33140999,0.3219932653396378,-0.33140999
mixed,deberta-hate-tuned,10,aligned_output_misaligned_latent,376,0.3022508038585209,0.9950485698,0.381859635,0.9662084236683512,0.3716138828989362,0.5907741388000001,0.5945945407694149,-0.5907741388000001
mixed,deberta-hate-tuned,10,misaligned_output_aligned_latent,217,0.1744372990353697,0.015810851,0.6597722,0.0691859957838709,0.6579047560829493,0.598255131,0.5887187602990783,0.598255131
mixed,deberta-hate-tuned,10,both_misaligned,154,0.1237942122186495,0.0122897685,0.27987732,0.0570551275584415,0.323771388051948,0.2520698732499999,0.2809419752987013,0.2520698732499999
mixed,deberta-hate-tuned,11,both_aligned,553,0.4445337620578778,0.995396821,0.58223015,0.9684185390287522,0.5918302826401447,0.4100922757999999,0.3822421561716094,-0.4100922757999999
mixed,deberta-hate-tuned,11,aligned_output_misaligned_latent,320,0.2572347266881029,0.9913488765,0.42089206,0.947172491000625,0.4134009085,0.5457369205,0.5337715825006251,-0.5457369205
mixed,deberta-hate-tuned,11,misaligned_output_aligned_latent,191,0.1535369774919614,0.023887474,0.63794565,0.0782687262890052,0.6522163595287959,0.5744734,0.5739476332397906,0.5744734
mixed,deberta-hate-tuned,11,both_misaligned,180,0.1446945337620578,0.0096909139999999,0.41869396,0.0491695778216666,0.4289663082222222,0.3996619071,0.3814014950672222,0.3996619071
mixed,deberta-hate-tuned,12,both_aligned,458,0.3681672025723472,0.9943415143,0.58354448,0.961054420378821,0.5842653794541485,0.39776167635,0.3783561032827511,-0.39776167635
mixed,deberta-hate-tuned,12,aligned_output_misaligned_latent,415,0.3336012861736334,0.9950461676,0.4113542999999999,0.9601631919749396,0.4029924331807228,0.5655253176,0.5571707587942168,-0.5655253176
mixed,deberta-hate-tuned,12,misaligned_output_aligned_latent,234,0.1881028938906752,0.0116342345,0.58404994,0.0572847215089743,0.5923723720940172,0.5462223965,0.5350876505850428,0.5462223965
mixed,deberta-hate-tuned,12,both_misaligned,137,0.110128617363344,0.020333417,0.4242278,0.0758775612846715,0.4182717337226277,0.371420136,0.3485256052846715,0.371420136
mixed,deberta-hate-tuned,13,both_aligned,578,0.4646302250803859,0.9953946742,0.549867525,0.9618997193259516,0.5530762143252596,0.433378647,0.4101394020249135,-0.433378647
mixed,deberta-hate-tuned,13,aligned_output_misaligned_latent,295,0.2371382636655948,0.9926386774,0.4582926,0.9581444455345762,0.4548509271525423,0.522730241,0.5032935183820338,-0.522730241
mixed,deberta-hate-tuned,13,misaligned_output_aligned_latent,219,0.1760450160771704,0.027219474,0.5628058,0.0849521224748858,0.5696305458447488,0.5164833719999999,0.484678423369863,0.5164833719999999
mixed,deberta-hate-tuned,13,both_misaligned,152,0.1221864951768488,0.008138844,0.4602341,0.0341798414940789,0.456822253618421,0.4398373475,0.422642412124342,0.4398373475
mixed,deberta-hate-tuned,14,both_aligned,530,0.4260450160771704,0.99392267385,0.67710942,0.957658097171698,0.6723111163773585,0.292888161,0.2928435298509434,-0.292888161
mixed,deberta-hate-tuned,14,aligned_output_misaligned_latent,343,0.2757234726688103,0.9954477255,0.3660508,0.965224074933236,0.3564101734985423,0.6115708528,0.6088139014346939,-0.6115708528
mixed,deberta-hate-tuned,14,misaligned_output_aligned_latent,272,0.2186495176848874,0.01261200375,0.64526455,0.062035714205147,0.6583300919117647,0.6056952405,0.5962943777066176,0.6056952405
mixed,deberta-hate-tuned,14,both_misaligned,99,0.0795819935691318,0.018898815,0.36480683,0.0699609743969697,0.3692793331313131,0.3252937,0.309375119340404,0.3252937
mixed,deberta-hate-tuned,15,both_aligned,521,0.4188102893890675,0.995368794,0.57328343,0.9651785796295586,0.5838727109404991,0.4198141099999999,0.3852967435067178,-0.4198141099999999
mixed,deberta-hate-tuned,15,aligned_output_misaligned_latent,352,0.2829581993569132,0.993009214,0.43672463,0.9538994580002842,0.4303974465909091,0.5419259615,0.523502011409375,-0.5419259615
mixed,deberta-hate-tuned,15,misaligned_output_aligned_latent,190,0.1527331189710611,0.0155757165,0.6391903750000001,0.0688218172963158,0.6315792446842106,0.58652381475,0.5627574273878947,0.58652381475
mixed,deberta-hate-tuned,15,both_misaligned,181,0.1454983922829582,0.012290442,0.44140625,0.059246991396685,0.4456834513812155,0.421513225,0.3878306777745856,0.421513225
mixed,deberta-hate-tuned,16,both_aligned,545,0.4381028938906752,0.995343144,0.6551916600000001,0.96388981925578,0.6712331467522936,0.3334598270000001,0.3096146606135779,-0.3333644207
mixed,deberta-hate-tuned,16,aligned_output_misaligned_latent,328,0.2636655948553054,0.9930826203,0.37612137,0.955215541794817,0.3760764410975609,0.589257803,0.579139100697256,-0.589257803
mixed,deberta-hate-tuned,16,misaligned_output_aligned_latent,230,0.1848874598070739,0.0232197229999999,0.77192797,0.0726527008973913,0.7304498765217392,0.69062974125,0.6577971756243478,0.69062974125
mixed,deberta-hate-tuned,16,both_misaligned,141,0.1133440514469453,0.009400743,0.39838845,0.050281769664539,0.3976393574468085,0.3706803569999999,0.3504798846617021,0.3706803569999999
mixed,deberta-hate-tuned,17,both_aligned,668,0.5369774919614148,0.9953488514,0.60477751,0.9653416185194612,0.6106237303742514,0.3828250649999999,0.3608284129655689,-0.3828250649999999
mixed,deberta-hate-tuned,17,aligned_output_misaligned_latent,205,0.1647909967845659,0.99036855,0.4350474,0.9452802343029268,0.4326620980487805,0.53544782,0.5126181362541463,-0.53544782
mixed,deberta-hate-tuned,17,misaligned_output_aligned_latent,247,0.1985530546623794,0.025590658,0.6474683,0.0778402419813765,0.6470272166801619,0.593089808,0.5691869746987854,0.593089808
mixed,deberta-hate-tuned,17,both_misaligned,124,0.0996784565916398,0.0073021851,0.4346560849999999,0.0368815399975806,0.4275290770967742,0.4078128557,0.3917839924217741,0.4078128557
mixed,deberta-hate-tuned,18,both_aligned,745,0.5988745980707395,0.995067805,0.5835376400000001,0.9655567408464428,0.5879343863355705,0.407031998,0.3811794179739597,-0.407031998
mixed,deberta-hate-tuned,18,aligned_output_misaligned_latent,128,0.1028938906752411,0.9862707275,0.45674313,0.9319599786914062,0.45454426765625,0.511007335,0.4774157110351562,-0.511007335
mixed,deberta-hate-tuned,18,misaligned_output_aligned_latent,254,0.2041800643086816,0.019710461,0.629744965,0.0682843560570866,0.6247682850393701,0.57422412,0.5564839289822835,0.57422412
mixed,deberta-hate-tuned,18,both_misaligned,117,0.0940514469453376,0.009400743,0.4498824,0.0551762759880341,0.4481619476068376,0.415935424,0.3940493058068376,0.415935424
mixed,deberta-hate-tuned,19,both_aligned,588,0.472668810289389,0.9953849233,0.79986519,0.9658254065511904,0.7869121809693878,0.1995985706499999,0.2189517299695578,-0.1883359511999999
mixed,deberta-hate-tuned,19,aligned_output_misaligned_latent,285,0.2290996784565916,0.991723642,0.20515037,0.9499133689508772,0.2221079599298245,0.7591609899999999,0.7278054090210526,-0.7591609899999999
mixed,deberta-hate-tuned,19,misaligned_output_aligned_latent,205,0.1647909967845659,0.020677984,0.9645237,0.0759217407043902,0.9072197786829268,0.8972785714,0.8312980379785365,0.8972785714
mixed,deberta-hate-tuned,19,both_misaligned,166,0.1334405144694533,0.0106927615,0.31597942,0.0496138185825301,0.3201945701807229,0.2794834065,0.2803817366584337,0.2794834065
mixed,deberta-hate-tuned,20,both_aligned,865,0.6953376205787781,0.9946552636,0.875505924,0.9610977788710984,0.8553121328947977,0.1245009799999999,0.1457488183,-0.1113037523
mixed,deberta-hate-tuned,20,aligned_output_misaligned_latent,8,0.0064308681672025,0.96646065,0.478651705,0.91013380995,0.42706682875,0.479475085,0.4830669812,-0.479475085
mixed,deberta-hate-tuned,20,misaligned_output_aligned_latent,321,0.2580385852090032,0.019445753,0.94548666,0.0707530070165109,0.885161371588785,0.8664944400000001,0.8144083645722742,0.8664944400000001
mixed,deberta-hate-tuned,20,both_misaligned,50,0.040192926045016,0.0048455857,0.361388065,0.021762709536,0.3473675076,0.3363602722,0.3256047980639999,0.3363602722
mixed,deberta-hate-tuned,21,both_aligned,867,0.6969453376205788,0.994647131,0.84995157,0.9610928848507496,0.8406557187543253,0.148234207,0.1601396439510957,-0.136011914
mixed,deberta-hate-tuned,21,aligned_output_misaligned_latent,6,0.0048231511254019,0.9933998835,0.44607005,0.89385300625,0.4145970766666667,0.51997811525,0.4792559295833333,-0.51997811525
mixed,deberta-hate-tuned,21,misaligned_output_aligned_latent,319,0.2564308681672025,0.018898815,0.93678236,0.0715948337338558,0.879544480815047,0.855347267,0.8079496470811912,0.855347267
mixed,deberta-hate-tuned,21,both_misaligned,52,0.0418006430868167,0.0049151131,0.35918159,0.0184826686153846,0.3503706292307692,0.35319470585,0.3318879606153846,0.35319470585
mixed,deberta-hate-tuned,22,both_aligned,830,0.6672025723472669,0.99487283925,0.835193625,0.9638018691242168,0.8268809992879518,0.161959912,0.1743442798121686,-0.1544649571
mixed,deberta-hate-tuned,22,aligned_output_misaligned_latent,43,0.0345659163987138,0.97567195,0.45572102,0.8994208797674418,0.4272838055813953,0.51390731,0.4721370741860465,-0.51390731
mixed,deberta-hate-tuned,22,misaligned_output_aligned_latent,286,0.2299035369774919,0.020620984,0.935320485,0.073297107862937,0.8774044713986014,0.8645953555,0.8041073635356644,0.8645953555
mixed,deberta-hate-tuned,22,both_misaligned,85,0.0683279742765273,0.0063488167,0.32073355,0.0333750338858823,0.3305373409411765,0.289175504,0.2982567037611764,0.289175504
mixed,deberta-hate-tuned,23,both_aligned,813,0.6535369774919614,0.9949090867,0.79341936,0.9626024541667896,0.7928127338696188,0.2027223999999999,0.2081346548851168,-0.194873244
mixed,deberta-hate-tuned,23,aligned_output_misaligned_latent,60,0.0482315112540192,0.9822054,0.419358075,0.9339142327583332,0.3926740906666666,0.5488321270000001,0.5412401420916667,-0.5488321270000001
mixed,deberta-hate-tuned,23,misaligned_output_aligned_latent,294,0.2363344051446945,0.019710461,0.93737504,0.0731199987986394,0.8738412836734695,0.8664587960000001,0.80072128487483,0.8664587960000001
mixed,deberta-hate-tuned,23,both_misaligned,77,0.0618971061093247,0.0060069496,0.36199242,0.0299035205493506,0.3532940701298701,0.3330544602999999,0.3233905495805195,0.3330544602999999
mixed,deberta-hate-tuned,24,both_aligned,817,0.6567524115755627,0.9948998285,0.7468252200000001,0.9629417936357404,0.7643793921603427,0.2493121759999998,0.2384187568119951,-0.2438038396
mixed,deberta-hate-tuned,24,aligned_output_misaligned_latent,56,0.045016077170418,0.98249235,0.396819715,0.9269143536196428,0.3466096216071428,0.56527775,0.5803047320125,-0.56527775
mixed,deberta-hate-tuned,24,misaligned_output_aligned_latent,287,0.2307073954983922,0.018898815,0.9244712,0.0695815564522648,0.8600075340069686,0.8392888140000001,0.7904259775547038,0.8392888140000001
mixed,deberta-hate-tuned,24,both_misaligned,84,0.067524115755627,0.0068295482499999,0.357105435,0.0455945717535714,0.366692095,0.3471151205,0.3235746941988095,0.3471151205
mixed,gemma-2-2b,0,both_aligned,616,0.495176848874598,0.57580656,0.5,0.5769500542857143,0.5,0.0758065599999999,0.0769500542857142,-0.0758065599999999
mixed,gemma-2-2b,0,aligned_output_misaligned_latent,0,0.0,,,,,,,
mixed,gemma-2-2b,0,misaligned_output_aligned_latent,628,0.5048231511254019,0.4162941149999999,0.5,0.4167520095859873,0.5,0.083705885,0.0832479904140127,0.083705885
mixed,gemma-2-2b,0,both_misaligned,0,0.0,,,,,,,
mixed,gemma-2-2b,1,both_aligned,422,0.3392282958199357,0.578026505,0.7443220500000001,0.5796293733175355,0.7396255684644549,0.15789342,0.1716880523033175,0.15789342
mixed,gemma-2-2b,1,aligned_output_misaligned_latent,194,0.1559485530546623,0.56980425,0.16865628,0.5711218448453608,0.2031237581943299,0.396305295,0.3679980866510309,-0.396305295
mixed,gemma-2-2b,1,misaligned_output_aligned_latent,329,0.2644694533762058,0.4194997499999999,0.7383713700000001,0.4200235053799392,0.7485558434528875,0.3223535399999999,0.3285323380729483,0.3223535399999999
mixed,gemma-2-2b,1,both_misaligned,299,0.2403536977491961,0.41317654,0.32392323,0.4131522700668896,0.312695988812709,0.1037459299999999,0.1292510300167224,-0.09033751
mixed,gemma-2-2b,2,both_aligned,407,0.3271704180064309,0.5770923,0.8957837,0.5777674420638821,0.857361334990172,0.3074087,0.2829845065380835,0.3074087
mixed,gemma-2-2b,2,aligned_output_misaligned_latent,209,0.1680064308681672,0.57154244,0.10613525,0.5753582991387559,0.1539101139066985,0.458435477,0.4214481852320574,-0.458435477
mixed,gemma-2-2b,2,misaligned_output_aligned_latent,386,0.3102893890675241,0.414925515,0.91877875,0.4166347706735752,0.8622464078831605,0.486168852,0.4456116372095855,0.486168852
mixed,gemma-2-2b,2,both_misaligned,242,0.1945337620578778,0.41715297,0.14917865,0.4169390104958677,0.19224334453719,0.2702372349999999,0.2400690020743801,-0.2702372349999999
mixed,gemma-2-2b,3,both_aligned,421,0.3384244372990354,0.5780444,0.9606493,0.5778363004038005,0.903011128995012,0.36000252,0.327235252724228,0.36000252
mixed,gemma-2-2b,3,aligned_output_misaligned_latent,195,0.1567524115755627,0.5710178,0.03809178,0.5750366716410257,0.0967020936809179,0.508278835,0.4783345779601076,-0.508278835
mixed,gemma-2-2b,3,misaligned_output_aligned_latent,364,0.292604501607717,0.4162009949999999,0.973185241,0.4173303876648352,0.9230330043891756,0.5359752566,0.5057026167243405,0.5359752566
mixed,gemma-2-2b,3,both_misaligned,264,0.2122186495176848,0.41634788,0.1030704,0.4159545489015151,0.1546667933257575,0.29984032,0.2692315495151515,-0.29984032
mixed,gemma-2-2b,4,both_aligned,432,0.3472668810289389,0.576238085,0.96310807,0.5771274415277778,0.899313984869051,0.37271768,0.3255587903320138,0.37271768
mixed,gemma-2-2b,4,aligned_output_misaligned_latent,184,0.1479099678456591,0.5746587000000001,0.06947188,0.5765335798913044,0.1144489176800434,0.4919044704999999,0.4620846622112609,-0.4919044704999999
mixed,gemma-2-2b,4,misaligned_output_aligned_latent,387,0.3110932475884244,0.4139762999999999,0.97636557,0.4171231801808785,0.9223867601034496,0.5420329684,0.5052635799225711,0.5420329684
mixed,gemma-2-2b,4,both_misaligned,241,0.1937299035369775,0.4186634999999999,0.1115319999999999,0.4161559804564315,0.1482175206406639,0.3106979999999999,0.2792685606456431,-0.3106979999999999
mixed,gemma-2-2b,5,both_aligned,432,0.3472668810289389,0.5768760799999999,0.96491548,0.5777237220601852,0.9058084208714676,0.37639428,0.3305189719131342,0.37639428
mixed,gemma-2-2b,5,aligned_output_misaligned_latent,184,0.1479099678456591,0.5714228450000001,0.055146846,0.5751336169021739,0.1060099229152206,0.50953755,0.4691236939869533,-0.50953755
mixed,gemma-2-2b,5,misaligned_output_aligned_latent,371,0.2982315112540193,0.41529757,0.975375907,0.4169460333962264,0.925385313114006,0.541648315,0.5084392797177796,0.541648315
mixed,gemma-2-2b,5,both_misaligned,257,0.2065916398713826,0.41714764,0.097014,0.4164719207392996,0.157308785,0.31219191,0.2702134016536965,-0.31219191
mixed,gemma-2-2b,6,both_aligned,478,0.3842443729903537,0.5752130799999999,0.97811685,0.5770679475313808,0.9590431629358368,0.39435032,0.3822282608437866,0.39435032
mixed,gemma-2-2b,6,aligned_output_misaligned_latent,138,0.1109324758842443,0.5785178550000001,0.0113448865,0.5765416994202899,0.0409430396221014,0.5557746004999999,0.5355986597981884,-0.5557746004999999
mixed,gemma-2-2b,6,misaligned_output_aligned_latent,348,0.2797427652733119,0.41808845,0.9985463941,0.4190075152586207,0.9718107275661,0.5679720943,0.5528032123074793,0.5679720943
mixed,gemma-2-2b,6,both_misaligned,280,0.22508038585209,0.41311246,0.0190489799999999,0.41394873825,0.0465928481071428,0.3820483999999999,0.3689616390714285,-0.3820483999999999
mixed,gemma-2-2b,7,both_aligned,482,0.387459807073955,0.5752130799999999,0.97379619,0.5770223530497925,0.9545644996380498,0.390573605,0.3779972066712448,0.390573605
mixed,gemma-2-2b,7,aligned_output_misaligned_latent,134,0.107717041800643,0.5774124350000001,0.0196984795,0.5766899945522388,0.0471715216544253,0.5471278820000001,0.5295184728978135,-0.5471278820000001
mixed,gemma-2-2b,7,misaligned_output_aligned_latent,348,0.2797427652733119,0.419297875,0.9982383113,0.4194052109770114,0.9679927019209882,0.5663656372720001,0.5485874909439767,0.5663656372720001
mixed,gemma-2-2b,7,both_misaligned,280,0.22508038585209,0.412464275,0.030258885,0.4134544592857143,0.0552172332142857,0.378648505,0.3603178765,-0.378648505
mixed,gemma-2-2b,8,both_aligned,477,0.3834405144694534,0.5748377,0.9851751,0.5768833400838574,0.970079638067023,0.4025310299999999,0.3931962979831656,0.4025310299999999
mixed,gemma-2-2b,8,aligned_output_misaligned_latent,139,0.1117363344051446,0.57796997,0.00648373,0.5771789943884892,0.0311210247644604,0.558975128,0.5460579696240287,-0.558975128
mixed,gemma-2-2b,8,misaligned_output_aligned_latent,344,0.2765273311897106,0.41855695,0.999737769365,0.4189655978488372,0.9774676154661376,0.568660584135,0.5585020176173002,0.568660584135
mixed,gemma-2-2b,8,both_misaligned,284,0.2282958199356913,0.412861855,0.016281575,0.4140707618309859,0.0483225339401408,0.386397325,0.3679660712007042,-0.386397325
mixed,gemma-2-2b,9,both_aligned,478,0.3842443729903537,0.57482535,0.98855582,0.5767771281799163,0.9738246902470628,0.4050776,0.3970475620671464,0.4050776
mixed,gemma-2-2b,9,aligned_output_misaligned_latent,138,0.1109324758842443,0.5785178550000001,0.0075882672,0.5775490302173913,0.0293063856873188,0.562190854,0.5482426445300724,-0.562190854
mixed,gemma-2-2b,9,misaligned_output_aligned_latent,349,0.2805466237942122,0.41724825,0.9997421503,0.4184108242979942,0.9773444792860416,0.569760027,0.5589336549880475,0.569760027
mixed,gemma-2-2b,9,both_misaligned,279,0.2242765273311897,0.413801,0.0188344,0.4146770048028674,0.0444823545878136,0.38675362,0.3707100033333333,-0.38675362
mixed,gemma-2-2b,10,both_aligned,475,0.3818327974276527,0.5746666,0.98929423,0.5766284605684211,0.9718808967994864,0.4053192,0.3952524362310652,0.4053192
mixed,gemma-2-2b,10,aligned_output_misaligned_latent,141,0.1133440514469453,0.5801077,0.01123631,0.5780334373758865,0.0342732630982269,0.555240425,0.5437601742776595,-0.555240425
mixed,gemma-2-2b,10,misaligned_output_aligned_latent,359,0.2885852090032154,0.41714764,0.99971097708,0.4179470923119777,0.977588632733802,0.568114718474,0.5596415404218242,0.568114718474
mixed,gemma-2-2b,10,both_misaligned,269,0.2162379421221865,0.4148456,0.0193847,0.4151570850557621,0.0456458169962825,0.38773328,0.3716418146765799,-0.38773328
mixed,gemma-2-2b,11,both_aligned,473,0.380225080385852,0.5746666,0.9895638,0.5766098352219873,0.9723611863706132,0.40590276,0.3958346938970402,0.40590276
mixed,gemma-2-2b,11,aligned_output_misaligned_latent,143,0.1149517684887459,0.57906574,0.0137525685,0.5780753942657342,0.039456053987972,0.5511840471,0.5386193402777623,-0.5511840471
mixed,gemma-2-2b,11,misaligned_output_aligned_latent,357,0.2869774919614148,0.41724825,0.99969247254,0.4187146356302521,0.9753668545651952,0.568098435106,0.5566522189349432,0.568098435106
mixed,gemma-2-2b,11,both_misaligned,271,0.2178456591639871,0.41329026,0.0142111999999999,0.4141665575645756,0.0458659041180811,0.3849669999999999,0.3706118479114391,-0.3849669999999999
mixed,gemma-2-2b,12,both_aligned,477,0.3834405144694534,0.574813,0.99244475,0.5766624496436059,0.9776566446469818,0.4089058599999999,0.4013307132423696,0.4089058599999999
mixed,gemma-2-2b,12,aligned_output_misaligned_latent,139,0.1117363344051446,0.5801077,0.015150132,0.5779370141007194,0.0462789324549208,0.5482164877000001,0.5316580816457985,-0.5482164877000001
mixed,gemma-2-2b,12,misaligned_output_aligned_latent,353,0.2837620578778135,0.41724825,0.9997100581,0.4186436759773371,0.9712468311792578,0.56751510558,0.5526031552019208,0.56751510558
mixed,gemma-2-2b,12,both_misaligned,275,0.2210610932475884,0.413801,0.0109034999999999,0.4143237978181818,0.0340948253527272,0.3927112,0.3808213186472727,-0.3927112
mixed,gemma-2-2b,13,both_aligned,474,0.3810289389067524,0.5747398,0.990772925,0.5768566627426159,0.9748653862953024,0.408773595,0.3980087235526863,0.408773595
mixed,gemma-2-2b,13,aligned_output_misaligned_latent,142,0.1141479099678456,0.57920007,0.0189355615,0.5772617978873239,0.049322465659669,0.5437256930000001,0.5279393322276549,-0.5437256930000001
mixed,gemma-2-2b,13,misaligned_output_aligned_latent,356,0.2861736334405145,0.41709777,0.999826431275,0.4179470409550561,0.974029278903364,0.5679941301,0.5560822379483078,0.5679941301
mixed,gemma-2-2b,13,both_misaligned,272,0.2186495176848874,0.415071585,0.0137212549999999,0.4151879244117647,0.0366247899705882,0.3892833649999999,0.3792958881176471,-0.3892833649999999
mixed,gemma-2-2b,14,both_aligned,473,0.380225080385852,0.5746666,0.9899212,0.5768592334883721,0.9715848851110956,0.4075938999999999,0.3949286461258947,0.4075938999999999
mixed,gemma-2-2b,14,aligned_output_misaligned_latent,143,0.1149517684887459,0.57906574,0.031975128,0.5772504615384616,0.0585478632680419,0.534352164,0.5187025982704195,-0.534352164
mixed,gemma-2-2b,14,misaligned_output_aligned_latent,361,0.290192926045016,0.41714764,0.99958968227,0.4180880027977839,0.969499805228808,0.5671838849,0.5514118024310238,0.5671838849
mixed,gemma-2-2b,14,both_misaligned,267,0.2146302250803858,0.4143696999999999,0.0157483999999999,0.4149456667041198,0.0397407794868913,0.38687486,0.3764475763558053,-0.38687486
mixed,gemma-2-2b,15,both_aligned,474,0.3810289389067524,0.5747398,0.989511085,0.5769054362025317,0.9715185271074684,0.405162945,0.3946130909049367,0.405162945
mixed,gemma-2-2b,15,aligned_output_misaligned_latent,142,0.1141479099678456,0.5785178550000001,0.0329896214999999,0.5770989907042253,0.0613996373459155,0.5321863195,0.5156993533583099,-0.5321863195
mixed,gemma-2-2b,15,misaligned_output_aligned_latent,365,0.2934083601286174,0.4170479,0.99951410294,0.4178575330684931,0.9736984603841904,0.5672528765,0.5558409273156972,0.5672528765
mixed,gemma-2-2b,15,both_misaligned,263,0.2114147909967845,0.4148456,0.0245231999999999,0.4152177279467681,0.0459089534980988,0.3805821499999999,0.3697420330038022,-0.3805821499999999
mixed,gemma-2-2b,16,both_aligned,473,0.380225080385852,0.5745044,0.9860561,0.5767420123890064,0.9668521756296744,0.4033070399999999,0.3901101632406681,0.4033070399999999
mixed,gemma-2-2b,16,aligned_output_misaligned_latent,143,0.1149517684887459,0.5793344,0.031075716,0.5776381928671329,0.0630204338183916,0.53191359,0.5146177590487413,-0.53191359
mixed,gemma-2-2b,16,misaligned_output_aligned_latent,367,0.295016077170418,0.4170479,0.9991825819,0.4180488679019073,0.9722582012807642,0.5661223969000001,0.5542093333788569,0.5661223969000001
mixed,gemma-2-2b,16,both_misaligned,261,0.2098070739549839,0.4148456,0.0260941399999999,0.4149284578544061,0.0510855282911877,0.3743672,0.3645236219770115,-0.3743672
mixed,gemma-2-2b,17,both_aligned,522,0.4196141479099678,0.5734918,0.996515865,0.5751867058812261,0.9570649144545976,0.407729045,0.382596114512069,0.407729045
mixed,gemma-2-2b,17,aligned_output_misaligned_latent,94,0.0755627009646302,0.5957834,0.0548725485,0.5867422656382979,0.0917044778255319,0.5259421049999999,0.4950377878127659,-0.5259421049999999
mixed,gemma-2-2b,17,misaligned_output_aligned_latent,583,0.4686495176848874,0.4139597,0.994596529,0.4149742861234991,0.977771773977904,0.5682047400000001,0.5627974878544048,0.5682047400000001
mixed,gemma-2-2b,17,both_misaligned,45,0.0361736334405144,0.4421946399999999,0.1255298,0.4397834046666666,0.1586870686888888,0.31304346,0.2810963359777778,-0.31304346
mixed,gemma-2-2b,18,both_aligned,520,0.4180064308681672,0.5730005,0.994469415,0.5747503659038462,0.9557315723505768,0.40738313,0.3809812064467308,0.40738313
mixed,gemma-2-2b,18,aligned_output_misaligned_latent,96,0.0771704180064308,0.5977027699999999,0.0451546015,0.5888650330208333,0.0884599020401041,0.5383385519999999,0.5004051309807291,-0.5383385519999999
mixed,gemma-2-2b,18,misaligned_output_aligned_latent,577,0.4638263665594855,0.413801,0.9943344593,0.4148129641247833,0.9791827256221596,0.5693559033,0.564369761497376,0.5693559033
mixed,gemma-2-2b,18,both_misaligned,51,0.0409967845659164,0.4422831499999999,0.11974704,0.4386898376470589,0.1565915870980392,0.30471566,0.283219398,-0.30471566
mixed,gemma-2-2b,19,both_aligned,520,0.4180064308681672,0.5730504000000001,0.994149882,0.574881375,0.9530358992146154,0.4078240999999999,0.37837993833,0.4078240999999999
mixed,gemma-2-2b,19,aligned_output_misaligned_latent,96,0.0771704180064308,0.5971132699999999,0.051109825,0.5881554004166667,0.0926495564666666,0.5320854925,0.4955058439499999,-0.5320854925
mixed,gemma-2-2b,19,misaligned_output_aligned_latent,575,0.4622186495176849,0.4138958,0.9938390907,0.4149334714956522,0.9752533454478592,0.567316739,0.560319873952207,0.567316739
mixed,gemma-2-2b,19,both_misaligned,53,0.042604501607717,0.4421946399999999,0.13369524,0.4364814322641509,0.143764779490566,0.3115789,0.2927166527735849,-0.3115789
mixed,gemma-2-2b,20,both_aligned,522,0.4196141479099678,0.5730504000000001,0.9941232,0.5750119475670499,0.9534965759314176,0.4085042,0.3795538389007662,0.4085042
mixed,gemma-2-2b,20,aligned_output_misaligned_latent,94,0.0755627009646302,0.5971132699999999,0.051044315,0.5877127320212766,0.0920629151117021,0.5342684468,0.4956498169095745,-0.5342684468
mixed,gemma-2-2b,20,misaligned_output_aligned_latent,574,0.4614147909967845,0.41392775,0.99357035755,0.4150290308536585,0.9741739968597666,0.5676958661,0.559144966006108,0.5676958661
mixed,gemma-2-2b,20,both_misaligned,54,0.0434083601286173,0.44098297,0.12400112,0.4350666353703704,0.1456897577962962,0.307323275,0.2893768775740741,-0.307323275
mixed,gemma-2-2b,21,both_aligned,516,0.4147909967845659,0.5730005,0.9942083,0.574615575251938,0.953114168900969,0.408274285,0.3794175804319767,0.408274285
mixed,gemma-2-2b,21,aligned_output_misaligned_latent,100,0.0803858520900321,0.5971132699999999,0.05442331,0.5889959661,0.0950005521392,0.5182303134999999,0.4939954139608,-0.5182303134999999
mixed,gemma-2-2b,21,misaligned_output_aligned_latent,585,0.4702572347266881,0.4139762999999999,0.991050692,0.4150579502905983,0.968102362316988,0.563026964,0.5530444120263898,0.563026964
mixed,gemma-2-2b,21,both_misaligned,43,0.0345659163987138,0.4422831499999999,0.12641203,0.4397990953488372,0.1664218638604651,0.30617517,0.2757786789302325,-0.30617517
mixed,gemma-2-2b,22,both_aligned,516,0.4147909967845659,0.5730005,0.992623015,0.5748147087984495,0.9513567933643412,0.40779397,0.3770373108062015,0.40779397
mixed,gemma-2-2b,22,aligned_output_misaligned_latent,100,0.0803858520900321,0.5971132699999999,0.0597427799999999,0.587968437,0.1001888607679,0.5237485225,0.4877795762321,-0.5237485225
mixed,gemma-2-2b,22,misaligned_output_aligned_latent,582,0.4678456591639871,0.413968,0.991278678,0.4150969132130584,0.9712877455684726,0.5650782963000001,0.5561908323554141,0.5650782963000001
mixed,gemma-2-2b,22,both_misaligned,46,0.0369774919614147,0.44098297,0.1829602699999999,0.4376925767391305,0.1754793637173912,0.256737925,0.2622132130217391,-0.256737925
mixed,gemma-2-2b,23,both_aligned,513,0.4123794212218649,0.5731003,0.99330926,0.5748328292397661,0.9522064308499024,0.407215,0.3778937526042885,0.407215
mixed,gemma-2-2b,23,aligned_output_misaligned_latent,103,0.0827974276527331,0.5948013,0.0725801,0.5874950683495146,0.1122612548514563,0.522615256,0.4752338134980582,-0.522615256
mixed,gemma-2-2b,23,misaligned_output_aligned_latent,574,0.4614147909967845,0.41392775,0.98967113425,0.4150020451916376,0.9682764901073692,0.561871223,0.5532744449157316,0.561871223
mixed,gemma-2-2b,23,both_misaligned,54,0.0434083601286173,0.44098297,0.13311371,0.435353482962963,0.1591966509629629,0.30935868,0.2849783245925926,-0.30935868
mixed,gemma-2-2b,24,both_aligned,519,0.4172025723472669,0.5731003,0.9908639,0.5750645888824663,0.9544197434244702,0.40805035,0.3797181735015414,0.40805035
mixed,gemma-2-2b,24,aligned_output_misaligned_latent,97,0.0779742765273311,0.5948013,0.07667452,0.5870382660824742,0.1085981713924742,0.5034525999999999,0.47844009469,-0.5034525999999999
mixed,gemma-2-2b,24,misaligned_output_aligned_latent,575,0.4622186495176849,0.413801,0.987195611,0.4147904786086956,0.9676357080432104,0.5618349499999999,0.5528452294345149,0.5618349499999999
mixed,gemma-2-2b,24,both_misaligned,53,0.042604501607717,0.4422831499999999,0.1460023,0.4380327701886792,0.1674005883018867,0.30074886,0.2755768739622641,-0.30074886
mixed,gemma-2-2b,25,both_aligned,502,0.4035369774919614,0.57330703,0.995212425,0.5750778064940238,0.9579799158276892,0.41048387,0.3833855064651394,0.41048387
mixed,gemma-2-2b,25,aligned_output_misaligned_latent,114,0.0916398713826366,0.5919606,0.055392772,0.585194513859649,0.1060840544471929,0.52209613,0.4791104594124561,-0.52209613
mixed,gemma-2-2b,25,misaligned_output_aligned_latent,580,0.4662379421221865,0.4145495,0.9901273895,0.4155736234310345,0.9684859435366449,0.56305239375,0.5529123201056103,0.56305239375
mixed,gemma-2-2b,25,both_misaligned,48,0.0385852090032154,0.437392725,0.121898,0.4309908422916667,0.14711533975,0.312937885,0.2864130962916666,-0.312937885
mixed,gemma-2-2b,26,both_aligned,511,0.4107717041800643,0.5734918,0.9923216,0.5749546531898239,0.9518413444105676,0.40859173,0.3775964172090019,0.40859173
mixed,gemma-2-2b,26,aligned_output_misaligned_latent,105,0.0844051446945337,0.59427303,0.0679813,0.5866610062857143,0.1075930016466666,0.5160104679999999,0.4790680046390476,-0.5160104679999999
mixed,gemma-2-2b,26,misaligned_output_aligned_latent,578,0.4646302250803859,0.4141729999999999,0.9876315295,0.4152379453114186,0.9640572294834774,0.5588747265,0.5488192841720588,0.5588747265
mixed,gemma-2-2b,26,both_misaligned,50,0.040192926045016,0.44098297,0.1366639399999999,0.4342545926,0.1702029831,0.2707935999999999,0.2698121815,-0.2707935999999999
mixed,gemma-2-2b-it,0,both_aligned,622,0.5,0.99954635,0.5,0.9992400558038586,0.5,0.49954635,0.4992400558038585,-0.49954635
mixed,gemma-2-2b-it,0,aligned_output_misaligned_latent,0,0.0,,,,,,,
mixed,gemma-2-2b-it,0,misaligned_output_aligned_latent,622,0.5,0.00175828,0.5,0.002553448118971,0.5,0.49824172,0.497446551881029,0.49824172
mixed,gemma-2-2b-it,0,both_misaligned,0,0.0,,,,,,,
mixed,gemma-2-2b-it,1,both_aligned,358,0.2877813504823151,0.999527935,0.702096405,0.9994211648882684,0.7030466608938548,0.297133815,0.2963745039944134,-0.297133815
mixed,gemma-2-2b-it,1,aligned_output_misaligned_latent,264,0.2122186495176848,0.99957556,0.305776,0.9989944609090908,0.2954464916931818,0.69360462,0.7035479692159091,-0.69360462
mixed,gemma-2-2b-it,1,misaligned_output_aligned_latent,345,0.2773311897106109,0.0015560999999999,0.68183416,0.0023552715072463,0.701613128289855,0.67875432,0.6992578567826087,0.67875432
mixed,gemma-2-2b-it,1,both_misaligned,277,0.222668810289389,0.0021234999999999,0.3401288999999999,0.0028002745848375,0.3249014896389891,0.3370276999999999,0.3221012150541516,0.3370276999999999
mixed,gemma-2-2b-it,2,both_aligned,394,0.3167202572347267,0.99954287,0.889634515,0.9994703496700508,0.8488819837563452,0.1098630549999999,0.1505883659137055,-0.1098630549999999
mixed,gemma-2-2b-it,2,aligned_output_misaligned_latent,228,0.1832797427652733,0.99955308,0.147568075,0.9988420918421052,0.1725474882921052,0.84763777,0.82629460355,-0.84763777
mixed,gemma-2-2b-it,2,misaligned_output_aligned_latent,379,0.3046623794212219,0.0019822,0.885890365,0.0028304152770448,0.8445126815097624,0.8829507249999999,0.8416822662327177,0.8829507249999999
mixed,gemma-2-2b-it,2,both_misaligned,243,0.1953376205787781,0.0015789,0.1738010599999999,0.0021214705349794,0.1966503058847736,0.1713879099999999,0.1945460504115226,0.1713879099999999
mixed,gemma-2-2b-it,3,both_aligned,424,0.3408360128617363,0.999554215,0.9617293,0.9994806107075472,0.9014327461084906,0.0379064,0.0980533738915094,-0.0379064
mixed,gemma-2-2b-it,3,aligned_output_misaligned_latent,198,0.1591639871382636,0.99952805,0.0525312315,0.9987249281313132,0.1188941791378788,0.94448283,0.8798307489934343,-0.94448283
mixed,gemma-2-2b-it,3,misaligned_output_aligned_latent,376,0.3022508038585209,0.0020603699999999,0.969114137,0.0028582561968085,0.90584506972902,0.9664162575,0.9029868135322114,0.9664162575
mixed,gemma-2-2b-it,3,both_misaligned,246,0.1977491961414791,0.00145845,0.0990324,0.002087562601626,0.1505111064227642,0.098205845,0.148533480406504,0.098205845
mixed,gemma-2-2b-it,4,both_aligned,425,0.3416398713826366,0.999549,0.97468424,0.9994776609411764,0.9168121172705882,0.0249331,0.0826936721411764,-0.0249331
mixed,gemma-2-2b-it,4,aligned_output_misaligned_latent,197,0.1583601286173633,0.9995357,0.038612008,0.9987274558883248,0.0934296294810101,0.95979074,0.9052978264073148,-0.95979074
mixed,gemma-2-2b-it,4,misaligned_output_aligned_latent,366,0.2942122186495177,0.0021426999999999,0.982784063,0.0029401316393442,0.9270886249782104,0.979296495,0.9241484933388662,0.979296495
mixed,gemma-2-2b-it,4,both_misaligned,256,0.2057877813504823,0.00146863,0.07567393,0.0020006115234374,0.1368373664453125,0.073769055,0.13508481234375,0.073769055
mixed,gemma-2-2b-it,5,both_aligned,435,0.3496784565916399,0.99955505,0.96428335,0.999482579632184,0.9079365032413792,0.03521728,0.0915558317011494,-0.03521728
mixed,gemma-2-2b-it,5,aligned_output_misaligned_latent,187,0.1503215434083601,0.9995229,0.06746128,0.9986758960962568,0.1150079580353422,0.93011291,0.8836679380609144,-0.93011291
mixed,gemma-2-2b-it,5,misaligned_output_aligned_latent,362,0.2909967845659164,0.002268775,0.9841344235,0.0030218418232044,0.9248186627558443,0.98090729475,0.92179682093264,0.98090729475
mixed,gemma-2-2b-it,5,both_misaligned,260,0.2090032154340836,0.0014128999999999,0.0915065099999999,0.0019012999615384,0.1449604500384615,0.08875094,0.1431751413846154,0.08875094
mixed,gemma-2-2b-it,6,both_aligned,485,0.3898713826366559,0.99954224,0.9843302,0.9991602056701032,0.9652800126391752,0.01510407,0.0343279764536082,-0.01492945
mixed,gemma-2-2b-it,6,aligned_output_misaligned_latent,137,0.110128617363344,0.99955684,0.007099358,0.9995227369343066,0.0361281808665912,0.992521082,0.9633945560677154,-0.992521082
mixed,gemma-2-2b-it,6,misaligned_output_aligned_latent,347,0.2789389067524115,0.0014115,0.99926247745,0.0017186589337175,0.9748575757924456,0.9973215758,0.973138916858728,0.9973215758
mixed,gemma-2-2b-it,6,both_misaligned,275,0.2210610932475884,0.0027861999999999,0.0157389,0.003606800290909,0.0358704081818181,0.0133430999999999,0.0326235298545454,0.0133430999999999
mixed,gemma-2-2b-it,7,both_aligned,491,0.3946945337620579,0.9995453,0.983444,0.9991683840936864,0.9656649927087576,0.0157537,0.0339164253564154,-0.01570925
mixed,gemma-2-2b-it,7,aligned_output_misaligned_latent,131,0.1053054662379421,0.99954766,0.009148569,0.9995086879389312,0.0336369287800763,0.990386391,0.965871759158855,-0.990386391
mixed,gemma-2-2b-it,7,misaligned_output_aligned_latent,339,0.272508038585209,0.0014115,0.9995259193,0.0017135485545722,0.9742727436760228,0.9975637094,0.9725591951214504,0.9975637094
mixed,gemma-2-2b-it,7,both_misaligned,283,0.227491961414791,0.0027302999999999,0.0208241,0.0035595468904593,0.0460192623321554,0.0172299,0.0427572642756183,0.0172299
mixed,gemma-2-2b-it,8,both_aligned,487,0.3914790996784565,0.99954224,0.98698395,0.9991611990759752,0.9714513931416836,0.0123381999999999,0.0281022730390143,-0.0122937499999999
mixed,gemma-2-2b-it,8,aligned_output_misaligned_latent,135,0.1085209003215434,0.99955684,0.003565669,0.9995245241481482,0.0221949529629481,0.995834529,0.9773295711852,-0.995834529
mixed,gemma-2-2b-it,8,misaligned_output_aligned_latent,337,0.2709003215434084,0.0014115999999999,0.999681592,0.0017262352225519,0.9788221495863568,0.9978188292,0.977095914363805,0.9978188292
mixed,gemma-2-2b-it,8,both_misaligned,285,0.2290996784565916,0.0026848999999999,0.0164039,0.0035315910877192,0.0420879184561403,0.01228887,0.0387604547368421,0.01228887
mixed,gemma-2-2b-it,9,both_aligned,491,0.3946945337620579,0.9995435,0.9904744,0.9991649508757636,0.9760011676985744,0.0089731,0.0235673055397148,-0.0089731
mixed,gemma-2-2b-it,9,aligned_output_misaligned_latent,131,0.1053054662379421,0.99955505,0.0069389124,0.9995215559541984,0.0263427762445038,0.992587549,0.9731787797096948,-0.992587549
mixed,gemma-2-2b-it,9,misaligned_output_aligned_latent,344,0.2765273311897106,0.0014118749999999,0.99984274522,0.001726790494186,0.9809462298456126,0.997956183009,0.9792194393514267,0.997956183009
mixed,gemma-2-2b-it,9,both_misaligned,278,0.2234726688102893,0.0027407499999999,0.016702715,0.003576362589928,0.0400160765467625,0.0139599749999999,0.0367110047482014,0.0139599749999999
mixed,gemma-2-2b-it,10,both_aligned,489,0.3930868167202572,0.9995435,0.99050033,0.9991644301635992,0.9757810615541922,0.0088718999999999,0.0237135139672801,-0.008668
mixed,gemma-2-2b-it,10,aligned_output_misaligned_latent,133,0.1069131832797427,0.99955505,0.007675767,0.9995181079699248,0.0257594818465714,0.991871893,0.9737586261233534,-0.991871893
mixed,gemma-2-2b-it,10,misaligned_output_aligned_latent,347,0.2789389067524115,0.0014142,0.99980038404,0.001736263573487,0.9815118779319676,0.9980151106,0.9797756143584808,0.9980151106
mixed,gemma-2-2b-it,10,both_misaligned,275,0.2210610932475884,0.0027511999999999,0.01631075,0.0035845864363636,0.0373984813090909,0.0119196599999999,0.0339951794545454,0.0119196599999999
mixed,gemma-2-2b-it,11,both_aligned,486,0.3906752411575562,0.99954287,0.989727735,0.9991621227777776,0.9745210838271604,0.00948211,0.0250031277572016,-0.0094580699999999
mixed,gemma-2-2b-it,11,aligned_output_misaligned_latent,136,0.1093247588424437,0.999555945,0.00756520025,0.9995185517647058,0.031798159736397,0.99204757675,0.9677203920283088,-0.99204757675
mixed,gemma-2-2b-it,11,misaligned_output_aligned_latent,346,0.2781350482315112,0.0014118749999999,0.999866992235,0.0017285168208092,0.9808566141349828,0.998083672911,0.9791280973141734,0.998083672911
mixed,gemma-2-2b-it,11,both_misaligned,276,0.2218649517684887,0.0027407499999999,0.011298565,0.0035876011231884,0.035259644347826,0.007741775,0.0324460798913043,0.007191445
mixed,gemma-2-2b-it,12,both_aligned,492,0.3954983922829582,0.99954415,0.98971505,0.9991674134349592,0.9761153920325204,0.0097295999999999,0.0234354272560975,-0.0096828499999999
mixed,gemma-2-2b-it,12,aligned_output_misaligned_latent,130,0.1045016077170418,0.99954965,0.013925374,0.9995149792307692,0.0387510056641923,0.985310126,0.960763973566577,-0.985310126
mixed,gemma-2-2b-it,12,misaligned_output_aligned_latent,345,0.2773311897106109,0.0014121499999999,0.9998010397,0.001731088173913,0.9800154671705914,0.9979434611,0.9782843789966784,0.9979434611
mixed,gemma-2-2b-it,12,both_misaligned,277,0.222668810289389,0.0027302999999999,0.0129966,0.0035776870397111,0.0342719650902527,0.0100827999999999,0.0311724232490974,0.0100827999999999
mixed,gemma-2-2b-it,13,both_aligned,570,0.4581993569131832,0.99955779,0.99702845,0.9994943595614036,0.9712820224736842,0.002502995,0.0283230317543859,-0.002502995
mixed,gemma-2-2b-it,13,aligned_output_misaligned_latent,52,0.0418006430868167,0.9991753,0.088985025,0.9964524953846152,0.1098583699057692,0.906059422,0.8865941254788462,-0.906059422
mixed,gemma-2-2b-it,13,misaligned_output_aligned_latent,617,0.4959807073954984,0.0017729399999999,0.9948916435,0.0025654150405186,0.9830202898917344,0.9917363115,0.9804548748512156,0.9917363115
mixed,gemma-2-2b-it,13,both_misaligned,5,0.0040192926045016,0.0012716699999999,0.25317407,0.0010767299999999,0.225714602,0.25232147,0.224637872,0.25232147
mixed,gemma-2-2b-it,14,both_aligned,588,0.472668810289389,0.99955499,0.99474168,0.9994907485714286,0.9780030017517006,0.00478585,0.0214967226360544,-0.00478585
mixed,gemma-2-2b-it,14,aligned_output_misaligned_latent,34,0.0273311897106109,0.99898705,0.098740875,0.9949045455882352,0.1288608589411764,0.8945691625000001,0.8660436866470588,-0.8945691625000001
mixed,gemma-2-2b-it,14,misaligned_output_aligned_latent,618,0.4967845659163987,0.0017696899999999,0.9941742122,0.0025653980744336,0.9860869085550809,0.9911853069,0.9835215104806472,0.9911853069
mixed,gemma-2-2b-it,14,both_misaligned,4,0.0032154340836012,0.0005982749999999,0.20504403,0.0007071799999999,0.257311915,0.20465538,0.256604735,0.20465538
mixed,gemma-2-2b-it,15,both_aligned,592,0.4758842443729904,0.99955499,0.995921285,0.999482886841216,0.9808065075168918,0.0035145,0.018692849054054,-0.0035145
mixed,gemma-2-2b-it,15,aligned_output_misaligned_latent,30,0.0241157556270096,0.99898705,0.101901652,0.99444819,0.1295440155,0.8747615950000001,0.8649041745,-0.8747615950000001
mixed,gemma-2-2b-it,15,misaligned_output_aligned_latent,618,0.4967845659163987,0.0017696899999999,0.995323509,0.0025653980744336,0.98711559912534,0.992104892,0.9845502010509062,0.992104892
mixed,gemma-2-2b-it,15,both_misaligned,4,0.0032154340836012,0.0005982749999999,0.14878243,0.0007071799999999,0.2184586275,0.147938195,0.2177514475,0.147938195
mixed,gemma-2-2b-it,16,both_aligned,593,0.4766881028938907,0.99955493,0.9929937,0.9994830719730188,0.9764391046543002,0.00645705,0.0230458534907251,-0.00645705
mixed,gemma-2-2b-it,16,aligned_output_misaligned_latent,29,0.0233118971061093,0.9989779,0.09913695,0.9942707941379312,0.1264378554137931,0.895279336,0.8678329387241379,-0.895279336
mixed,gemma-2-2b-it,16,misaligned_output_aligned_latent,619,0.497588424437299,0.00176644,0.993563831,0.0025625133441033,0.9845598227607432,0.9904972603,0.9819973094166398,0.9904972603
mixed,gemma-2-2b-it,16,both_misaligned,3,0.0024115755627009,0.0004167999999999,0.2245348999999999,0.0006829899999999,0.22944801,0.22326323,0.22876502,0.22326323
mixed,gemma-2-2b-it,17,both_aligned,592,0.4758842443729904,0.999554865,0.99378747,0.9994820517567568,0.9758719138513514,0.00573338,0.0236150147635135,-0.00573338
mixed,gemma-2-2b-it,17,aligned_output_misaligned_latent,30,0.0241157556270096,0.99898705,0.084933185,0.994464669,0.122497777,0.8947913249999999,0.871966892,-0.8947913249999999
mixed,gemma-2-2b-it,17,misaligned_output_aligned_latent,619,0.497588424437299,0.00176644,0.994458728,0.0025625133441033,0.9861662738199192,0.9914873037,0.9836037604758158,0.9914873037
mixed,gemma-2-2b-it,17,both_misaligned,3,0.0024115755627009,0.0004167999999999,0.17729735,0.0006829899999999,0.1929185033333333,0.17602568,0.1922355133333333,0.17602568
mixed,gemma-2-2b-it,18,both_aligned,592,0.4758842443729904,0.99955499,0.9916483,0.9994830121283784,0.972022744983108,0.0079368799999999,0.027460363429054,-0.0079368799999999
mixed,gemma-2-2b-it,18,aligned_output_misaligned_latent,30,0.0241157556270096,0.99898705,0.072252271,0.9944457176666668,0.1235927049666666,0.8846355749999999,0.8708530126999999,-0.8846355749999999
mixed,gemma-2-2b-it,18,misaligned_output_aligned_latent,619,0.497588424437299,0.00176644,0.9936192366,0.0025625133441033,0.9840150098561874,0.9903694647,0.981452496512084,0.9903694647
mixed,gemma-2-2b-it,18,both_misaligned,3,0.0024115755627009,0.0004167999999999,0.1912808999999999,0.0006829899999999,0.2117072533333333,0.19000923,0.2110242633333333,0.19000923
mixed,gemma-2-2b-it,19,both_aligned,589,0.4734726688102894,0.9995554,0.9890785,0.9994909843463496,0.9687184386587436,0.01066633,0.0307725456876061,-0.01066633
mixed,gemma-2-2b-it,19,aligned_output_misaligned_latent,33,0.0265273311897106,0.9989779,0.079982996,0.9947613615151514,0.1330486120818181,0.91145732,0.8617127494333333,-0.91145732
mixed,gemma-2-2b-it,19,misaligned_output_aligned_latent,619,0.497588424437299,0.00176644,0.991339207,0.0025625133441033,0.982257742473958,0.9885264073,0.9796952291298546,0.9885264073
mixed,gemma-2-2b-it,19,both_misaligned,3,0.0024115755627009,0.0004167999999999,0.2966775299999999,0.0006829899999999,0.29603591,0.2962607299999999,0.29535292,0.2962607299999999
mixed,gemma-2-2b-it,20,both_aligned,591,0.47508038585209,0.99955505,0.98671097,0.999489328392555,0.9652915465820644,0.0128962,0.0341977818104906,-0.0128962
mixed,gemma-2-2b-it,20,aligned_output_misaligned_latent,31,0.0249196141479099,0.9989779,0.07309152,0.994487794516129,0.1387341099354838,0.891252936,0.8557536845806452,-0.891252936
mixed,gemma-2-2b-it,20,misaligned_output_aligned_latent,619,0.497588424437299,0.00176644,0.9910098715,0.0025625133441033,0.9816901354954766,0.9878932763,0.9791276221513732,0.9878932763
mixed,gemma-2-2b-it,20,both_misaligned,3,0.0024115755627009,0.0004167999999999,0.2322187999999999,0.0006829899999999,0.2610527333333333,0.2318582999999999,0.2603697433333333,0.2318582999999999
mixed,gemma-2-2b-it,21,both_aligned,590,0.4742765273311897,0.99955499,0.98754178,0.999484561661017,0.966481474338983,0.01210502,0.0330030873220338,-0.01210502
mixed,gemma-2-2b-it,21,aligned_output_misaligned_latent,32,0.0257234726688102,0.99898705,0.073223355,0.9947319790625,0.1203915126875,0.922559715,0.874340466375,-0.922559715
mixed,gemma-2-2b-it,21,misaligned_output_aligned_latent,619,0.497588424437299,0.00176644,0.991126895,0.0025625133441033,0.981292477728853,0.988272901,0.9787299643847496,0.988272901
mixed,gemma-2-2b-it,21,both_misaligned,3,0.0024115755627009,0.0004167999999999,0.29456013,0.0006829899999999,0.2980778433333333,0.2932884600000001,0.2973948533333334,0.2932884600000001
mixed,gemma-2-2b-it,22,both_aligned,593,0.4766881028938907,0.99955493,0.98677874,0.9994893298145026,0.9664911940978076,0.01286306,0.0329981357166947,-0.01286306
mixed,gemma-2-2b-it,22,aligned_output_misaligned_latent,29,0.0233118971061093,0.9989391,0.07687366,0.9941428320689656,0.1204667090689655,0.89273525,0.873676123,-0.89273525
mixed,gemma-2-2b-it,22,misaligned_output_aligned_latent,618,0.4967845659163987,0.0017696899999999,0.989494264,0.0025653980744336,0.9811343228802588,0.9865937005,0.9785689248058254,0.9865937005
mixed,gemma-2-2b-it,22,both_misaligned,4,0.0032154340836012,0.0005982749999999,0.307241515,0.0007071799999999,0.344118485,0.30639728,0.343411305,0.30639728
mixed,gemma-2-2b-it,23,both_aligned,591,0.47508038585209,0.99955505,0.9891784,0.999483656649746,0.9674755220304568,0.0102268999999999,0.0320081346192893,-0.0102268999999999
mixed,gemma-2-2b-it,23,aligned_output_misaligned_latent,31,0.0249196141479099,0.9989962,0.079013705,0.9945959235483872,0.1225926085483871,0.9101939,0.872003315,-0.9101939
mixed,gemma-2-2b-it,23,misaligned_output_aligned_latent,619,0.497588424437299,0.00176644,0.9909274345,0.0025625133441033,0.9796813188011309,0.987786777,0.9771188054570276,0.987786777
mixed,gemma-2-2b-it,23,both_misaligned,3,0.0024115755627009,0.0004167999999999,0.2805079,0.0006829899999999,0.25765791,0.2800911,0.25697492,0.2800911
mixed,gemma-2-2b-it,24,both_aligned,590,0.4742765273311897,0.999555225,0.99068295,0.9994898109830508,0.9692718628644068,0.008798085,0.030217948118644,-0.008798085
mixed,gemma-2-2b-it,24,aligned_output_misaligned_latent,32,0.0257234726688102,0.99898705,0.072465995,0.9946351946875,0.12955465803125,0.90609578,0.86508053665625,-0.90609578
mixed,gemma-2-2b-it,24,misaligned_output_aligned_latent,618,0.4967845659163987,0.0017696899999999,0.99131725575,0.0025653980744336,0.9809092334364886,0.9883373635,0.978343835362055,0.9883373635
mixed,gemma-2-2b-it,24,both_misaligned,4,0.0032154340836012,0.0005982749999999,0.300426035,0.0007071799999999,0.3139328525,0.2995818,0.3132256725,0.2995818
mixed,gemma-2-2b-it,25,both_aligned,589,0.4734726688102894,0.9995554,0.9892784,0.9994898842275044,0.9646700430050934,0.0103341,0.0348198412224108,-0.0103341
mixed,gemma-2-2b-it,25,aligned_output_misaligned_latent,33,0.0265273311897106,0.9989962,0.09388848,0.9947809969696968,0.1374651977272727,0.8986720500000001,0.8573157992424242,-0.8986720500000001
mixed,gemma-2-2b-it,25,misaligned_output_aligned_latent,618,0.4967845659163987,0.0017696899999999,0.989654325,0.0025653980744336,0.978274811252589,0.98679372,0.9757094131781552,0.98679372
mixed,gemma-2-2b-it,25,both_misaligned,4,0.0032154340836012,0.0005982749999999,0.369897765,0.0007071799999999,0.3603188825,0.36905353,0.3596117025,0.36905353
mixed,gemma-2-2b-it,26,both_aligned,588,0.472668810289389,0.99955612,0.97949965,0.9994898103911564,0.950279156292517,0.0201667449999999,0.0492106540986394,-0.0201667449999999
mixed,gemma-2-2b-it,26,aligned_output_misaligned_latent,34,0.0273311897106109,0.9990012,0.1145094025,0.9949207705882354,0.1628114670588235,0.8770166025,0.8321093035294117,-0.8770166025
mixed,gemma-2-2b-it,26,misaligned_output_aligned_latent,617,0.4959807073954984,0.0017729399999999,0.981468499,0.0025685609562398,0.9673709103106968,0.979048683,0.964802349354457,0.979048683
mixed,gemma-2-2b-it,26,both_misaligned,5,0.0040192926045016,0.0006138999999999,0.3651092,0.0006885239999999,0.39123172,0.3646924,0.390543196,0.3646924
mixed,gemma-2-9b-it,0,both_aligned,1081,0.8689710610932476,0.9991374,0.5,0.9708678819679,0.500547934107308,0.49913067,0.470319947860592,-0.49913067
mixed,gemma-2-9b-it,0,aligned_output_misaligned_latent,1,0.0008038585209003,0.991554372,0.20129496,0.991554372,0.20129496,0.7902594119999999,0.7902594119999999,-0.7902594119999999
mixed,gemma-2-9b-it,0,misaligned_output_aligned_latent,162,0.1302250803858521,0.066087035,0.5,0.1160847945555555,0.5,0.433912965,0.3839152054444444,0.433912965
mixed,gemma-2-9b-it,0,both_misaligned,0,0.0,,,,,,,
mixed,gemma-2-9b-it,1,both_aligned,602,0.4839228295819935,0.9992563,0.694593,0.9748869905284052,0.6972069787740864,0.28922501,0.2856977529503322,-0.2867431649999999
mixed,gemma-2-9b-it,1,aligned_output_misaligned_latent,480,0.3858520900321543,0.9988575,0.330387415,0.9658703468358334,0.3178432138354167,0.6354540023,0.6480271330004167,-0.6354540023
mixed,gemma-2-9b-it,1,misaligned_output_aligned_latent,97,0.0779742765273311,0.05582315,0.75319088,0.1078670404123711,0.7459115216185568,0.65790134,0.6380444812061855,0.65790134
mixed,gemma-2-9b-it,1,both_misaligned,65,0.0522508038585209,0.08882034,0.3457432,0.128348212276923,0.3401487113846154,0.2452217,0.2316811904923076,0.24297194
mixed,gemma-2-9b-it,2,both_aligned,698,0.5610932475884244,0.999226685,0.8812865249999999,0.9746244867073066,0.8449184638787965,0.116585233,0.1529374520691977,-0.098842225
mixed,gemma-2-9b-it,2,aligned_output_misaligned_latent,384,0.3086816720257235,0.998943295,0.183780315,0.9640933412958334,0.2055043772283854,0.76918978,0.758588964067448,-0.76918978
mixed,gemma-2-9b-it,2,misaligned_output_aligned_latent,66,0.0530546623794212,0.07586545,0.891959487,0.1344553437121212,0.8597264995651515,0.7554430295000001,0.7252711558530304,0.7554430295000001
mixed,gemma-2-9b-it,2,both_misaligned,96,0.0771704180064308,0.0614256,0.0891272,0.1034550420104166,0.1478972286458333,0.096620545,0.1414778345520833,0.027223715
mixed,gemma-2-9b-it,3,both_aligned,694,0.5578778135048231,0.9992446,0.93909913,0.9739519509046108,0.8822496728771384,0.0617225499999999,0.1189559519307406,-0.0447297324999999
mixed,gemma-2-9b-it,3,aligned_output_misaligned_latent,388,0.3118971061093247,0.99878868,0.09898477,0.9654048475554124,0.1492531538759793,0.8579741435000001,0.8161516936794331,-0.8579741435000001
mixed,gemma-2-9b-it,3,misaligned_output_aligned_latent,84,0.067524115755627,0.0769608,0.90469227,0.1265577098809523,0.8710900305233429,0.7933260605,0.7445323206423905,0.7933260605
mixed,gemma-2-9b-it,3,both_misaligned,78,0.062700964630225,0.059660525,0.077659965,0.1048062703589743,0.1240287544487179,0.0810338999999999,0.1369364564743589,0.001781755
mixed,gemma-2-9b-it,4,both_aligned,689,0.5538585209003215,0.9992446,0.96560616,0.9744250084615385,0.9075212606130236,0.0402360042999999,0.0972210236234735,-0.0209756599999999
mixed,gemma-2-9b-it,4,aligned_output_misaligned_latent,393,0.3159163987138264,0.9988305,0.0822437999999999,0.9646842339676844,0.1347869246355394,0.8781569100000001,0.8298973093321451,-0.8781569100000001
mixed,gemma-2-9b-it,4,misaligned_output_aligned_latent,87,0.0699356913183279,0.0758581999999999,0.943296436,0.1267100926436781,0.8859488405423679,0.81337718,0.7592387478986897,0.81337718
mixed,gemma-2-9b-it,4,both_misaligned,75,0.0602893890675241,0.0609752,0.03133726,0.1037594487733333,0.0979304837653333,0.0714706499999999,0.125929370928,-0.0027882399999999
mixed,gemma-2-9b-it,5,both_aligned,681,0.547427652733119,0.9992735,0.97176015,0.975814278734655,0.9101157413564376,0.0346989192,0.0950966020899177,-0.0186699
mixed,gemma-2-9b-it,5,aligned_output_misaligned_latent,401,0.3223472668810289,0.998735578,0.0746288,0.9625192293291772,0.1301804514350523,0.88572463,0.8323387778941247,-0.88572463
mixed,gemma-2-9b-it,5,misaligned_output_aligned_latent,86,0.0691318327974276,0.0764095,0.9596721865,0.1282928011627906,0.9065680687498116,0.8301166928554999,0.7782752675870209,0.8301166928554999
mixed,gemma-2-9b-it,5,both_misaligned,76,0.0610932475884244,0.0609752,0.0335163499999999,0.1022704712894736,0.1059098843328947,0.077582585,0.1351859480618421,-0.01310313
mixed,gemma-2-9b-it,6,both_aligned,735,0.5908360128617364,0.99929035,0.973045582,0.9755077310512924,0.9141074816156076,0.03004906531,0.0907024249553353,-0.0165606999999999
mixed,gemma-2-9b-it,6,aligned_output_misaligned_latent,347,0.2789389067524115,0.99837697,0.0762157399999999,0.961099574802882,0.1356385547979472,0.86559069,0.8254610200049346,-0.86559069
mixed,gemma-2-9b-it,6,misaligned_output_aligned_latent,84,0.067524115755627,0.0706696499999999,0.9751835425,0.1240728528571428,0.9260737276947144,0.8539250181000001,0.8020008748375714,0.8539250181000001
mixed,gemma-2-9b-it,6,both_misaligned,78,0.062700964630225,0.061876,0.0703934149999999,0.1074822702307692,0.1342242489371795,0.0873960249999999,0.1343338850628205,0.0045903899999999
mixed,gemma-2-9b-it,7,both_aligned,700,0.5627009646302251,0.9993436,0.970765615,0.9647318498192856,0.9522909946364286,0.039006794,0.0728299262991428,-0.0244808749999999
mixed,gemma-2-9b-it,7,aligned_output_misaligned_latent,382,0.3070739549839228,0.99608505845,0.01939246,0.9821660730518323,0.0420494027764397,0.966383162,0.9401166702753928,-0.966383162
mixed,gemma-2-9b-it,7,misaligned_output_aligned_latent,121,0.0972668810289389,0.0609752,0.9954201477,0.1060998338677686,0.9725413479178512,0.9081313413,0.8664415140500826,0.9081313413
mixed,gemma-2-9b-it,7,both_misaligned,41,0.0329581993569131,0.08882034,0.0554244,0.1455526053658536,0.0702103421951219,0.07615556,0.1215514797560975,-0.00533092
mixed,gemma-2-9b-it,8,both_aligned,710,0.5707395498392283,0.9993487,0.98913998,0.9647605316677464,0.974932260891576,0.01984510402,0.0545966415872098,-0.009112785
mixed,gemma-2-9b-it,8,aligned_output_misaligned_latent,372,0.2990353697749196,0.99579918,0.013771205,0.9825799927290324,0.0245593991868817,0.9749825913,0.9580205935421506,-0.9749825913
mixed,gemma-2-9b-it,8,misaligned_output_aligned_latent,122,0.0980707395498392,0.0614256,0.99922901393,0.1075367663770491,0.9841636805454508,0.9214582360475,0.8766269141684017,0.9214582360475
mixed,gemma-2-9b-it,8,both_misaligned,40,0.0321543408360128,0.08819207,0.0329757349999999,0.1421562805,0.0470679399999999,0.0651946599999999,0.130738595,-0.043107855
mixed,gemma-2-9b-it,9,both_aligned,710,0.5707395498392283,0.99935125,0.992166957,0.9647723574621128,0.9793056075513168,0.015087075,0.0505860673973732,-0.0059698049999999
mixed,gemma-2-9b-it,9,aligned_output_misaligned_latent,372,0.2990353697749196,0.9956515863,0.010506928,0.9825574219924732,0.0237080395449193,0.9791149238,0.9588493824475538,-0.9791149238
mixed,gemma-2-9b-it,9,misaligned_output_aligned_latent,123,0.0988745980707395,0.061876,0.99955320358,0.1073743845365853,0.9826340990398618,0.920772951095,0.8752597145032763,0.920772951095
mixed,gemma-2-9b-it,9,both_misaligned,39,0.0313504823151125,0.08882034,0.02656066,0.1435560876923076,0.0350644056410256,0.0687031,0.1292076794871795,-0.04573483
mixed,gemma-2-9b-it,10,both_aligned,712,0.572347266881029,0.9993538,0.99303457,0.9648633403484552,0.980197601792444,0.0137535899999999,0.0497757017170224,-0.00518273
mixed,gemma-2-9b-it,10,aligned_output_misaligned_latent,370,0.297427652733119,0.9956515863,0.01203922,0.9824784768951352,0.0234530337763783,0.97797855,0.9590254431187568,-0.97797855
mixed,gemma-2-9b-it,10,misaligned_output_aligned_latent,122,0.0980707395498392,0.061876,0.999657273295,0.1078827598196721,0.9845285293462844,0.9195450267865,0.8766457695266122,0.9195450267865
mixed,gemma-2-9b-it,10,both_misaligned,40,0.0321543408360128,0.08179522,0.0266940799999999,0.1411010005,0.04281444375,0.08050563,0.13339451225,-0.052754085
mixed,gemma-2-9b-it,11,both_aligned,713,0.5731511254019293,0.99936384,0.9949763,0.9650354891684432,0.9839438507398328,0.0098257999999999,0.0457463117444611,-0.00377134
mixed,gemma-2-9b-it,11,aligned_output_misaligned_latent,369,0.2966237942122186,0.9954615687,0.0122674,0.9821935799517616,0.0249506952350135,0.977787529,0.957242884716748,-0.977787529
mixed,gemma-2-9b-it,11,misaligned_output_aligned_latent,122,0.0980707395498392,0.061876,0.999852985145,0.1078827598196721,0.9822885475081164,0.919407442375,0.8744057876884443,0.919407442375
mixed,gemma-2-9b-it,11,both_misaligned,40,0.0321543408360128,0.08179522,0.0182183,0.1411010005,0.029390763,0.07246178,0.135422423,-0.0642217
mixed,gemma-2-9b-it,12,both_aligned,712,0.572347266881029,0.99936627,0.9959165,0.965002544840028,0.9850197526301236,0.0088046549999999,0.0443788950561067,-0.0030926099999999
mixed,gemma-2-9b-it,12,aligned_output_misaligned_latent,370,0.297427652733119,0.99544385235,0.0083453874999999,0.982210602305946,0.0248496219259648,0.98157079905,0.9573609803799812,-0.98157079905
mixed,gemma-2-9b-it,12,misaligned_output_aligned_latent,121,0.0972668810289389,0.061876,0.99992389575,0.108732855768595,0.9826536416627818,0.91845909886,0.8739207858941868,0.91845909886
mixed,gemma-2-9b-it,12,both_misaligned,41,0.0329581993569131,0.0747700999999999,0.0139308,0.1377819797560975,0.0361235821951219,0.08628816,0.1436187565853658,-0.0611317
mixed,gemma-2-9b-it,13,both_aligned,712,0.572347266881029,0.99936627,0.9963679,0.965002544840028,0.9861397234387204,0.00843884235,0.0437242634950404,-0.0025045899999999
mixed,gemma-2-9b-it,13,aligned_output_misaligned_latent,370,0.297427652733119,0.99544385235,0.00761755,0.982210602305946,0.0233907476071594,0.982024728,0.9588198546987864,-0.982024728
mixed,gemma-2-9b-it,13,misaligned_output_aligned_latent,122,0.0980707395498392,0.061876,0.999925171313,0.1078827598196721,0.9819646495769851,0.920573739892,0.8740818897573132,0.920573739892
mixed,gemma-2-9b-it,13,both_misaligned,40,0.0321543408360128,0.08179522,0.01233655,0.1411010005,0.0270215182499999,0.0774663999999999,0.14067848125,-0.067211565
mixed,gemma-2-9b-it,14,both_aligned,717,0.5763665594855305,0.99936384,0.9969791,0.9651055867616456,0.9866032807922016,0.0077789999999999,0.0443436085332057,-0.0018827399999999
mixed,gemma-2-9b-it,14,aligned_output_misaligned_latent,365,0.2934083601286174,0.9954615687,0.00738806,0.9822439152635616,0.0167691845541424,0.9842210162,0.9654747307094192,-0.9842210162
mixed,gemma-2-9b-it,14,misaligned_output_aligned_latent,123,0.0988745980707395,0.061876,0.99991226196,0.1073743845365853,0.9876529129388432,0.92221791,0.8802785284022577,0.92221791
mixed,gemma-2-9b-it,14,both_misaligned,39,0.0313504823151125,0.08882034,0.0120241599999999,0.1435560876923076,0.0266206225641025,0.07934308,0.1354981435897436,-0.06597156
mixed,gemma-2-9b-it,15,both_aligned,716,0.5755627009646302,0.999361335,0.996540185,0.9651011570406424,0.985676123044869,0.0081165541299999,0.0451819685746175,-0.0023203299999999
mixed,gemma-2-9b-it,15,aligned_output_misaligned_latent,366,0.2942122186495177,0.9954615687,0.0054798415,0.9822057550224044,0.0175289098744125,0.9851836127,0.9646768451479918,-0.9851836127
mixed,gemma-2-9b-it,15,misaligned_output_aligned_latent,123,0.0988745980707395,0.061876,0.99990403652,0.1073743845365853,0.9868924746847416,0.922603076,0.8795180901481561,0.922603076
mixed,gemma-2-9b-it,15,both_misaligned,39,0.0313504823151125,0.08882034,0.0114050999999999,0.1435560876923076,0.0256475935897435,0.08180854,0.1371826264102564,-0.0693472399999999
mixed,gemma-2-9b-it,16,both_aligned,719,0.5779742765273312,0.99936384,0.9958525,0.96523898238484,0.9858888612830048,0.0085803999999999,0.0441823470442009,-0.0028718824999999
mixed,gemma-2-9b-it,16,aligned_output_misaligned_latent,363,0.2918006430868167,0.9954615687,0.0083881999999999,0.9820741224369146,0.0210052966435399,0.98172998,0.9610688257933746,-0.98172998
mixed,gemma-2-9b-it,16,misaligned_output_aligned_latent,122,0.0980707395498392,0.061876,0.99986115098,0.1082133454754098,0.9844088840237624,0.9208944155,0.8761955385483524,0.9208944155
mixed,gemma-2-9b-it,16,both_misaligned,40,0.0321543408360128,0.08179522,0.01192058,0.14009271425,0.03074687075,0.081358615,0.13925204,-0.067157175
mixed,gemma-2-9b-it,17,both_aligned,728,0.5852090032154341,0.999371215,0.996508285,0.9655536072578298,0.9825056868993812,0.0074621579499999,0.0467810977651777,-0.00247214
mixed,gemma-2-9b-it,17,aligned_output_misaligned_latent,354,0.2845659163987138,0.9954082819,0.0101457744999999,0.9818551093096046,0.0255187638820536,0.9779367813,0.9563363454275507,-0.9779367813
mixed,gemma-2-9b-it,17,misaligned_output_aligned_latent,125,0.1004823151125401,0.061876,0.99992853954,0.109575891584,0.980360928404424,0.920484018,0.870785036820424,0.920484018
mixed,gemma-2-9b-it,17,both_misaligned,37,0.0297427652733119,0.08882034,0.0113225599999999,0.1380743316216216,0.0269953959459459,0.0625208,0.1238109621621621,-0.05692867
mixed,gemma-2-9b-it,18,both_aligned,718,0.5771704180064309,0.99937856,0.9955360647,0.9652861197526462,0.9857062302380604,0.0092736799999999,0.0437439431831855,-0.00324989
mixed,gemma-2-9b-it,18,aligned_output_misaligned_latent,364,0.292604501607717,0.9952448,0.0051295299999999,0.981934892299176,0.0251046180894505,0.982130765,0.9568302742097252,-0.982130765
mixed,gemma-2-9b-it,18,misaligned_output_aligned_latent,123,0.0988745980707395,0.061876,0.999977742225,0.1109824068943089,0.98148163967422,0.921663518,0.8704992327799111,0.921663518
mixed,gemma-2-9b-it,18,both_misaligned,39,0.0313504823151125,0.0747700999999999,0.00869876,0.1321769402564102,0.030093903076923,0.08364099,0.1311797207692307,-0.0618545999999999
mixed,gemma-2-9b-it,19,both_aligned,725,0.5827974276527331,0.99937373,0.9957472,0.965375861871862,0.9826262348322744,0.0097209999999999,0.0473900100599986,-0.0030105999999999
mixed,gemma-2-9b-it,19,aligned_output_misaligned_latent,357,0.2869774919614148,0.9954615687,0.00895804,0.9820790894179272,0.0238454114610252,0.978218454,0.958233677956902,-0.978218454
mixed,gemma-2-9b-it,19,misaligned_output_aligned_latent,125,0.1004823151125401,0.061876,0.999900996685,0.109575891584,0.987547449486492,0.924126839234,0.877971557902492,0.924126839234
mixed,gemma-2-9b-it,19,both_misaligned,37,0.0297427652733119,0.08882034,0.0156749,0.1380743316216216,0.0376357513513513,0.05790949,0.1204287229729729,-0.0531328900000001
mixed,gemma-2-9b-it,20,both_aligned,1058,0.8504823151125402,0.99916367,0.9957786745,0.970606805301796,0.983925666432722,0.006995179,0.0387920037503969,-0.0009645699999999
mixed,gemma-2-9b-it,20,aligned_output_misaligned_latent,24,0.0192926045016077,0.998764785,0.068258176,0.98323894875,0.1035666067916666,0.918512555,0.8796723419583333,-0.918512555
mixed,gemma-2-9b-it,20,misaligned_output_aligned_latent,154,0.1237942122186495,0.0716537999999999,0.9917678355,0.1203423975324675,0.9739526314155844,0.90917923475,0.8536102338831169,0.90917923475
mixed,gemma-2-9b-it,20,both_misaligned,8,0.0064308681672025,0.0106939765,0.04804185,0.0341259372499999,0.0869419365,0.043896835,0.087323975,0.0242691334999999
mixed,gemma-2-9b-it,21,both_aligned,1043,0.8384244372990354,0.99913067,0.9967699188,0.9702324179763184,0.9853266131023394,0.0052965002,0.0381509329739597,-0.0002130499999999
mixed,gemma-2-9b-it,21,aligned_output_misaligned_latent,39,0.0313504823151125,0.99915075,0.13372084,0.988392893076923,0.1507376359487179,0.8653783,0.8376552571282051,-0.8653783
mixed,gemma-2-9b-it,21,misaligned_output_aligned_latent,154,0.1237942122186495,0.0716537999999999,0.993107351,0.1203423975324675,0.9793171390246752,0.9087595228,0.8589747414922078,0.9087595228
mixed,gemma-2-9b-it,21,both_misaligned,8,0.0064308681672025,0.0106939765,0.0574944,0.0341259372499999,0.0904757363749999,0.0615722975,0.092533165125,0.0274024634999999
mixed,gemma-2-9b-it,22,both_aligned,1057,0.8496784565916399,0.99918324,0.995810563,0.9705799648053928,0.9869635702134816,0.00586004,0.0358135317990066,-0.0011260399999999
mixed,gemma-2-9b-it,22,aligned_output_misaligned_latent,25,0.020096463022508,0.9987551,0.110984534,0.9838684792,0.13062624752,0.887770566,0.85324223168,-0.887770566
mixed,gemma-2-9b-it,22,misaligned_output_aligned_latent,153,0.1229903536977492,0.0747700999999999,0.988087958,0.1211264073202614,0.9727492778267972,0.90462424,0.8516228705065358,0.90462424
mixed,gemma-2-9b-it,22,both_misaligned,9,0.0072347266881028,0.00394547,0.082881756,0.0303773775555555,0.0983448411888889,0.0651654439999999,0.0995615832555555,0.0350941
mixed,gemma-2-9b-it,23,both_aligned,1062,0.8536977491961415,0.99918324,0.995939821,0.9707126315341807,0.9876050587744444,0.00573963225,0.0349618735140866,-0.0008136119999999
mixed,gemma-2-9b-it,23,aligned_output_misaligned_latent,20,0.0160771704180064,0.998725325,0.1257548024999999,0.9801460045,0.1546809998,0.8678988525,0.8254650047000001,-0.8678988525
mixed,gemma-2-9b-it,23,misaligned_output_aligned_latent,153,0.1229903536977492,0.0747700999999999,0.985820591,0.1211264073202614,0.9720783806444444,0.902359245,0.8509519733241829,0.902359245
mixed,gemma-2-9b-it,23,both_misaligned,9,0.0072347266881028,0.00394547,0.07796985,0.0303773775555555,0.0875269747777777,0.07007735,0.088039097,0.0163727999999999
mixed,gemma-2-9b-it,24,both_aligned,1060,0.8520900321543409,0.99918324,0.996569585,0.9706592249616038,0.9883603427311888,0.00496069,0.0350419547707169,-0.00026499
mixed,gemma-2-9b-it,24,aligned_output_misaligned_latent,22,0.017684887459807,0.998725325,0.118497498,0.9818616509090908,0.1280290955454545,0.8758167020000001,0.8538325553636364,-0.8758167020000001
mixed,gemma-2-9b-it,24,misaligned_output_aligned_latent,154,0.1237942122186495,0.0716537999999999,0.988737981,0.1203472329870129,0.9755162880564936,0.9077008795,0.8551690550694806,0.9077008795
mixed,gemma-2-9b-it,24,both_misaligned,8,0.0064308681672025,0.0106939765,0.050763422,0.0340328547499999,0.0903973130875,0.0665332159999999,0.0945967284125,0.0145344885
mixed,gemma-2-9b-it,25,both_aligned,1062,0.8536977491961415,0.99918324,0.99514788985,0.9707104835774952,0.984820478844162,0.0072454207,0.0379118167444444,-0.001491495
mixed,gemma-2-9b-it,25,aligned_output_misaligned_latent,20,0.0160771704180064,0.998725325,0.1140812925,0.980260061,0.13394095115,0.8812777975,0.8463191098499999,-0.8812777975
mixed,gemma-2-9b-it,25,misaligned_output_aligned_latent,152,0.1221864951768488,0.0716537999999999,0.9883397325,0.1207077159210526,0.9782546752657894,0.9066243035,0.8575469593447369,0.9066243035
mixed,gemma-2-9b-it,25,both_misaligned,10,0.0080385852090032,0.0106939765,0.133124865,0.0458163897999999,0.1412754381,0.13614275,0.1241539599,0.10683999
mixed,gemma-2-9b-it,26,both_aligned,1061,0.8528938906752411,0.99918324,0.995027538,0.9706862914225258,0.9855920773118284,0.0072032199999999,0.0372402600476437,-0.00159533
mixed,gemma-2-9b-it,26,aligned_output_misaligned_latent,21,0.0168810289389067,0.99869555,0.12239561,0.981027599047619,0.1456318814285714,0.87684899,0.8353957176190476,-0.87684899
mixed,gemma-2-9b-it,26,misaligned_output_aligned_latent,151,0.1213826366559485,0.0747700999999999,0.987188128,0.1213967935099337,0.9785007533635762,0.906997301,0.8571039598536424,0.906997301
mixed,gemma-2-9b-it,26,both_misaligned,11,0.0088424437299035,0.016657,0.1557870999999999,0.0431655361818181,0.1431330805454545,0.1518416299999999,0.1266476350909091,0.1518416299999999
mixed,gemma-2-9b-it,27,both_aligned,1058,0.8504823151125402,0.99918324,0.99635813,0.9706095355948016,0.9874050384827978,0.0060074949999999,0.0362530008297731,-0.0007412199999999
mixed,gemma-2-9b-it,27,aligned_output_misaligned_latent,24,0.0192926045016077,0.99863705,0.13873305,0.9831185883333332,0.14386245525,0.85981876,0.8392561330833334,-0.85981876
mixed,gemma-2-9b-it,27,misaligned_output_aligned_latent,151,0.1213826366559485,0.0747700999999999,0.990274088,0.1213967935099337,0.9816208554139072,0.910808943,0.8602240619039735,0.910808943
mixed,gemma-2-9b-it,27,both_misaligned,11,0.0088424437299035,0.016657,0.18634784,0.0431655361818181,0.1521243531363636,0.16969084,0.1434795106818182,0.16969084
mixed,gemma-2-9b-it,28,both_aligned,1058,0.8504823151125402,0.99918324,0.9957336746,0.9706090464454632,0.9851283374800566,0.00755575,0.0384295788155009,-0.0013112949999999
mixed,gemma-2-9b-it,28,aligned_output_misaligned_latent,24,0.0192926045016077,0.99863705,0.123310685,0.9831401516666666,0.14144169325,0.8734934000000001,0.8416984584166666,-0.8734934000000001
mixed,gemma-2-9b-it,28,misaligned_output_aligned_latent,151,0.1213826366559485,0.0747700999999999,0.990318921,0.1213967935099337,0.9840115040569536,0.913144918,0.86261471054702,0.913144918
mixed,gemma-2-9b-it,28,both_misaligned,11,0.0088424437299035,0.016657,0.1112999999999999,0.0431655361818181,0.160155305090909,0.1267051699999999,0.1538864765454545,0.1073545299999999
mixed,gemma-2-9b-it,29,both_aligned,1057,0.8496784565916399,0.99918324,0.9942440316,0.9705834997438978,0.9823530246003594,0.009425297,0.041035886442649,-0.00238523
mixed,gemma-2-9b-it,29,aligned_output_misaligned_latent,25,0.020096463022508,0.99857855,0.10626056,0.983719022,0.13161761488,0.88923231,0.8521014071199999,-0.88923231
mixed,gemma-2-9b-it,29,misaligned_output_aligned_latent,151,0.1213826366559485,0.0747700999999999,0.9894469585,0.1213967935099337,0.9837400605112584,0.911828862,0.8623432670013245,0.911828862
mixed,gemma-2-9b-it,29,both_misaligned,11,0.0088424437299035,0.016657,0.1851506,0.0431655361818181,0.1705717857272727,0.18120513,0.1636845195454545,0.18120513
mixed,gemma-2-9b-it,30,both_aligned,1056,0.8488745980707395,0.999166995,0.9963863,0.9705469473857008,0.9847220631370076,0.0071354949999999,0.0396536208764962,-0.000878625
mixed,gemma-2-9b-it,30,aligned_output_misaligned_latent,26,0.0209003215434083,0.998764785,0.1131304355,0.9846983976923076,0.122674324576923,0.8797900670000001,0.8620240731153845,-0.8797900670000001
mixed,gemma-2-9b-it,30,misaligned_output_aligned_latent,153,0.1229903536977492,0.0747700999999999,0.989805241,0.1210249469281045,0.9802909587457516,0.914161116,0.8592660118176471,0.914161116
mixed,gemma-2-9b-it,30,both_misaligned,9,0.0072347266881028,0.016657,0.18643266,0.0321022042222222,0.1329379512888888,0.18604376,0.1506106196,0.18604376
mixed,gemma-2-9b-it,31,both_aligned,1055,0.8480707395498392,0.99915075,0.9957239423,0.9705193217718484,0.9843566315666352,0.0080486488,0.0397277736372511,-0.00131453
mixed,gemma-2-9b-it,31,aligned_output_misaligned_latent,27,0.0217041800643086,0.99877447,0.10598627,0.9852537151851852,0.1215853822222222,0.89344337,0.8636683329629629,-0.89344337
mixed,gemma-2-9b-it,31,misaligned_output_aligned_latent,152,0.1221864951768488,0.0747700999999999,0.9901922,0.1218137060526315,0.981122584255921,0.9124013995,0.8593088782032895,0.9124013995
mixed,gemma-2-9b-it,31,both_misaligned,10,0.0080385852090032,0.010301235,0.2409553549999999,0.0290053397999999,0.16994650278,0.2355295699999999,0.1836220990199999,0.2355295699999999
mixed,gemma-2-9b-it,32,both_aligned,1051,0.844855305466238,0.99915075,0.9963998795,0.970411089133492,0.9840375884475928,0.0078420711,0.040299449821998,-0.00078474
mixed,gemma-2-9b-it,32,aligned_output_misaligned_latent,31,0.0249196141479099,0.99884856,0.09365368,0.9870219387096776,0.1094733053870967,0.90577596,0.8775486333225806,-0.90577596
mixed,gemma-2-9b-it,32,misaligned_output_aligned_latent,153,0.1229903536977492,0.0747700999999999,0.991650641,0.1210249469281045,0.982618394703072,0.914908268,0.8615934477749673,0.914908268
mixed,gemma-2-9b-it,32,both_misaligned,9,0.0072347266881028,0.016657,0.203102,0.0321022042222222,0.1661642291111111,0.2027130999999999,0.1862244928888888,0.2027130999999999
mixed,gemma-2-9b-it,33,both_aligned,1049,0.8432475884244373,0.9991441,0.9971576333,0.970355502458818,0.9860934610967206,0.0064685332999999,0.0384186708724118,-0.0002949447
mixed,gemma-2-9b-it,33,aligned_output_misaligned_latent,33,0.0265273311897106,0.9988575,0.098725975,0.9877822030303032,0.1257091231818181,0.900875825,0.8620730798484848,-0.900875825
mixed,gemma-2-9b-it,33,misaligned_output_aligned_latent,153,0.1229903536977492,0.0747700999999999,0.991807342,0.1210249469281045,0.9826968841920916,0.916366341,0.8616719372639868,0.916366341
mixed,gemma-2-9b-it,33,both_misaligned,9,0.0072347266881028,0.016657,0.2001045299999999,0.0321022042222222,0.1514472916333333,0.1997156299999999,0.1722560970333333,0.1997156299999999
mixed,gemma-2-9b-it,34,both_aligned,1049,0.8432475884244373,0.99918324,0.9958547354,0.9703640831070542,0.9837361734102668,0.0075113058,0.0401116809030219,-0.0007649399999999
mixed,gemma-2-9b-it,34,aligned_output_misaligned_latent,33,0.0265273311897106,0.99884856,0.10387558,0.9875094424242424,0.1192717952727272,0.89498818,0.8682376471515152,-0.89498818
mixed,gemma-2-9b-it,34,misaligned_output_aligned_latent,153,0.1229903536977492,0.0747700999999999,0.989699781,0.1210249469281045,0.9817608213333332,0.915344717,0.8607358744052288,0.915344717
mixed,gemma-2-9b-it,34,both_misaligned,9,0.0072347266881028,0.016657,0.2645724,0.0321022042222222,0.1757075809222222,0.2641835,0.1944225944111111,0.2641835
mixed,gemma-2-9b-it,35,both_aligned,1049,0.8432475884244373,0.9991441,0.9969279766,0.970355502458818,0.9856347194623574,0.0069777399999999,0.0387431485665519,-0.0003299399999999
mixed,gemma-2-9b-it,35,aligned_output_misaligned_latent,33,0.0265273311897106,0.9988575,0.094091535,0.9877822030303032,0.1147372382121212,0.905257165,0.8730449648181818,-0.905257165
mixed,gemma-2-9b-it,35,misaligned_output_aligned_latent,154,0.1237942122186495,0.0716537999999999,0.991530329,0.1202576888311688,0.9821359875247402,0.91357013325,0.8618782986935715,0.91357013325
mixed,gemma-2-9b-it,35,both_misaligned,8,0.0064308681672025,0.0170497415,0.1118340475,0.03575657975,0.1399072705,0.1705145175,0.16480249175,0.0957025179
mixed,gemma-2-9b-it,36,both_aligned,1050,0.8440514469453376,0.999166995,0.9966482814,0.9703838291993332,0.9868667126381048,0.0063199507,0.0371940829951523,-0.0004739349999999
mixed,gemma-2-9b-it,36,aligned_output_misaligned_latent,32,0.0257234726688102,0.99885303,0.091136545,0.98739731625,0.12479230303125,0.90801358,0.86260501321875,-0.90801358
mixed,gemma-2-9b-it,36,misaligned_output_aligned_latent,153,0.1229903536977492,0.0747700999999999,0.991521716,0.1210362779084967,0.9811771734225492,0.913242455,0.8601408955140523,0.913242455
mixed,gemma-2-9b-it,36,both_misaligned,9,0.0072347266881028,0.016657,0.21183085,0.0319095775555555,0.1434643797222222,0.21069729,0.1640327378333333,0.21069729
mixed,gemma-2-9b-it,37,both_aligned,1049,0.8432475884244373,0.99915075,0.9964243209,0.9703559911909436,0.98577095434837,0.0070793215999999,0.0384086238151954,-0.00063756
mixed,gemma-2-9b-it,37,aligned_output_misaligned_latent,33,0.0265273311897106,0.9988575,0.08808111,0.9877666672727272,0.1208254283030303,0.90821166,0.8669412389696969,-0.90821166
mixed,gemma-2-9b-it,37,misaligned_output_aligned_latent,152,0.1221864951768488,0.0716537999999999,0.99235753,0.1206169935526315,0.9847453237028287,0.914145,0.8641283301501973,0.914145
mixed,gemma-2-9b-it,37,both_misaligned,10,0.0080385852090032,0.0170497415,0.203801395,0.0471953698,0.17118910429,0.203037065,0.17152319951,0.203037065
mixed,gemma-2-9b-it,38,both_aligned,1050,0.8440514469453376,0.999166995,0.99526075775,0.9703836631993332,0.9843870281860476,0.0082679024999999,0.0391374613669047,-0.0012489199999999
mixed,gemma-2-9b-it,38,aligned_output_misaligned_latent,32,0.0257234726688102,0.99885303,0.09394187,0.987402763125,0.11839215540625,0.9052,0.86901060771875,-0.9052
mixed,gemma-2-9b-it,38,misaligned_output_aligned_latent,153,0.1229903536977492,0.0747700999999999,0.990024805,0.1210362779084967,0.9808842103797386,0.912060203,0.8598479324712419,0.912060203
mixed,gemma-2-9b-it,38,both_misaligned,9,0.0072347266881028,0.016657,0.2480151,0.0319095775555555,0.1537303121777778,0.24406963,0.1743043920444444,0.24406963
mixed,gemma-2-9b-it,39,both_aligned,1051,0.844855305466238,0.99915075,0.996471282,0.9704108448233112,0.985374104991646,0.00724694,0.0390054956330352,-0.0007277399999999
mixed,gemma-2-9b-it,39,aligned_output_misaligned_latent,31,0.0249196141479099,0.99884856,0.093647465,0.9870302216129032,0.1157212819677419,0.905640334,0.8713089396451613,-0.905640334
mixed,gemma-2-9b-it,39,misaligned_output_aligned_latent,153,0.1229903536977492,0.0747700999999999,0.991738125,0.1210362779084967,0.9824930658267974,0.9138008,0.8614567879183006,0.9138008
mixed,gemma-2-9b-it,39,both_misaligned,9,0.0072347266881028,0.016657,0.2352893999999999,0.0319095775555555,0.1588838343,0.2313439299999999,0.1806984699222222,0.2313439299999999
mixed,gemma-2-9b-it,40,both_aligned,1051,0.844855305466238,0.99915075,0.9957181,0.9704111473922932,0.9840735007142722,0.0077521471999999,0.0392991898928639,-0.00096726
mixed,gemma-2-9b-it,40,aligned_output_misaligned_latent,31,0.0249196141479099,0.99884856,0.097548425,0.9870199635483872,0.121144098548387,0.901867805,0.865875865,-0.901867805
mixed,gemma-2-9b-it,40,misaligned_output_aligned_latent,153,0.1229903536977492,0.0747700999999999,0.9900637865,0.1210362779084967,0.9792945868297384,0.910766306,0.8582583089212418,0.910766306
mixed,gemma-2-9b-it,40,both_misaligned,9,0.0072347266881028,0.016657,0.2474096999999999,0.0319095775555555,0.1731588567222222,0.2462761399999999,0.1948563386111111,0.2462761399999999
mixed,gemma-2-9b-it,41,both_aligned,1050,0.8440514469453376,0.999147425,0.99401527645,0.9703833619136192,0.9811257558285048,0.0088988449999999,0.0405607064857428,-0.0020407849999999
mixed,gemma-2-9b-it,41,aligned_output_misaligned_latent,32,0.0257234726688102,0.99885303,0.11608422,0.9874126490625,0.1346719208125,0.88177028,0.85274072825,-0.88177028
mixed,gemma-2-9b-it,41,misaligned_output_aligned_latent,153,0.1229903536977492,0.0747700999999999,0.985382438,0.1210362779084967,0.9750119966372548,0.906967582,0.8539757187287582,0.906967582
mixed,gemma-2-9b-it,41,both_misaligned,9,0.0072347266881028,0.016657,0.2485152,0.0319095775555555,0.1758989722,0.24738164,0.1950813898,0.24738164
mixed,gemma-2-9b-it,42,both_aligned,1050,0.8440514469453376,0.999166995,0.99832439425,0.9704317073326668,0.9884785405874952,0.0061322302999999,0.0372633354062571,9.203499999999032e-05
mixed,gemma-2-9b-it,42,aligned_output_misaligned_latent,32,0.0257234726688102,0.998811515,0.070125997,0.985826315,0.1085008210625,0.929345153,0.8773254939375,-0.929345153
mixed,gemma-2-9b-it,42,misaligned_output_aligned_latent,151,0.1213826366559485,0.0747700999999999,0.995321274,0.1216784859602649,0.9881008267447682,0.920623653,0.8664223407845034,0.920623653
mixed,gemma-2-9b-it,42,both_misaligned,11,0.0088424437299035,0.016657,0.21185315,0.039298667090909,0.1807496962727272,0.19304937,0.184583838090909,0.19304937
mixed,gemma-2-9b,0,both_aligned,634,0.5096463022508039,0.5774954,0.5,0.5765809727760253,0.5,0.07749539999999999,0.07658097277602524,-0.07749539999999999
mixed,gemma-2-9b,0,aligned_output_misaligned_latent,0,0.0,,,,,,,
mixed,gemma-2-9b,0,misaligned_output_aligned_latent,610,0.4903536977491961,0.44552955,0.5,0.443427570442623,0.5,0.054470450000000004,0.05657242955737705,0.054470450000000004
mixed,gemma-2-9b,0,both_misaligned,0,0.0,,,,,,,
mixed,gemma-2-9b,1,both_aligned,347,0.27893890675241156,0.5736783999999999,0.6663851700000001,0.5760779938616715,0.6805654706397695,0.09187762999999993,0.12586932513544669,0.08923197000000016
mixed,gemma-2-9b,1,aligned_output_misaligned_latent,287,0.23070739549839228,0.5774954,0.36927915,0.577189104076655,0.3568218454006969,0.20417513999999992,0.2203672586759582,-0.20417513999999992
mixed,gemma-2-9b,1,misaligned_output_aligned_latent,345,0.27733118971061094,0.441673,0.6771209,0.44278922634782614,0.6743248231594203,0.22740972999999998,0.2315355968115942,0.22740972999999998
mixed,gemma-2-9b,1,both_misaligned,265,0.21302250803858522,0.44552955,0.31162113,0.44425862218867923,0.3011945455056604,0.13028295,0.15181650000377359,-0.13028295
mixed,gemma-2-9b,2,both_aligned,397,0.31913183279742763,0.5736783999999999,0.909982726,0.5730353979345089,0.8616758256384635,0.33346053,0.29122468039916877,0.33346053
mixed,gemma-2-9b,2,aligned_output_misaligned_latent,237,0.19051446945337622,0.5813031200000001,0.08152484999999998,0.5825201846413501,0.13334704274261605,0.50380861,0.44917314189873414,-0.50380861
mixed,gemma-2-9b,2,misaligned_output_aligned_latent,364,0.29260450160771706,0.441673,0.933029765,0.4420461614835165,0.8821756493956043,0.48926862000000004,0.4401294879120879,0.48926862000000004
mixed,gemma-2-9b,2,both_misaligned,246,0.1977491961414791,0.44552955,0.149191415,0.4454716064634146,0.18179422615873983,0.283400105,0.266417368028252,-0.283400105
mixed,gemma-2-9b,3,both_aligned,375,0.30144694533762056,0.5736783999999999,0.949678138,0.5722108431466667,0.8890481502853697,0.37404583699999994,0.32020133935203626,0.37404583699999994
mixed,gemma-2-9b,3,aligned_output_misaligned_latent,259,0.20819935691318328,0.5813031200000001,0.056868139999999956,0.5829083805405405,0.12673915884555984,0.52042061,0.45616922169498064,-0.52042061
mixed,gemma-2-9b,3,misaligned_output_aligned_latent,398,0.319935691318328,0.441673,0.95704295,0.4423507454522613,0.8947946455527638,0.511740905,0.4524439001005025,0.511740905
mixed,gemma-2-9b,3,both_misaligned,212,0.17041800643086816,0.44552955,0.08051241,0.445449156981132,0.13993509066875,0.35318615,0.30707557065200475,-0.35318615
mixed,gemma-2-9b,4,both_aligned,399,0.3207395498392283,0.5736783999999999,0.96732322,0.5728130511278196,0.9086755823516677,0.387935849,0.33680147578525166,0.387935849
mixed,gemma-2-9b,4,aligned_output_misaligned_latent,235,0.18890675241157556,0.5851012,0.06075129999999995,0.5829784227234043,0.12003688759574468,0.5221694299999999,0.46294153512765956,-0.5221694299999999
mixed,gemma-2-9b,4,misaligned_output_aligned_latent,411,0.33038585209003213,0.44552955,0.9744035,0.4431149575182482,0.9168299108272506,0.52395925,0.4737149533090025,0.52395925
mixed,gemma-2-9b,4,both_misaligned,199,0.159967845659164,0.44552955,0.078886256,0.44407321824120605,0.12228946777206331,0.3614824029,0.3221778074540673,-0.3614824029
mixed,gemma-2-9b,5,both_aligned,403,0.32395498392282956,0.5736783999999999,0.97390113,0.5723895315384615,0.9163674955123027,0.39430393100000005,0.34572692154207946,0.39430393100000005
mixed,gemma-2-9b,5,aligned_output_misaligned_latent,231,0.18569131832797428,0.5851012,0.05705800000000005,0.583893313982684,0.12629132012554112,0.52503812,0.45760199385714284,-0.52503812
mixed,gemma-2-9b,5,misaligned_output_aligned_latent,409,0.3287781350482315,0.44552955,0.9746259,0.44355435344743277,0.9096707961858191,0.52131706,0.4661164427383863,0.52131706
mixed,gemma-2-9b,5,both_misaligned,201,0.16157556270096463,0.441673,0.057410054,0.4431695891044776,0.10627464353153632,0.386100534,0.33926126288637415,-0.386100534
mixed,gemma-2-9b,6,both_aligned,390,0.3135048231511254,0.5736783999999999,0.980220871,0.5727074664615385,0.9299973470994218,0.4001433649375,0.35841572766352436,0.4001433649375
mixed,gemma-2-9b,6,aligned_output_misaligned_latent,244,0.19614147909967847,0.5813031200000001,0.07065739999999998,0.5827722328688525,0.13693527625,0.5098232199999999,0.4458369566188525,-0.5098232199999999
mixed,gemma-2-9b,6,misaligned_output_aligned_latent,416,0.33440514469453375,0.44552955,0.98525308,0.4440905994711538,0.9187946706009615,0.52856465,0.4747040711298077,0.52856465
mixed,gemma-2-9b,6,both_misaligned,194,0.15594855305466238,0.441673,0.049622685,0.4420058174742268,0.09801398108448248,0.391084595,0.3450050476268577,-0.391084595
mixed,gemma-2-9b,7,both_aligned,356,0.2861736334405145,0.5774954,0.99543988705,0.5771277971910113,0.9691429521920787,0.40855574790000004,0.39201515500106743,0.40855574790000004
mixed,gemma-2-9b,7,aligned_output_misaligned_latent,278,0.22347266881028938,0.5774954,0.027757299999999985,0.5758807228057554,0.04829667015251799,0.54589258,0.5275840526532374,-0.54589258
mixed,gemma-2-9b,7,misaligned_output_aligned_latent,472,0.37942122186495175,0.441673,0.96038385,0.4428951868855932,0.9367957739830509,0.51324875,0.4939005870974576,0.51324875
mixed,gemma-2-9b,7,both_misaligned,138,0.11093247588424437,0.44552955,0.0124170185,0.4452484765217391,0.04108843254249275,0.4255336352,0.4041600439792464,-0.4255336352
mixed,gemma-2-9b,8,both_aligned,355,0.2853697749196141,0.5774954,0.9993787699,0.5772568391267605,0.9793431352587859,0.4138361481,0.40208629613202534,0.4138361481
mixed,gemma-2-9b,8,aligned_output_misaligned_latent,279,0.22427652733118972,0.5774954,0.016567699999999963,0.5757209994623655,0.029277906012186383,0.56033505,0.5464430934501792,-0.56033505
mixed,gemma-2-9b,8,misaligned_output_aligned_latent,478,0.3842443729903537,0.441673,0.98064828,0.4427044073640167,0.9661833563389121,0.53307462,0.5234789489748954,0.53307462
mixed,gemma-2-9b,8,both_misaligned,132,0.10610932475884244,0.44939261,0.00289943235,0.44604629734848483,0.016368637583257576,0.43772566700000004,0.42967765976522726,-0.43772566700000004
mixed,gemma-2-9b,9,both_aligned,356,0.2861736334405145,0.5774954,0.9995046235,0.5772360409269662,0.9799671191464256,0.41397151092,0.4027310782194593,0.41397151092
mixed,gemma-2-9b,9,aligned_output_misaligned_latent,278,0.22347266881028938,0.5774954,0.018032415000000024,0.5757421085251798,0.03415987344280576,0.55696909,0.5415822350823741,-0.55696909
mixed,gemma-2-9b,9,misaligned_output_aligned_latent,476,0.38263665594855306,0.441673,0.98533547,0.4427005533403361,0.9678788953781512,0.5370691599999999,0.5251783420378151,0.5370691599999999
mixed,gemma-2-9b,9,both_misaligned,134,0.10771704180064309,0.44939261,0.0038623396500000002,0.44601010880597014,0.021647688406940296,0.4363164799,0.4243624203990298,-0.4363164799
mixed,gemma-2-9b,10,both_aligned,353,0.2837620578778135,0.5774954,0.99971359604,0.577385828243626,0.9757928278307294,0.41272462600000004,0.39840699958710335,0.41272462600000004
mixed,gemma-2-9b,10,aligned_output_misaligned_latent,281,0.22588424437299034,0.5774954,0.019701100000000027,0.5755698909964413,0.03572951255765124,0.5541272004,0.53984037843879,-0.5541272004
mixed,gemma-2-9b,10,misaligned_output_aligned_latent,482,0.387459807073955,0.441673,0.98621355,0.4428566115975104,0.9732076724481328,0.538210685,0.5303510608506224,0.538210685
mixed,gemma-2-9b,10,both_misaligned,128,0.10289389067524116,0.447461075,0.0071358941999999995,0.44557758734375,0.022846265435390624,0.4352877498,0.4227313219083594,-0.4352877498
mixed,gemma-2-9b,11,both_aligned,352,0.2829581993569132,0.5774954,0.999875605105,0.57748390375,0.978981081128876,0.41484116231,0.4019986483447852,0.41484116231
mixed,gemma-2-9b,11,aligned_output_misaligned_latent,282,0.2266881028938907,0.5774954,0.014583404999999994,0.57545391,0.029543684065602836,0.5596947800000001,0.5459102259343971,-0.5596947800000001
mixed,gemma-2-9b,11,misaligned_output_aligned_latent,481,0.3866559485530547,0.441673,0.99148655,0.44287506301455304,0.981444175925156,0.54255044,0.5385691129106029,0.54255044
mixed,gemma-2-9b,11,both_misaligned,129,0.10369774919614148,0.44552955,0.005071044,0.44548769503875973,0.025227622421782944,0.436105195,0.42125332067899224,-0.436105195
mixed,gemma-2-9b,12,both_aligned,346,0.27813504823151125,0.5774954,0.9999350308075,0.57743172,0.9797300616615658,0.41468354872999996,0.4023011165748605,0.41468354872999996
mixed,gemma-2-9b,12,aligned_output_misaligned_latent,288,0.2315112540192926,0.5774954,0.011230550000000006,0.5755588945138889,0.034413122711805556,0.5614066799999999,0.5411457718020833,-0.5614066799999999
mixed,gemma-2-9b,12,misaligned_output_aligned_latent,485,0.38987138263665594,0.441673,0.99309087,0.44276266981443296,0.9837923516288659,0.5464304499999999,0.541029681814433,0.5464304499999999
mixed,gemma-2-9b,12,both_misaligned,125,0.10048231511254019,0.44939260000000003,0.0024737457,0.44600738488,0.019111457833128,0.43915942069999997,0.42689592704687196,-0.43915942069999997
mixed,gemma-2-9b,13,both_aligned,349,0.2805466237942122,0.5774954,0.99994843844,0.5773110070773639,0.979892005278143,0.41486140498300006,0.402580998200779,0.41486140498300006
mixed,gemma-2-9b,13,aligned_output_misaligned_latent,285,0.22909967845659163,0.5774954,0.009889840000000039,0.5756870009473684,0.028185103445333332,0.5636307600000001,0.547501897502035,-0.5636307600000001
mixed,gemma-2-9b,13,misaligned_output_aligned_latent,484,0.3890675241157556,0.441673,0.99416788,0.44274897157024795,0.985098396053719,0.54625255,0.5423494244834711,0.54625255
mixed,gemma-2-9b,13,both_misaligned,126,0.10128617363344052,0.44939261,0.00304904965,0.4460342518253968,0.022390431780603175,0.43772312863699997,0.4236438200447937,-0.43772312863699997
mixed,gemma-2-9b,14,both_aligned,349,0.2805466237942122,0.5774954,0.999964118004,0.5774855772779369,0.9847276142086989,0.41488366042,0.40724203693076183,0.41488366042
mixed,gemma-2-9b,14,aligned_output_misaligned_latent,285,0.22909967845659163,0.5774954,0.008823499999999984,0.5754732290175438,0.026790706333157895,0.56581957,0.548682522684386,-0.56581957
mixed,gemma-2-9b,14,misaligned_output_aligned_latent,483,0.3882636655948553,0.441673,0.99459326,0.44275119925465833,0.9852072614492754,0.54753903,0.542456062194617,0.54753903
mixed,gemma-2-9b,14,both_misaligned,127,0.10209003215434084,0.44939260000000003,0.0032536983,0.4459999112598425,0.020492378002818896,0.439923707,0.4255075332570236,-0.439923707
mixed,gemma-2-9b,15,both_aligned,347,0.27893890675241156,0.5774954,0.99992831893,0.5775530115850144,0.9761390861221475,0.41352208339999996,0.3996157945371332,0.41352208339999996
mixed,gemma-2-9b,15,aligned_output_misaligned_latent,287,0.23070739549839228,0.5774954,0.006334900000000032,0.5754057202787456,0.02498935330273171,0.56609188,0.5504163669760139,-0.56609188
mixed,gemma-2-9b,15,misaligned_output_aligned_latent,483,0.3882636655948553,0.441673,0.9930097,0.44275119925465833,0.984394857494824,0.54532325,0.5416436582401656,0.54532325
mixed,gemma-2-9b,15,both_misaligned,127,0.10209003215434084,0.44939260000000003,0.005446602,0.4459999112598425,0.028834159435590555,0.436438754,0.417165751824252,-0.436438754
mixed,gemma-2-9b,16,both_aligned,351,0.2821543408360129,0.5774954,0.99992728233,0.5772343824786325,0.9791086336298985,0.4144393674,0.40196178778944275,0.4144393674
mixed,gemma-2-9b,16,aligned_output_misaligned_latent,283,0.227491961414791,0.5774954,0.009471099999999955,0.5757705600353357,0.028067374534487637,0.56411693,0.5477031855008481,-0.56411693
mixed,gemma-2-9b,16,misaligned_output_aligned_latent,486,0.39067524115755625,0.441673,0.993404325,0.4428240644855967,0.9835060809876542,0.54682397,0.5406820165020576,0.54682397
mixed,gemma-2-9b,16,both_misaligned,124,0.09967845659163987,0.44552955,0.0060633122000000005,0.44579292443548385,0.025963461655241934,0.43583703,0.42082311923185484,-0.43583703
mixed,gemma-2-9b,17,both_aligned,350,0.28135048231511256,0.5774954,0.9999119934875,0.5773655569428572,0.9766488113034417,0.4128562128,0.3996529620748703,0.4128562128
mixed,gemma-2-9b,17,aligned_output_misaligned_latent,284,0.2282958199356913,0.5774954,0.0069913799999999915,0.5756140556690141,0.025357853802887322,0.5653982550000001,0.5502562018661268,-0.5653982550000001
mixed,gemma-2-9b,17,misaligned_output_aligned_latent,485,0.38987138263665594,0.441673,0.9932239,0.4427070744329897,0.9838956303092784,0.54567758,0.5411885558762887,0.54567758
mixed,gemma-2-9b,17,both_misaligned,125,0.10048231511254019,0.44939262,0.010447905,0.44622309496,0.03314186274512,0.4326826667,0.41308123221488,-0.4326826667
mixed,gemma-2-9b,18,both_aligned,346,0.27813504823151125,0.5774954,0.9999714195730001,0.5774199452023121,0.9829097230736081,0.4147876373375,0.4058858504146486,0.4147876373375
mixed,gemma-2-9b,18,aligned_output_misaligned_latent,288,0.2315112540192926,0.5774954,0.0049896850000000215,0.575573040625,0.028367442869305554,0.56806678,0.5472055977556944,-0.56806678
mixed,gemma-2-9b,18,misaligned_output_aligned_latent,484,0.3890675241157556,0.441673,0.9944293,0.4426852670454545,0.9835853417727273,0.5475965650000001,0.5409000747272728,0.5475965650000001
mixed,gemma-2-9b,18,both_misaligned,126,0.10128617363344052,0.44939262,0.008520663000000001,0.4462789580952381,0.02546791417538095,0.433297037575,0.4208110439198572,-0.433297037575
mixed,gemma-2-9b,19,both_aligned,335,0.2692926045016077,0.5774954,0.999977180332,0.5776360131343283,0.9828431382631416,0.41489600058990006,0.40533753539747,0.41489600058990006
mixed,gemma-2-9b,19,aligned_output_misaligned_latent,299,0.24035369774919615,0.5774954,0.0037215000000000442,0.5753989041471571,0.029552870239598662,0.568147,0.5458460339075586,-0.568147
mixed,gemma-2-9b,19,misaligned_output_aligned_latent,484,0.3890675241157556,0.441673,0.995911115,0.44261371301652896,0.9854751239628099,0.549431435,0.542861410946281,0.549431435
mixed,gemma-2-9b,19,both_misaligned,126,0.10128617363344052,0.44939262,0.00690078945,0.44655381642857145,0.02595932201411111,0.4338326395,0.4205944944144603,-0.4338326395
mixed,gemma-2-9b,20,both_aligned,350,0.28135048231511256,0.5774954,0.99984776974,0.5772227508857143,0.9793060411617791,0.4136050883,0.4023190321046363,0.4136050883
mixed,gemma-2-9b,20,aligned_output_misaligned_latent,284,0.2282958199356913,0.5774954,0.008134539999999968,0.5757900490492958,0.03051952263355634,0.5638519399999999,0.5452705264157395,-0.5638519399999999
mixed,gemma-2-9b,20,misaligned_output_aligned_latent,484,0.3890675241157556,0.441673,0.9920433200000001,0.4426852670454545,0.9801278569421488,0.54351213,0.5374425898966942,0.54351213
mixed,gemma-2-9b,20,both_misaligned,126,0.10128617363344052,0.44939262,0.013355404000000001,0.4462789580952381,0.03312783043746032,0.42591728365000003,0.4131511276577778,-0.42591728365000003
mixed,gemma-2-9b,21,both_aligned,350,0.28135048231511256,0.5774954,0.99977656174,0.5772227508857143,0.9791837943303879,0.41183353949999996,0.40196104344467376,0.41183353949999996
mixed,gemma-2-9b,21,aligned_output_misaligned_latent,284,0.2282958199356913,0.5774954,0.009564899999999987,0.5757900490492958,0.033705222436267605,0.5619381800000001,0.5420848266130283,-0.5619381800000001
mixed,gemma-2-9b,21,misaligned_output_aligned_latent,484,0.3890675241157556,0.441673,0.991568935,0.4426852670454545,0.9789112525929752,0.54302539,0.5362259855475207,0.54302539
mixed,gemma-2-9b,21,both_misaligned,126,0.10128617363344052,0.44939262,0.016537451,0.4462789580952381,0.03668757815897619,0.42469955945000004,0.40959137993626193,-0.42469955945000004
mixed,gemma-2-9b,22,both_aligned,353,0.2837620578778135,0.5774954,0.9996168083,0.5769956332294618,0.9733206579922902,0.41116953599999995,0.3968024215333666,0.41116953599999995
mixed,gemma-2-9b,22,aligned_output_misaligned_latent,281,0.22588424437299034,0.5774954,0.011950499999999975,0.5760600648042705,0.03140206784911032,0.56108248,0.5446579969551602,-0.56108248
mixed,gemma-2-9b,22,misaligned_output_aligned_latent,484,0.3890675241157556,0.441673,0.990887685,0.4426852670454545,0.9776701950268596,0.54262754,0.534984927981405,0.54262754
mixed,gemma-2-9b,22,both_misaligned,126,0.10128617363344052,0.44939262,0.020425595,0.4462789580952381,0.041694090921293656,0.421447678,0.40458486717394443,-0.421447678
mixed,gemma-2-9b,23,both_aligned,352,0.2829581993569132,0.5774954,0.999688863755,0.5768066836931818,0.9710448699841122,0.4110787827,0.39470536731365774,0.4110787827
mixed,gemma-2-9b,23,aligned_output_misaligned_latent,282,0.2266881028938907,0.5774954,0.012686699999999995,0.5762992343262411,0.03295404119822695,0.55952092,0.5433451931280141,-0.55952092
mixed,gemma-2-9b,23,misaligned_output_aligned_latent,483,0.3882636655948553,0.441673,0.9891631,0.4426392705590062,0.9750569353416149,0.5386273800000001,0.5324176647826088,0.5386273800000001
mixed,gemma-2-9b,23,both_misaligned,127,0.10209003215434084,0.44939262,0.024539232,0.44642559283464567,0.05295829359811024,0.415816456,0.3934672992365354,-0.415816456
mixed,gemma-2-9b,24,both_aligned,630,0.5064308681672026,0.5774954,0.99022156,0.5769495012063491,0.9791092994077778,0.40858699445,0.40227711369349206,0.40858699445
mixed,gemma-2-9b,24,aligned_output_misaligned_latent,4,0.003215434083601286,0.521470815,0.31588656000000004,0.518537745,0.311315455,0.21142827999999997,0.20722229,-0.21142827999999997
mixed,gemma-2-9b,24,misaligned_output_aligned_latent,550,0.44212218649517687,0.44552955,0.993882415,0.44398917689090905,0.9632561405399999,0.5360956100000001,0.5192669636490909,0.5360956100000001
mixed,gemma-2-9b,24,both_misaligned,60,0.04823151125401929,0.43782347,0.06609314499999999,0.43827951133333337,0.127680602625,0.3610639575,0.31718675470833335,-0.3610639575
mixed,gemma-2-9b,25,both_aligned,348,0.2797427652733119,0.5774954,0.999667823305,0.5773869633045977,0.9766465386004345,0.41109934630375006,0.3992595752958368,0.41109934630375006
mixed,gemma-2-9b,25,aligned_output_misaligned_latent,286,0.22990353697749197,0.5774954,0.015428749999999991,0.575600257027972,0.04007205898951049,0.557867605,0.5355281980384615,-0.557867605
mixed,gemma-2-9b,25,misaligned_output_aligned_latent,480,0.3858520900321543,0.441673,0.986442825,0.4426529260416666,0.9706731610416667,0.538354325,0.528020235,0.538354325
mixed,gemma-2-9b,25,both_misaligned,130,0.1045016077170418,0.44939262,0.0222602785,0.44628779592307694,0.049911428541615385,0.413958013,0.39637636738146154,-0.413958013
mixed,gemma-2-9b,26,both_aligned,347,0.27893890675241156,0.5774954,0.9994895458,0.5773752257925072,0.9726801177558762,0.41088023963,0.3953048919633689,0.41088023963
mixed,gemma-2-9b,26,aligned_output_misaligned_latent,287,0.23070739549839228,0.5774954,0.017780070000000037,0.5756206738327526,0.03973114533797909,0.5547881399999999,0.5358895284947736,-0.5547881399999999
mixed,gemma-2-9b,26,misaligned_output_aligned_latent,483,0.3882636655948553,0.441673,0.9849127,0.44265518726708075,0.9698053161904763,0.53747625,0.5271501289233954,0.53747625
mixed,gemma-2-9b,26,both_misaligned,127,0.10209003215434084,0.44939262,0.030585885,0.4463650592125984,0.057625157522125985,0.404975828,0.3887399016904724,-0.404975828
mixed,gemma-2-9b,27,both_aligned,629,0.5056270096463023,0.5774954,0.990245581,0.5768620348330684,0.976680265335008,0.408110913,0.3998182305019396,0.408110913
mixed,gemma-2-9b,27,aligned_output_misaligned_latent,5,0.0040192926045016075,0.53120935,0.34470343999999997,0.541223366,0.31002231599999996,0.23229825999999998,0.23120105000000005,-0.23229825999999998
mixed,gemma-2-9b,27,misaligned_output_aligned_latent,552,0.4437299035369775,0.44552955,0.99414462,0.44413558762681155,0.9612780497028985,0.537505825,0.5171424620760869,0.537505825
mixed,gemma-2-9b,27,both_misaligned,58,0.04662379421221865,0.43782347,0.0904198575,0.4366892,0.10871835117931035,0.33757215500000004,0.32797084882068966,-0.33757215500000004
mixed,gemma-2-9b,28,both_aligned,630,0.5064308681672026,0.5774954,0.989438237,0.5767710177936508,0.9765639039346031,0.406338809,0.3997928861409524,0.406338809
mixed,gemma-2-9b,28,aligned_output_misaligned_latent,4,0.003215434083601286,0.5428398999999999,0.32158956,0.5466488825,0.33386804000000003,0.20572528,0.21278084249999998,-0.20572528
mixed,gemma-2-9b,28,misaligned_output_aligned_latent,543,0.4364951768488746,0.44552955,0.9929806,0.4442815872007366,0.9612236361804787,0.5362597,0.5169420489797422,0.5362597
mixed,gemma-2-9b,28,both_misaligned,67,0.053858520900321546,0.43782347,0.086206935,0.43650621074626866,0.12513507171791044,0.343940385,0.31351685723731343,-0.343940385
mixed,gemma-2-9b,29,both_aligned,622,0.5,0.5774954,0.9894141590000001,0.5767071072990354,0.9735155400327491,0.40613501295000004,0.3968084327337138,0.40613501295000004
mixed,gemma-2-9b,29,aligned_output_misaligned_latent,12,0.00964630225080386,0.5774954,0.37837705,0.570043,0.37538873833333336,0.1816722,0.19465426166666666,-0.1816722
mixed,gemma-2-9b,29,misaligned_output_aligned_latent,549,0.4413183279742765,0.44552955,0.9916117,0.4443941043169399,0.9566548114754099,0.53426268,0.5122607071584699,0.53426268
mixed,gemma-2-9b,29,both_misaligned,61,0.04903536977491962,0.43398148,0.09829192,0.4347287655737705,0.11792201167868853,0.33394856,0.3183955965180328,-0.33394856
mixed,gemma-2-9b,30,both_aligned,621,0.4991961414790997,0.5774954,0.989741613,0.5766386932367149,0.9736564980257005,0.4071583943,0.39707092459574883,0.4071583943
mixed,gemma-2-9b,30,aligned_output_misaligned_latent,13,0.01045016077170418,0.5774954,0.32851017000000005,0.5738237107692308,0.3176544492307692,0.24016591999999992,0.25616926153846153,-0.24016591999999992
mixed,gemma-2-9b,30,misaligned_output_aligned_latent,540,0.4340836012861736,0.44552955,0.992975875,0.4444653830185185,0.9610484454111111,0.5362996499999999,0.5165830623925926,0.5362996499999999
mixed,gemma-2-9b,30,both_misaligned,70,0.05627009646302251,0.43398148,0.07861478499999999,0.4354215877142857,0.11191112114,0.351736585,0.3235104665742857,-0.351736585
mixed,gemma-2-9b,31,both_aligned,603,0.4847266881028939,0.5774954,0.991163135,0.5764897274295191,0.9714677671903981,0.40770165840000006,0.39555524304446105,0.40770165840000006
mixed,gemma-2-9b,31,aligned_output_misaligned_latent,31,0.02491961414790997,0.5813031200000001,0.2822422,0.5783558419354838,0.25314025193548384,0.3013655500000001,0.32521559000000005,-0.3013655500000001
mixed,gemma-2-9b,31,misaligned_output_aligned_latent,532,0.42765273311897106,0.44552955,0.99311383,0.4446799440037594,0.9625111557067669,0.535946715,0.5178312117030075,0.535946715
mixed,gemma-2-9b,31,both_misaligned,78,0.06270096463022508,0.435902475,0.060752809000000005,0.4348857405128205,0.09761730640512821,0.36899267,0.33741189051794873,-0.36899267
mixed,gemma-2-9b,32,both_aligned,608,0.4887459807073955,0.5774954,0.988720417,0.5765162024342105,0.9705272665956085,0.40622144915,0.3946777363653454,0.40622144915
mixed,gemma-2-9b,32,aligned_output_misaligned_latent,26,0.02090032154340836,0.5813031200000001,0.23550635000000003,0.5780956023076923,0.23960175884615387,0.359742865,0.3384938434615385,-0.359742865
mixed,gemma-2-9b,32,misaligned_output_aligned_latent,521,0.4188102893890675,0.44552955,0.9939589,0.44491116491362764,0.9600297797600768,0.53640306,0.5151186148464492,0.53640306
mixed,gemma-2-9b,32,both_misaligned,89,0.07154340836012862,0.43398148,0.053285897,0.4347427084269663,0.08758881870898877,0.37370436,0.34715388971797756,-0.37370436
mixed,gemma-2-9b,33,both_aligned,594,0.477491961414791,0.5774954,0.990619706,0.5763667593771044,0.969717408118165,0.40752153385,0.39353293227641417,0.40752153385
mixed,gemma-2-9b,33,aligned_output_misaligned_latent,40,0.03215434083601286,0.5813031200000001,0.21295648,0.57976204175,0.20985932775,0.3687013900000001,0.369902714,-0.3687013900000001
mixed,gemma-2-9b,33,misaligned_output_aligned_latent,520,0.4180064308681672,0.44552955,0.99520575,0.4448654336923077,0.9606716840615385,0.5368970500000001,0.5158062503692308,0.5368970500000001
mixed,gemma-2-9b,33,both_misaligned,90,0.07234726688102894,0.43398148,0.0689934905,0.4351199161111111,0.09828118102555555,0.36599816,0.33844819530777775,-0.36599816
mixed,gemma-2-9b,34,both_aligned,591,0.47508038585209006,0.5774954,0.991127743,0.5764123542470388,0.9711573763839085,0.407806154,0.39474502213686974,0.407806154
mixed,gemma-2-9b,34,aligned_output_misaligned_latent,43,0.03456591639871383,0.5813031200000001,0.21011495999999996,0.5788984972093023,0.20464219511627907,0.3711881600000001,0.37425630209302324,-0.3711881600000001
mixed,gemma-2-9b,34,misaligned_output_aligned_latent,524,0.4212218649517685,0.44552955,0.994472215,0.44491556826335876,0.9592439061984733,0.53693383,0.5143283379351145,0.53693383
mixed,gemma-2-9b,34,both_misaligned,86,0.06913183279742766,0.43398148,0.052858669999999996,0.43436116511627904,0.08299538621011628,0.381434859,0.35176425262709304,-0.381434859
mixed,gemma-2-9b,35,both_aligned,590,0.4742765273311897,0.5774954,0.991446197,0.5762892013050848,0.9710801404572712,0.40843278299999997,0.39479093915218644,0.40843278299999997
mixed,gemma-2-9b,35,aligned_output_misaligned_latent,44,0.03536977491961415,0.5813031200000001,0.22877267500000004,0.5804933629545455,0.2108962956818182,0.349419045,0.36959706727272734,-0.349419045
mixed,gemma-2-9b,35,misaligned_output_aligned_latent,529,0.4252411575562701,0.44552955,0.9939131,0.444725499584121,0.9570269481001891,0.53611791,0.5123014485160681,0.53611791
mixed,gemma-2-9b,35,both_misaligned,81,0.06511254019292605,0.43398148,0.06389898,0.4349509714814815,0.0818212608382716,0.37979576,0.3531297106432099,-0.37979576
mixed,gemma-2-9b,36,both_aligned,571,0.4590032154340836,0.5774954,0.9918710589999999,0.5762314423117338,0.9716448459670579,0.40854793749999996,0.39566592740313483,0.40854793749999996
mixed,gemma-2-9b,36,aligned_output_misaligned_latent,63,0.05064308681672026,0.5813031200000001,0.16442009999999996,0.5797489393650794,0.16580831380952382,0.4168830200000001,0.41394062555555555,-0.4168830200000001
mixed,gemma-2-9b,36,misaligned_output_aligned_latent,522,0.41961414790996787,0.44552955,0.99415255,0.4449340717624521,0.957720183940613,0.5380331199999999,0.512786112178161,0.5380331199999999
mixed,gemma-2-9b,36,both_misaligned,88,0.0707395498392283,0.43398148,0.0373545885,0.4344912785227273,0.07524837896147728,0.38639335,0.35924289956125,-0.38639335
mixed,gemma-2-9b,37,both_aligned,573,0.46061093247588425,0.5774954,0.99131769,0.576254809790576,0.9686426057429826,0.40658040966,0.39238779595240664,0.40658040966
mixed,gemma-2-9b,37,aligned_output_misaligned_latent,61,0.04903536977491962,0.5813031200000001,0.16495729999999997,0.5796447660655738,0.16803548311475408,0.4201439,0.41160928295081967,-0.4201439
mixed,gemma-2-9b,37,misaligned_output_aligned_latent,533,0.4284565916398714,0.44552955,0.9939941,0.4447611425891182,0.9595434005853659,0.53768195,0.5147822579962477,0.53768195
mixed,gemma-2-9b,37,both_misaligned,77,0.06189710610932476,0.43398148,0.056491364,0.4341964801298701,0.08269191271129869,0.367669744,0.35150456741857145,-0.367669744
mixed,gemma-2-9b,38,both_aligned,581,0.4670418006430868,0.5774954,0.9896989,0.5761119176592083,0.9687796499435456,0.407795012,0.39303345438416526,0.407795012
mixed,gemma-2-9b,38,aligned_output_misaligned_latent,53,0.04260450160771704,0.5813031200000001,0.17536379999999996,0.5817228788679246,0.17742812811320757,0.40260365,0.404294750754717,-0.40260365
mixed,gemma-2-9b,38,misaligned_output_aligned_latent,517,0.41559485530546625,0.44552955,0.9961542,0.44484571241779497,0.9636098434158608,0.5385892999999999,0.5187641309980657,0.5385892999999999
mixed,gemma-2-9b,38,both_misaligned,93,0.0747588424437299,0.43398148,0.04552702,0.43554392096774197,0.08294948487129032,0.37716831700000003,0.35259443609645164,-0.37716831700000003
mixed,gemma-2-9b,39,both_aligned,568,0.4565916398713826,0.5774954,0.9931184579000001,0.5761858258978872,0.9716224009794648,0.40974612425,0.3954365750815775,0.40974612425
mixed,gemma-2-9b,39,aligned_output_misaligned_latent,66,0.05305466237942122,0.5813031200000001,0.12136369999999996,0.5799816307575758,0.1512163837878788,0.459894725,0.428765246969697,-0.459894725
mixed,gemma-2-9b,39,misaligned_output_aligned_latent,524,0.4212218649517685,0.44552955,0.9948339,0.44487135089694657,0.961113947889313,0.5384239,0.5162425969923664,0.5384239
mixed,gemma-2-9b,39,both_misaligned,86,0.06913183279742766,0.43398148,0.0403626015,0.4346305825581396,0.07141405076232558,0.383763835,0.3642792597027907,-0.383763835
mixed,gemma-2-9b,40,both_aligned,571,0.4590032154340836,0.5774954,0.990218036,0.5762119696322241,0.9668485233744307,0.4070842618,0.39113541136042035,0.4070842618
mixed,gemma-2-9b,40,aligned_output_misaligned_latent,63,0.05064308681672026,0.5813031200000001,0.14024115000000004,0.5799254298412698,0.15593659634920637,0.4436774,0.4239888334920635,-0.4436774
mixed,gemma-2-9b,40,misaligned_output_aligned_latent,522,0.41961414790996787,0.44552955,0.993991,0.44488330388888886,0.9622304151340997,0.53706585,0.5173471112452107,0.53706585
mixed,gemma-2-9b,40,both_misaligned,88,0.0707395498392283,0.43398148,0.056223173,0.4347924243181818,0.08972222743397727,0.373199265,0.3464026437023864,-0.373199265
mixed,gemma-2-9b,41,both_aligned,574,0.46141479099678456,0.5774954,0.990917057,0.5761585996341463,0.9700808525341811,0.4085563042,0.3941204806003833,0.4085563042
mixed,gemma-2-9b,41,aligned_output_misaligned_latent,60,0.04823151125401929,0.5813031200000001,0.16328674499999996,0.5806216758333334,0.16766959783333332,0.42302172499999996,0.412952078,-0.42302172499999996
mixed,gemma-2-9b,41,misaligned_output_aligned_latent,522,0.41961414790996787,0.44552955,0.9943033299999999,0.4448985879885058,0.9613573484712644,0.537823,0.5164587604827586,0.537823
mixed,gemma-2-9b,41,both_misaligned,88,0.0707395498392283,0.43398148,0.0516593755,0.4347017618181818,0.07856359104954545,0.38618165625,0.3561381707686364,-0.38618165625
mixed,gemma-2-9b,42,both_aligned,577,0.4638263665594855,0.5774954,0.9940137193,0.5760437419237435,0.9771418027461422,0.4117482506,0.401329029557234,0.4117482506
mixed,gemma-2-9b,42,aligned_output_misaligned_latent,57,0.04581993569131833,0.5813031200000001,0.12974346000000003,0.5820192570175439,0.13502220596491227,0.4439349399999999,0.4469970510526316,-0.4439349399999999
mixed,gemma-2-9b,42,misaligned_output_aligned_latent,518,0.41639871382636656,0.44552955,0.9975778,0.4448026922972973,0.9673660062895754,0.541856365,0.5225633139922781,0.541856365
mixed,gemma-2-9b,42,both_misaligned,92,0.07395498392282958,0.43398148,0.0300162185,0.4356850365217391,0.06117466889717391,0.39034209332500003,0.37451036762456524,-0.39034209332500003
