dataset,model,layer,ccs_loss,orientation_flipped,train_accuracy_raw,train_accuracy_flipped,train_orientation_accuracy,accuracy,silhouette,latent_vs_true,behavioral_vs_true,latent_vs_behavioral,polar_consistency_↓,abs_agreement_score,contradiction_idx_↓,pa_pair_count,esa,pc,ci,esa_regime,preprocessing
mixed,gemma-2-2b,0,0.199999988079071,False,0.5095477386934674,0.5095477386934674,0.5095477386934674,0.5381526104417671,0.0,0.4618473895582329,0.5341365461847389,0.0200803212851405,0.0,0.0,0.3200364112854004,115,0.5381526104417671,0.0,0.3200364112854004,0.5 <= ESA < 0.75,CCS-consistent: L2 + saved train Yes/No offsets
mixed,gemma-2-2b,1,0.0708369240164756,False,0.6060301507537689,0.3939698492462311,0.6060301507537689,0.5943775100401606,0.3270559012889862,0.5943775100401606,0.5341365461847389,0.6265060240963856,0.18324004113674164,0.12311305105686188,0.5020700693130493,115,0.5943775100401606,0.18324004113674164,0.5020700693130493,0.5 <= ESA < 0.75,CCS-consistent: L2 + saved train Yes/No offsets
mixed,gemma-2-2b,2,0.0368476659059524,True,0.3527638190954774,0.6472361809045226,0.6472361809045226,0.5983935742971888,0.1814174950122833,0.5983935742971888,0.5341365461847389,0.5742971887550201,0.2672930061817169,0.29060906171798706,0.555824339389801,115,0.5983935742971888,0.2672930061817169,0.555824339389801,0.5 <= ESA < 0.75,CCS-consistent: L2 + saved train Yes/No offsets
mixed,gemma-2-2b,3,0.0207531210035085,True,0.3688442211055276,0.6311557788944724,0.6311557788944724,0.6305220883534137,0.219529926776886,0.6305220883534136,0.5341365461847389,0.5903614457831325,0.3826192021369934,0.4278610348701477,0.5896428227424622,115,0.6305220883534137,0.3826192021369934,0.5896428227424622,0.5 <= ESA < 0.75,CCS-consistent: L2 + saved train Yes/No offsets
mixed,gemma-2-2b,4,0.0217626858502626,False,0.6592964824120603,0.3407035175879397,0.6592964824120603,0.6546184738955824,0.2665716707706451,0.6546184738955824,0.5341365461847389,0.5903614457831325,0.3341383635997772,0.3640786409378052,0.545854926109314,115,0.6546184738955824,0.3341383635997772,0.545854926109314,0.5 <= ESA < 0.75,CCS-consistent: L2 + saved train Yes/No offsets
mixed,gemma-2-2b,5,0.0199216194450855,False,0.6462311557788945,0.3537688442211055,0.6462311557788945,0.642570281124498,0.2614221572875976,0.642570281124498,0.5341365461847389,0.5863453815261044,0.29930806159973145,0.4469044804573059,0.5440995693206787,115,0.642570281124498,0.29930806159973145,0.5440995693206787,0.5 <= ESA < 0.75,CCS-consistent: L2 + saved train Yes/No offsets
mixed,gemma-2-2b,6,0.0046622743830084,False,0.6633165829145728,0.3366834170854271,0.6633165829145728,0.6666666666666666,0.3275297284126282,0.6666666666666666,0.5341365461847389,0.642570281124498,0.12479357421398163,0.003938151523470879,0.36264917254447937,115,0.6666666666666666,0.12479357421398163,0.36264917254447937,0.5 <= ESA < 0.75,CCS-consistent: L2 + saved train Yes/No offsets
mixed,gemma-2-2b,7,0.0053719393908977,False,0.6663316582914572,0.3336683417085427,0.6663316582914572,0.6706827309236948,0.36419478058815,0.6706827309236948,0.5341365461847389,0.6465863453815262,0.18500609695911407,0.005583647172898054,0.35089805722236633,115,0.6706827309236948,0.18500609695911407,0.35089805722236633,0.5 <= ESA < 0.75,CCS-consistent: L2 + saved train Yes/No offsets
mixed,gemma-2-2b,8,0.004185102880001,True,0.3396984924623115,0.6603015075376885,0.6603015075376885,0.6586345381526104,0.4569839239120483,0.6586345381526104,0.5341365461847389,0.6506024096385542,0.19996963441371918,0.0030238439794629812,0.3624045252799988,115,0.6586345381526104,0.19996963441371918,0.3624045252799988,0.5 <= ESA < 0.75,CCS-consistent: L2 + saved train Yes/No offsets
mixed,gemma-2-2b,9,0.0034529785625636,True,0.3366834170854271,0.6633165829145728,0.6633165829145728,0.6706827309236948,0.4277088344097137,0.6706827309236948,0.5341365461847389,0.6385542168674698,0.20362859964370728,0.004290616139769554,0.3660964071750641,115,0.6706827309236948,0.20362859964370728,0.3660964071750641,0.5 <= ESA < 0.75,CCS-consistent: L2 + saved train Yes/No offsets
mixed,gemma-2-2b,10,0.0033103981986641,True,0.3306532663316583,0.6693467336683417,0.6693467336683417,0.6746987951807228,0.3866038620471954,0.6746987951807228,0.5341365461847389,0.6265060240963856,0.1079862043261528,0.0019075589952990413,0.34391921758651733,115,0.6746987951807228,0.1079862043261528,0.34391921758651733,0.5 <= ESA < 0.75,CCS-consistent: L2 + saved train Yes/No offsets
mixed,gemma-2-2b,11,0.0034186700358986,False,0.6663316582914572,0.3336683417085427,0.6663316582914572,0.6706827309236948,0.3875638544559479,0.6706827309236948,0.5341365461847389,0.6305220883534136,0.18949376046657562,0.005799840670078993,0.33443784713745117,115,0.6706827309236948,0.18949376046657562,0.33443784713745117,0.5 <= ESA < 0.75,CCS-consistent: L2 + saved train Yes/No offsets
mixed,gemma-2-2b,12,0.003257742151618,False,0.6653266331658292,0.3346733668341708,0.6653266331658292,0.6746987951807228,0.3481091260910034,0.6746987951807228,0.5341365461847389,0.6345381526104418,0.07379438728094101,0.00833604671061039,0.3532201051712036,115,0.6746987951807228,0.07379438728094101,0.3532201051712036,0.5 <= ESA < 0.75,CCS-consistent: L2 + saved train Yes/No offsets
mixed,gemma-2-2b,13,0.0033919671550393,True,0.3346733668341708,0.6653266331658292,0.6653266331658292,0.6746987951807228,0.3129619061946869,0.6746987951807228,0.5341365461847389,0.6265060240963856,0.017704574391245842,0.009704695083200932,0.3568018078804016,115,0.6746987951807228,0.017704574391245842,0.3568018078804016,0.5 <= ESA < 0.75,CCS-consistent: L2 + saved train Yes/No offsets
mixed,gemma-2-2b,14,0.0036987492348998,False,0.6673366834170854,0.3326633165829146,0.6673366834170854,0.6827309236947792,0.3091073334217071,0.6827309236947792,0.5341365461847389,0.6184738955823293,0.05951015278697014,0.0085971774533391,0.330858439207077,115,0.6827309236947792,0.05951015278697014,0.330858439207077,0.5 <= ESA < 0.75,CCS-consistent: L2 + saved train Yes/No offsets
mixed,gemma-2-2b,15,0.0040462431497871,True,0.3246231155778894,0.6753768844221105,0.6753768844221105,0.6706827309236948,0.2891979217529297,0.6706827309236948,0.5341365461847389,0.6224899598393574,0.08980792760848999,0.008083776570856571,0.34500133991241455,115,0.6706827309236948,0.08980792760848999,0.34500133991241455,0.5 <= ESA < 0.75,CCS-consistent: L2 + saved train Yes/No offsets
mixed,gemma-2-2b,16,0.0046062055043876,True,0.3246231155778894,0.6753768844221105,0.6753768844221105,0.6746987951807228,0.2511488497257232,0.6746987951807228,0.5341365461847389,0.6184738955823293,0.12714990973472595,0.010147875174880028,0.3480827212333679,115,0.6746987951807228,0.12714990973472595,0.3480827212333679,0.5 <= ESA < 0.75,CCS-consistent: L2 + saved train Yes/No offsets
mixed,gemma-2-2b,17,0.0050015631131827,False,0.8894472361809045,0.1105527638190954,0.8894472361809045,0.8835341365461847,0.1985592991113662,0.8835341365461847,0.5341365461847389,0.5060240963855421,0.08842756599187851,0.004332113545387983,0.2381032407283783,115,0.8835341365461847,0.08842756599187851,0.2381032407283783,strong ESA (>= 0.75),CCS-consistent: L2 + saved train Yes/No offsets
mixed,gemma-2-2b,18,0.0050208279862999,True,0.1155778894472361,0.8844221105527639,0.8844221105527639,0.8714859437751004,0.1902018189430236,0.8714859437751004,0.5341365461847389,0.5020080321285141,0.12792448699474335,0.0039011763874441385,0.25898751616477966,115,0.8714859437751004,0.12792448699474335,0.25898751616477966,strong ESA (>= 0.75),CCS-consistent: L2 + saved train Yes/No offsets
mixed,gemma-2-2b,19,0.0055561447516083,False,0.8824120603015075,0.1175879396984924,0.8824120603015075,0.8714859437751004,0.1880090236663818,0.8714859437751004,0.5341365461847389,0.5020080321285141,0.14151068031787872,0.004908459261059761,0.2567255198955536,115,0.8714859437751004,0.14151068031787872,0.2567255198955536,strong ESA (>= 0.75),CCS-consistent: L2 + saved train Yes/No offsets
mixed,gemma-2-2b,20,0.0058236559852957,True,0.1175879396984924,0.8824120603015075,0.8824120603015075,0.8755020080321285,0.2022489160299301,0.8755020080321285,0.5341365461847389,0.5060240963855421,0.1375311315059662,0.0037130131386220455,0.26332759857177734,115,0.8755020080321285,0.1375311315059662,0.26332759857177734,strong ESA (>= 0.75),CCS-consistent: L2 + saved train Yes/No offsets
mixed,gemma-2-2b,21,0.0059313676320016,False,0.8844221105527639,0.1155778894472361,0.8844221105527639,0.8875502008032129,0.1818132251501083,0.8875502008032129,0.5341365461847389,0.4939759036144578,0.13345755636692047,0.009752120822668076,0.24959538877010345,115,0.8875502008032129,0.13345755636692047,0.24959538877010345,strong ESA (>= 0.75),CCS-consistent: L2 + saved train Yes/No offsets
mixed,gemma-2-2b,22,0.0068602147512137,True,0.1155778894472361,0.8844221105527639,0.8844221105527639,0.8755020080321285,0.1908650547266006,0.8755020080321285,0.5341365461847389,0.4899598393574297,0.11598765105009079,0.007261006161570549,0.269858181476593,115,0.8755020080321285,0.11598765105009079,0.269858181476593,strong ESA (>= 0.75),CCS-consistent: L2 + saved train Yes/No offsets
mixed,gemma-2-2b,23,0.0066417641937732,False,0.8773869346733668,0.1226130653266331,0.8773869346733668,0.8594377510040161,0.186097577214241,0.8594377510040161,0.5341365461847389,0.5060240963855421,0.12096046656370163,0.006949722766876221,0.2699107825756073,115,0.8594377510040161,0.12096046656370163,0.2699107825756073,strong ESA (>= 0.75),CCS-consistent: L2 + saved train Yes/No offsets
mixed,gemma-2-2b,24,0.0062049683183431,True,0.1185929648241206,0.8814070351758794,0.8814070351758794,0.8714859437751004,0.1842866539955139,0.8714859437751004,0.5341365461847389,0.5020080321285141,0.11983466148376465,0.007802212610840797,0.27026861906051636,115,0.8714859437751004,0.11983466148376465,0.27026861906051636,strong ESA (>= 0.75),CCS-consistent: L2 + saved train Yes/No offsets
mixed,gemma-2-2b,25,0.0059370277449488,False,0.8763819095477386,0.1236180904522613,0.8763819095477386,0.8433734939759037,0.1843378394842147,0.8433734939759037,0.5341365461847389,0.4819277108433735,0.15009677410125732,0.015771184116601944,0.3131164610385895,115,0.8433734939759037,0.15009677410125732,0.3131164610385895,strong ESA (>= 0.75),CCS-consistent: L2 + saved train Yes/No offsets
mixed,gemma-2-2b,26,0.0074489079415798,True,0.121608040201005,0.878391959798995,0.878391959798995,0.8634538152610441,0.1930890381336212,0.8634538152610441,0.5341365461847389,0.5020080321285141,0.15002673864364624,0.015693066641688347,0.29275304079055786,115,0.8634538152610441,0.15002673864364624,0.29275304079055786,strong ESA (>= 0.75),CCS-consistent: L2 + saved train Yes/No offsets
mixed,gemma-2-2b-it,0,0.199999988079071,False,0.5095477386934674,0.5095477386934674,0.5095477386934674,0.5381526104417671,0.0,0.4618473895582329,0.5381526104417671,0.0,0.0,0.0,0.3200364112854004,115,0.5381526104417671,0.0,0.3200364112854004,0.5 <= ESA < 0.75,CCS-consistent: L2 + saved train Yes/No offsets
mixed,gemma-2-2b-it,1,0.0889671072363853,False,0.5698492462311557,0.4301507537688442,0.5698492462311557,0.5461847389558233,0.2257183790206909,0.5461847389558233,0.5381526104417671,0.5502008032128514,0.09853773564100266,0.06135048717260361,0.4336819052696228,115,0.5461847389558233,0.09853773564100266,0.4336819052696228,0.5 <= ESA < 0.75,CCS-consistent: L2 + saved train Yes/No offsets
mixed,gemma-2-2b-it,2,0.041492860764265,False,0.6231155778894473,0.3768844221105528,0.6231155778894473,0.6144578313253012,0.2180415838956833,0.6144578313253012,0.5381526104417671,0.5301204819277109,0.3283032178878784,0.30523425340652466,0.5416384339332581,115,0.6144578313253012,0.3283032178878784,0.5416384339332581,0.5 <= ESA < 0.75,CCS-consistent: L2 + saved train Yes/No offsets
mixed,gemma-2-2b-it,3,0.0232222359627485,False,0.6482412060301508,0.3517587939698492,0.6482412060301508,0.6224899598393574,0.2395671904087066,0.6224899598393574,0.5381526104417671,0.5943775100401606,0.321697860956192,0.43362170457839966,0.559744656085968,115,0.6224899598393574,0.321697860956192,0.559744656085968,0.5 <= ESA < 0.75,CCS-consistent: L2 + saved train Yes/No offsets
mixed,gemma-2-2b-it,4,0.0185472499579191,True,0.3597989949748744,0.6402010050251257,0.6402010050251257,0.6184738955823292,0.2609868049621582,0.6184738955823293,0.5381526104417671,0.5983935742971888,0.36035439372062683,0.4442402124404907,0.600545346736908,115,0.6184738955823292,0.36035439372062683,0.600545346736908,0.5 <= ESA < 0.75,CCS-consistent: L2 + saved train Yes/No offsets
mixed,gemma-2-2b-it,5,0.0207390338182449,False,0.6402010050251257,0.3597989949748744,0.6402010050251257,0.642570281124498,0.2871701717376709,0.642570281124498,0.5381526104417671,0.5903614457831325,0.3520345687866211,0.4464699625968933,0.545902669429779,115,0.642570281124498,0.3520345687866211,0.545902669429779,0.5 <= ESA < 0.75,CCS-consistent: L2 + saved train Yes/No offsets
mixed,gemma-2-2b-it,6,0.0039053969085216,False,0.6663316582914572,0.3336683417085427,0.6663316582914572,0.678714859437751,0.3716969192028045,0.678714859437751,0.5381526104417671,0.6345381526104418,0.042529039084911346,0.003247790038585663,0.34783267974853516,115,0.678714859437751,0.042529039084911346,0.34783267974853516,0.5 <= ESA < 0.75,CCS-consistent: L2 + saved train Yes/No offsets
mixed,gemma-2-2b-it,7,0.0037162061780691,False,0.6663316582914572,0.3336683417085427,0.6663316582914572,0.6706827309236948,0.4052878618240356,0.6706827309236948,0.5381526104417671,0.642570281124498,0.14535672962665558,0.008085465058684349,0.34886035323143005,115,0.6706827309236948,0.14535672962665558,0.34886035323143005,0.5 <= ESA < 0.75,CCS-consistent: L2 + saved train Yes/No offsets
mixed,gemma-2-2b-it,8,0.0035038371570408,True,0.3376884422110552,0.6623115577889447,0.6623115577889447,0.6626506024096386,0.4655693471431732,0.6626506024096386,0.5381526104417671,0.6506024096385542,0.1046527624130249,0.0016877331072464585,0.3631129860877991,115,0.6626506024096386,0.1046527624130249,0.3631129860877991,0.5 <= ESA < 0.75,CCS-consistent: L2 + saved train Yes/No offsets
mixed,gemma-2-2b-it,9,0.0026453235186636,False,0.671356783919598,0.328643216080402,0.671356783919598,0.6706827309236948,0.4480805695056915,0.6706827309236948,0.5381526104417671,0.642570281124498,0.14496667683124542,0.0015740414382889867,0.3286839425563812,115,0.6706827309236948,0.14496667683124542,0.3286839425563812,0.5 <= ESA < 0.75,CCS-consistent: L2 + saved train Yes/No offsets
mixed,gemma-2-2b-it,10,0.0025982540100812,True,0.3296482412060301,0.6703517587939698,0.6703517587939698,0.678714859437751,0.4075914323329925,0.678714859437751,0.5381526104417671,0.6345381526104418,0.14655576646327972,0.0017777134198695421,0.3477885127067566,115,0.678714859437751,0.14655576646327972,0.3477885127067566,0.5 <= ESA < 0.75,CCS-consistent: L2 + saved train Yes/No offsets
mixed,gemma-2-2b-it,11,0.00278239720501,True,0.3326633165829146,0.6673366834170854,0.6673366834170854,0.6746987951807228,0.3993127346038818,0.6746987951807228,0.5381526104417671,0.6385542168674698,0.12630805373191833,0.0030984331388026476,0.3511785864830017,115,0.6746987951807228,0.12630805373191833,0.3511785864830017,0.5 <= ESA < 0.75,CCS-consistent: L2 + saved train Yes/No offsets
mixed,gemma-2-2b-it,12,0.0026062997058033,True,0.3266331658291457,0.6733668341708543,0.6733668341708543,0.6706827309236948,0.3585230112075805,0.6706827309236948,0.5381526104417671,0.642570281124498,0.04903550073504448,0.0027035835664719343,0.35255542397499084,115,0.6706827309236948,0.04903550073504448,0.35255542397499084,0.5 <= ESA < 0.75,CCS-consistent: L2 + saved train Yes/No offsets
mixed,gemma-2-2b-it,13,0.0024583339691162,True,0.0442211055276381,0.955778894472362,0.955778894472362,0.9477911646586346,0.2309352457523346,0.9477911646586346,0.5381526104417671,0.4939759036144578,0.04095834493637085,0.0002931095950771123,0.09012921154499054,115,0.9477911646586346,0.04095834493637085,0.09012921154499054,strong ESA (>= 0.75),CCS-consistent: L2 + saved train Yes/No offsets
mixed,gemma-2-2b-it,14,0.001515902695246,True,0.0271356783919597,0.9728643216080402,0.9728643216080402,0.9558232931726908,0.2595592439174652,0.9558232931726908,0.5381526104417671,0.5100401606425703,0.019237207248806953,0.00014339564950205386,0.07566656917333603,115,0.9558232931726908,0.019237207248806953,0.07566656917333603,strong ESA (>= 0.75),CCS-consistent: L2 + saved train Yes/No offsets
mixed,gemma-2-2b-it,15,0.0013612085022032,True,0.0251256281407035,0.9748743718592964,0.9748743718592964,0.963855421686747,0.2871193289756775,0.963855421686747,0.5381526104417671,0.5180722891566265,0.026844477280974388,0.00012763409176841378,0.06911928951740265,115,0.963855421686747,0.026844477280974388,0.06911928951740265,strong ESA (>= 0.75),CCS-consistent: L2 + saved train Yes/No offsets
mixed,gemma-2-2b-it,16,0.0016400800086557,True,0.0241206030150753,0.9758793969849248,0.9758793969849248,0.9678714859437751,0.2727534770965576,0.9678714859437751,0.5381526104417671,0.5140562248995983,0.007290957495570183,0.00016718386905267835,0.06886248290538788,115,0.9678714859437751,0.007290957495570183,0.06886248290538788,strong ESA (>= 0.75),CCS-consistent: L2 + saved train Yes/No offsets
mixed,gemma-2-2b-it,17,0.0016606885474175,False,0.9748743718592964,0.0251256281407035,0.9748743718592964,0.9678714859437751,0.2543692588806152,0.9678714859437751,0.5381526104417671,0.5140562248995983,0.006882456596940756,0.0002445336722303182,0.04633422940969467,115,0.9678714859437751,0.006882456596940756,0.04633422940969467,strong ESA (>= 0.75),CCS-consistent: L2 + saved train Yes/No offsets
mixed,gemma-2-2b-it,18,0.001912398263812,False,0.9748743718592964,0.0251256281407035,0.9748743718592964,0.9678714859437751,0.2318547219038009,0.9678714859437751,0.5381526104417671,0.5140562248995983,0.0070254928432404995,0.00024129610392265022,0.05030718445777893,115,0.9678714859437751,0.0070254928432404995,0.05030718445777893,strong ESA (>= 0.75),CCS-consistent: L2 + saved train Yes/No offsets
mixed,gemma-2-2b-it,19,0.0023303530178964,True,0.0271356783919597,0.9728643216080402,0.9728643216080402,0.963855421686747,0.2172069698572158,0.963855421686747,0.5381526104417671,0.5100401606425703,0.02416582964360714,0.0004274799721315503,0.08103393018245697,115,0.963855421686747,0.02416582964360714,0.08103393018245697,strong ESA (>= 0.75),CCS-consistent: L2 + saved train Yes/No offsets
mixed,gemma-2-2b-it,20,0.0022308509796857,False,0.9748743718592964,0.0251256281407035,0.9748743718592964,0.963855421686747,0.2143369615077972,0.963855421686747,0.5381526104417671,0.5100401606425703,0.02284858003258705,0.0004115439369343221,0.051845207810401917,115,0.963855421686747,0.02284858003258705,0.051845207810401917,strong ESA (>= 0.75),CCS-consistent: L2 + saved train Yes/No offsets
mixed,gemma-2-2b-it,21,0.0024869213812053,True,0.0271356783919597,0.9728643216080402,0.9728643216080402,0.9678714859437751,0.2022123485803604,0.9678714859437751,0.5381526104417671,0.5140562248995983,0.02356884628534317,0.000406626146286726,0.08151854574680328,115,0.9678714859437751,0.02356884628534317,0.08151854574680328,strong ESA (>= 0.75),CCS-consistent: L2 + saved train Yes/No offsets
mixed,gemma-2-2b-it,22,0.0023802309297025,True,0.0241206030150753,0.9758793969849248,0.9758793969849248,0.963855421686747,0.2060518562793731,0.963855421686747,0.5381526104417671,0.5180722891566265,0.02177547663450241,0.0004317522398196161,0.07339397072792053,115,0.963855421686747,0.02177547663450241,0.07339397072792053,strong ESA (>= 0.75),CCS-consistent: L2 + saved train Yes/No offsets
mixed,gemma-2-2b-it,23,0.0023690117523074,False,0.9738693467336684,0.0261306532663316,0.9738693467336684,0.9678714859437751,0.1883530467748642,0.9678714859437751,0.5381526104417671,0.5140562248995983,0.025722578167915344,0.0004238815454300493,0.05574033036828041,115,0.9678714859437751,0.025722578167915344,0.05574033036828041,strong ESA (>= 0.75),CCS-consistent: L2 + saved train Yes/No offsets
mixed,gemma-2-2b-it,24,0.002255864907056,False,0.9738693467336684,0.0261306532663316,0.9738693467336684,0.9598393574297188,0.1894904226064682,0.9598393574297188,0.5381526104417671,0.5140562248995983,0.026677431538701057,0.0006213604938238859,0.05710913985967636,115,0.9598393574297188,0.026677431538701057,0.05710913985967636,strong ESA (>= 0.75),CCS-consistent: L2 + saved train Yes/No offsets
mixed,gemma-2-2b-it,25,0.003111511003226,False,0.9728643216080402,0.0271356783919597,0.9728643216080402,0.9598393574297188,0.1881235241889953,0.9598393574297188,0.5381526104417671,0.5140562248995983,0.027719061821699142,0.0004957254859618843,0.06184541434049606,115,0.9598393574297188,0.027719061821699142,0.06184541434049606,strong ESA (>= 0.75),CCS-consistent: L2 + saved train Yes/No offsets
mixed,gemma-2-2b-it,26,0.0052914982661604,True,0.029145728643216,0.970854271356784,0.970854271356784,0.9598393574297188,0.171324998140335,0.9598393574297188,0.5381526104417671,0.5140562248995983,0.029480908066034317,0.0014344854280352592,0.1079343631863594,115,0.9598393574297188,0.029480908066034317,0.1079343631863594,strong ESA (>= 0.75),CCS-consistent: L2 + saved train Yes/No offsets
mixed,gemma-2-9b,0,0.1999999731779098,False,0.5095477386934674,0.5095477386934674,0.5095477386934674,0.5381526104417671,0.0,0.4618473895582329,0.4618473895582329,1.0,0.0,0.0,0.32003405690193176,115,0.5381526104417671,0.0,0.32003405690193176,0.5 <= ESA < 0.75,CCS-consistent: L2 + saved train Yes/No offsets
mixed,gemma-2-9b,1,0.0980866998434066,False,0.5608040201005026,0.4391959798994975,0.5608040201005026,0.5381526104417671,0.2076834887266159,0.5381526104417671,0.4618473895582329,0.4819277108433735,0.050447020679712296,0.05242331326007843,0.42391154170036316,115,0.5381526104417671,0.050447020679712296,0.42391154170036316,0.5 <= ESA < 0.75,CCS-consistent: L2 + saved train Yes/No offsets
mixed,gemma-2-9b,2,0.0327564105391502,False,0.6150753768844222,0.3849246231155779,0.6150753768844222,0.5983935742971888,0.2386320531368255,0.5983935742971888,0.4618473895582329,0.4859437751004016,0.28439459204673767,0.31122201681137085,0.5653846859931946,115,0.5983935742971888,0.28439459204673767,0.5653846859931946,0.5 <= ESA < 0.75,CCS-consistent: L2 + saved train Yes/No offsets
mixed,gemma-2-9b,3,0.0282360780984163,False,0.6241206030150753,0.3758793969849246,0.6241206030150753,0.6104417670682731,0.3887984454631805,0.6104417670682731,0.4618473895582329,0.4497991967871486,0.30733612179756165,0.394085168838501,0.5622685551643372,115,0.6104417670682731,0.30733612179756165,0.5622685551643372,0.5 <= ESA < 0.75,CCS-consistent: L2 + saved train Yes/No offsets
mixed,gemma-2-9b,4,0.0215694420039653,False,0.6522613065326633,0.3477386934673366,0.6522613065326633,0.6465863453815262,0.341605544090271,0.6465863453815262,0.4618473895582329,0.4457831325301205,0.33843058347702026,0.42218685150146484,0.5554499626159668,115,0.6465863453815262,0.33843058347702026,0.5554499626159668,0.5 <= ESA < 0.75,CCS-consistent: L2 + saved train Yes/No offsets
mixed,gemma-2-9b,5,0.0194798298180103,False,0.6572864321608041,0.342713567839196,0.6572864321608041,0.6345381526104418,0.2742433845996856,0.6345381526104418,0.4618473895582329,0.4417670682730923,0.3920092284679413,0.4937794804573059,0.5759809017181396,115,0.6345381526104418,0.3920092284679413,0.5759809017181396,0.5 <= ESA < 0.75,CCS-consistent: L2 + saved train Yes/No offsets
mixed,gemma-2-9b,6,0.0174559820443391,False,0.6522613065326633,0.3477386934673366,0.6522613065326633,0.6305220883534136,0.2700715661048889,0.6305220883534136,0.4618473895582329,0.429718875502008,0.38425523042678833,0.5308412909507751,0.5889125466346741,115,0.6305220883534136,0.38425523042678833,0.5889125466346741,0.5 <= ESA < 0.75,CCS-consistent: L2 + saved train Yes/No offsets
mixed,gemma-2-9b,7,0.0050168372690677,True,0.3376884422110552,0.6623115577889447,0.6623115577889447,0.678714859437751,0.1984948217868805,0.678714859437751,0.4618473895582329,0.3815261044176707,0.200609490275383,0.0059887683019042015,0.3254747688770294,115,0.678714859437751,0.200609490275383,0.3254747688770294,0.5 <= ESA < 0.75,CCS-consistent: L2 + saved train Yes/No offsets
mixed,gemma-2-9b,8,0.0026573855429887,False,0.6663316582914572,0.3336683417085427,0.6663316582914572,0.6827309236947792,0.5317534804344177,0.6827309236947792,0.4618473895582329,0.3694779116465863,0.1202729120850563,0.0022448536474257708,0.3304111063480377,115,0.6827309236947792,0.1202729120850563,0.3304111063480377,0.5 <= ESA < 0.75,CCS-consistent: L2 + saved train Yes/No offsets
mixed,gemma-2-9b,9,0.0026212951634079,False,0.6663316582914572,0.3336683417085427,0.6663316582914572,0.678714859437751,0.5109336972236633,0.678714859437751,0.4618473895582329,0.3734939759036144,0.15245725214481354,0.0031292967032641172,0.32266685366630554,115,0.678714859437751,0.15245725214481354,0.32266685366630554,0.5 <= ESA < 0.75,CCS-consistent: L2 + saved train Yes/No offsets
mixed,gemma-2-9b,10,0.002428401261568,False,0.6683417085427136,0.3316582914572864,0.6683417085427136,0.6827309236947792,0.5075798034667969,0.6827309236947792,0.4618473895582329,0.3694779116465863,0.19024497270584106,0.0013620007084682584,0.3221563398838043,115,0.6827309236947792,0.19024497270584106,0.3221563398838043,0.5 <= ESA < 0.75,CCS-consistent: L2 + saved train Yes/No offsets
mixed,gemma-2-9b,11,0.0021635955199599,True,0.3326633165829146,0.6673366834170854,0.6673366834170854,0.678714859437751,0.5029104351997375,0.678714859437751,0.4618473895582329,0.3734939759036144,0.18018653988838196,0.0009959889575839043,0.3576912581920624,115,0.678714859437751,0.18018653988838196,0.3576912581920624,0.5 <= ESA < 0.75,CCS-consistent: L2 + saved train Yes/No offsets
mixed,gemma-2-9b,12,0.0018779498059302,False,0.6663316582914572,0.3336683417085427,0.6663316582914572,0.6746987951807228,0.5316210985183716,0.6746987951807228,0.4618473895582329,0.3614457831325301,0.19791072607040405,0.0016953353770077229,0.33352816104888916,115,0.6746987951807228,0.19791072607040405,0.33352816104888916,0.5 <= ESA < 0.75,CCS-consistent: L2 + saved train Yes/No offsets
mixed,gemma-2-9b,13,0.001800266560167,False,0.6673366834170854,0.3326633165829146,0.6673366834170854,0.678714859437751,0.5023415684700012,0.678714859437751,0.4618473895582329,0.3654618473895582,0.19793061912059784,0.0011831293813884258,0.3399193286895752,115,0.678714859437751,0.19793061912059784,0.3399193286895752,0.5 <= ESA < 0.75,CCS-consistent: L2 + saved train Yes/No offsets
mixed,gemma-2-9b,14,0.0016772288363426,True,0.3326633165829146,0.6673366834170854,0.6673366834170854,0.6746987951807228,0.5066167116165161,0.6746987951807228,0.4618473895582329,0.3614457831325301,0.16349130868911743,0.0004221649141982198,0.3491871953010559,115,0.6746987951807228,0.16349130868911743,0.3491871953010559,0.5 <= ESA < 0.75,CCS-consistent: L2 + saved train Yes/No offsets
mixed,gemma-2-9b,15,0.0019365658517926,False,0.664321608040201,0.335678391959799,0.664321608040201,0.678714859437751,0.485658198595047,0.678714859437751,0.4618473895582329,0.3654618473895582,0.17396090924739838,0.0010052728466689587,0.34585055708885193,115,0.678714859437751,0.17396090924739838,0.34585055708885193,0.5 <= ESA < 0.75,CCS-consistent: L2 + saved train Yes/No offsets
mixed,gemma-2-9b,16,0.0020841530058532,True,0.328643216080402,0.671356783919598,0.671356783919598,0.678714859437751,0.5028781890869141,0.678714859437751,0.4618473895582329,0.3654618473895582,0.1654292345046997,0.0008984305313788354,0.35694387555122375,115,0.678714859437751,0.1654292345046997,0.35694387555122375,0.5 <= ESA < 0.75,CCS-consistent: L2 + saved train Yes/No offsets
mixed,gemma-2-9b,17,0.0021124775521457,False,0.6693467336683417,0.3306532663316583,0.6693467336683417,0.678714859437751,0.4793203473091125,0.678714859437751,0.4618473895582329,0.357429718875502,0.18885084986686707,0.0015654457965865731,0.3566000759601593,115,0.678714859437751,0.18885084986686707,0.3566000759601593,0.5 <= ESA < 0.75,CCS-consistent: L2 + saved train Yes/No offsets
mixed,gemma-2-9b,18,0.0017980311531573,True,0.3336683417085427,0.6663316582914572,0.6663316582914572,0.6706827309236948,0.4374766647815704,0.6706827309236948,0.4618473895582329,0.3493975903614458,0.18390494585037231,0.0021217670291662216,0.3635493218898773,115,0.6706827309236948,0.18390494585037231,0.3635493218898773,0.5 <= ESA < 0.75,CCS-consistent: L2 + saved train Yes/No offsets
mixed,gemma-2-9b,19,0.0016797523712739,False,0.6603015075376885,0.3396984924623115,0.6603015075376885,0.6506024096385542,0.4046217203140259,0.6506024096385542,0.4618473895582329,0.3293172690763052,0.18637055158615112,0.0025976095348596573,0.3936891555786133,115,0.6506024096385542,0.18637055158615112,0.3936891555786133,0.5 <= ESA < 0.75,CCS-consistent: L2 + saved train Yes/No offsets
mixed,gemma-2-9b,20,0.0019261615816503,True,0.3296482412060301,0.6703517587939698,0.6703517587939698,0.6706827309236948,0.3570541441440582,0.6706827309236948,0.4618473895582329,0.3493975903614458,0.10990147292613983,0.001238799886777997,0.3649136424064636,115,0.6706827309236948,0.10990147292613983,0.3649136424064636,0.5 <= ESA < 0.75,CCS-consistent: L2 + saved train Yes/No offsets
mixed,gemma-2-9b,21,0.001933800522238,False,0.671356783919598,0.328643216080402,0.671356783919598,0.6666666666666666,0.3253403902053833,0.6666666666666666,0.4618473895582329,0.3453815261044177,0.19591176509857178,0.00293336040340364,0.36065587401390076,115,0.6666666666666666,0.19591176509857178,0.36065587401390076,0.5 <= ESA < 0.75,CCS-consistent: L2 + saved train Yes/No offsets
mixed,gemma-2-9b,22,0.0022882905323058,False,0.671356783919598,0.328643216080402,0.671356783919598,0.678714859437751,0.3062390089035034,0.678714859437751,0.4618473895582329,0.357429718875502,0.11991294473409653,0.0042423829436302185,0.3587522804737091,115,0.678714859437751,0.11991294473409653,0.3587522804737091,0.5 <= ESA < 0.75,CCS-consistent: L2 + saved train Yes/No offsets
mixed,gemma-2-9b,23,0.0029217358678579,True,0.3296482412060301,0.6703517587939698,0.6703517587939698,0.6746987951807228,0.3037810325622558,0.6746987951807228,0.4618473895582329,0.3534136546184739,0.10418344289064407,0.004523362498730421,0.3745849132537842,115,0.6746987951807228,0.10418344289064407,0.3745849132537842,0.5 <= ESA < 0.75,CCS-consistent: L2 + saved train Yes/No offsets
mixed,gemma-2-9b,24,0.0033919741399586,True,0.0492462311557788,0.9507537688442212,0.9507537688442212,0.9397590361445785,0.233100339770317,0.9397590361445785,0.4618473895582329,0.5140562248995983,0.03051956370472908,0.0006484584300778806,0.08256645500659943,115,0.9397590361445785,0.03051956370472908,0.08256645500659943,strong ESA (>= 0.75),CCS-consistent: L2 + saved train Yes/No offsets
mixed,gemma-2-9b,25,0.0035140484105795,True,0.335678391959799,0.664321608040201,0.664321608040201,0.6706827309236948,0.2708621025085449,0.6706827309236948,0.4618473895582329,0.3493975903614458,0.15680451691150665,0.004109580535441637,0.3666200637817383,115,0.6706827309236948,0.15680451691150665,0.3666200637817383,0.5 <= ESA < 0.75,CCS-consistent: L2 + saved train Yes/No offsets
mixed,gemma-2-9b,26,0.0036314285825937,True,0.3336683417085427,0.6663316582914572,0.6663316582914572,0.6706827309236948,0.2477666288614273,0.6706827309236948,0.4618473895582329,0.3493975903614458,0.14246714115142822,0.006514517590403557,0.364742636680603,115,0.6706827309236948,0.14246714115142822,0.364742636680603,0.5 <= ESA < 0.75,CCS-consistent: L2 + saved train Yes/No offsets
mixed,gemma-2-9b,27,0.0038013933226466,True,0.0522613065326633,0.9477386934673366,0.9477386934673366,0.9558232931726908,0.2112728208303451,0.9558232931726908,0.4618473895582329,0.4979919678714859,0.048541247844696045,0.0006204770179465413,0.10522811859846115,115,0.9558232931726908,0.048541247844696045,0.10522811859846115,strong ESA (>= 0.75),CCS-consistent: L2 + saved train Yes/No offsets
mixed,gemma-2-9b,28,0.0038435608148574,False,0.942713567839196,0.057286432160804,0.942713567839196,0.9437751004016064,0.2095230221748352,0.9437751004016064,0.4618473895582329,0.5180722891566265,0.04741128161549568,0.0009587422828190029,0.11128896474838257,115,0.9437751004016064,0.04741128161549568,0.11128896474838257,strong ESA (>= 0.75),CCS-consistent: L2 + saved train Yes/No offsets
mixed,gemma-2-9b,29,0.0048454962670803,False,0.9407035175879396,0.0592964824120603,0.9407035175879396,0.9437751004016064,0.2005064934492111,0.9437751004016064,0.4618473895582329,0.5020080321285141,0.04548308998346329,0.001176586258225143,0.10913564264774323,115,0.9437751004016064,0.04548308998346329,0.10913564264774323,strong ESA (>= 0.75),CCS-consistent: L2 + saved train Yes/No offsets
mixed,gemma-2-9b,30,0.0044529815204441,False,0.9316582914572864,0.0683417085427135,0.9316582914572864,0.9397590361445785,0.1991589665412902,0.9397590361445785,0.4618473895582329,0.5140562248995983,0.05759410187602043,0.0009454137762077153,0.12599050998687744,115,0.9397590361445785,0.05759410187602043,0.12599050998687744,strong ESA (>= 0.75),CCS-consistent: L2 + saved train Yes/No offsets
mixed,gemma-2-9b,31,0.0050909053534269,True,0.0884422110552763,0.9115577889447236,0.9115577889447236,0.9156626506024096,0.2018997371196746,0.9156626506024096,0.4618473895582329,0.4979919678714859,0.09789372235536575,0.0019904752261936665,0.1785728931427002,115,0.9156626506024096,0.09789372235536575,0.1785728931427002,strong ESA (>= 0.75),CCS-consistent: L2 + saved train Yes/No offsets
mixed,gemma-2-9b,32,0.0051345359534025,True,0.0964824120603015,0.9035175879396984,0.9035175879396984,0.9236947791164658,0.2005636692047119,0.923694779116466,0.4618473895582329,0.4979919678714859,0.13071833550930023,0.002447128761559725,0.20465116202831268,115,0.9236947791164658,0.13071833550930023,0.20465116202831268,strong ESA (>= 0.75),CCS-consistent: L2 + saved train Yes/No offsets
mixed,gemma-2-9b,33,0.0056725498288869,False,0.8944723618090452,0.1055276381909547,0.8944723618090452,0.8995983935742972,0.1986817270517349,0.8995983935742972,0.4618473895582329,0.4899598393574297,0.12272881716489792,0.002403620397672057,0.22324475646018982,115,0.8995983935742972,0.12272881716489792,0.22324475646018982,strong ESA (>= 0.75),CCS-consistent: L2 + saved train Yes/No offsets
mixed,gemma-2-9b,34,0.0052805584855377,False,0.8954773869346734,0.1045226130653266,0.8954773869346734,0.8995983935742972,0.1996337175369262,0.8995983935742972,0.4618473895582329,0.4819277108433735,0.10098110884428024,0.003428904339671135,0.22551344335079193,115,0.8995983935742972,0.10098110884428024,0.22551344335079193,strong ESA (>= 0.75),CCS-consistent: L2 + saved train Yes/No offsets
mixed,gemma-2-9b,35,0.0054345033131539,True,0.1015075376884422,0.8984924623115578,0.8984924623115578,0.9036144578313252,0.1957381218671798,0.9036144578313252,0.4618473895582329,0.4779116465863454,0.09482484310865402,0.003926052711904049,0.19873394072055817,115,0.9036144578313252,0.09482484310865402,0.19873394072055817,strong ESA (>= 0.75),CCS-consistent: L2 + saved train Yes/No offsets
mixed,gemma-2-9b,36,0.0057509960606694,True,0.1226130653266331,0.8773869346733668,0.8773869346733668,0.8835341365461847,0.1992318630218505,0.8835341365461847,0.4618473895582329,0.4578313253012048,0.08905092626810074,0.004798673093318939,0.27346593141555786,115,0.8835341365461847,0.08905092626810074,0.27346593141555786,strong ESA (>= 0.75),CCS-consistent: L2 + saved train Yes/No offsets
mixed,gemma-2-9b,37,0.0056236069649457,False,0.8894472361809045,0.1105527638190954,0.8894472361809045,0.8875502008032129,0.1967612504959106,0.8875502008032129,0.4618473895582329,0.4538152610441767,0.0943402349948883,0.004459615331143141,0.24716192483901978,115,0.8875502008032129,0.0943402349948883,0.24716192483901978,strong ESA (>= 0.75),CCS-consistent: L2 + saved train Yes/No offsets
mixed,gemma-2-9b,38,0.0054342094808816,False,0.8824120603015075,0.1175879396984924,0.8824120603015075,0.8835341365461847,0.1867303550243377,0.8835341365461847,0.4618473895582329,0.465863453815261,0.11839361488819122,0.006432317662984133,0.271711528301239,115,0.8835341365461847,0.11839361488819122,0.271711528301239,strong ESA (>= 0.75),CCS-consistent: L2 + saved train Yes/No offsets
mixed,gemma-2-9b,39,0.0047321682795882,False,0.8753768844221106,0.1246231155778894,0.8753768844221106,0.8875502008032129,0.1896241158246994,0.8875502008032129,0.4618473895582329,0.4457831325301205,0.09396900236606598,0.004001857712864876,0.27215802669525146,115,0.8875502008032129,0.09396900236606598,0.27215802669525146,strong ESA (>= 0.75),CCS-consistent: L2 + saved train Yes/No offsets
mixed,gemma-2-9b,40,0.0050279037095606,False,0.878391959798995,0.121608040201005,0.878391959798995,0.8795180722891566,0.1801798194646835,0.8795180722891566,0.4618473895582329,0.4538152610441767,0.12603066861629486,0.005409154109656811,0.2804327607154846,115,0.8795180722891566,0.12603066861629486,0.2804327607154846,strong ESA (>= 0.75),CCS-consistent: L2 + saved train Yes/No offsets
mixed,gemma-2-9b,41,0.0049352142959833,True,0.1195979899497487,0.8804020100502512,0.8804020100502512,0.8835341365461847,0.1775130927562713,0.8835341365461847,0.4618473895582329,0.4497991967871486,0.12202788144350052,0.005281868390738964,0.2660403251647949,115,0.8835341365461847,0.12202788144350052,0.2660403251647949,strong ESA (>= 0.75),CCS-consistent: L2 + saved train Yes/No offsets
mixed,gemma-2-9b,42,0.0030243687797337,False,0.8793969849246231,0.1206030150753768,0.8793969849246231,0.8835341365461847,0.1787134557962417,0.8835341365461847,0.4618473895582329,0.4578313253012048,0.14007699489593506,0.0038449852727353573,0.27791789174079895,115,0.8835341365461847,0.14007699489593506,0.27791789174079895,strong ESA (>= 0.75),CCS-consistent: L2 + saved train Yes/No offsets
mixed,gemma-2-9b-it,0,0.1996398419141769,True,0.5095477386934674,0.5105527638190954,0.5105527638190954,0.5381526104417671,0.0,0.4618473895582329,0.8714859437751004,0.3333333333333333,0.0,0.0,0.3251053988933563,115,0.5381526104417671,0.0,0.3251053988933563,0.5 <= ESA < 0.75,CCS-consistent: L2 + saved train Yes/No offsets
mixed,gemma-2-9b-it,1,0.0912366062402725,False,0.5668341708542713,0.4331658291457286,0.5668341708542713,0.5421686746987951,0.2572928667068481,0.5421686746987951,0.8714859437751004,0.5100401606425703,0.09118557721376419,0.08927636593580246,0.4668888449668884,115,0.5421686746987951,0.09118557721376419,0.4668888449668884,0.5 <= ESA < 0.75,CCS-consistent: L2 + saved train Yes/No offsets
mixed,gemma-2-9b-it,2,0.040843054652214,True,0.3849246231155779,0.6150753768844222,0.6150753768844222,0.6104417670682731,0.1747199296951294,0.6104417670682731,0.8714859437751004,0.642570281124498,0.266026109457016,0.3062191605567932,0.5775431990623474,115,0.6104417670682731,0.266026109457016,0.5775431990623474,0.5 <= ESA < 0.75,CCS-consistent: L2 + saved train Yes/No offsets
mixed,gemma-2-9b-it,3,0.0305927991867065,False,0.6311557788944724,0.3688442211055276,0.6311557788944724,0.6024096385542169,0.2975747585296631,0.6024096385542169,0.8714859437751004,0.5943775100401606,0.35455068945884705,0.4296568036079407,0.5761945247650146,115,0.6024096385542169,0.35455068945884705,0.5761945247650146,0.5 <= ESA < 0.75,CCS-consistent: L2 + saved train Yes/No offsets
mixed,gemma-2-9b-it,4,0.0240192487835884,False,0.6301507537688442,0.3698492462311558,0.6301507537688442,0.5983935742971888,0.2962330281734466,0.5983935742971888,0.8714859437751004,0.606425702811245,0.40292924642562866,0.5118213891983032,0.5894054174423218,115,0.5983935742971888,0.40292924642562866,0.5894054174423218,0.5 <= ESA < 0.75,CCS-consistent: L2 + saved train Yes/No offsets
mixed,gemma-2-9b-it,5,0.021217780187726,False,0.6211055276381909,0.378894472361809,0.6211055276381909,0.5983935742971888,0.2507609128952026,0.5983935742971888,0.8714859437751004,0.5903614457831325,0.41495296359062195,0.458671510219574,0.5667837858200073,115,0.5983935742971888,0.41495296359062195,0.5667837858200073,0.5 <= ESA < 0.75,CCS-consistent: L2 + saved train Yes/No offsets
mixed,gemma-2-9b-it,6,0.0197505429387092,False,0.6603015075376885,0.3396984924623115,0.6603015075376885,0.6506024096385542,0.2064109146595001,0.6506024096385542,0.8714859437751004,0.6506024096385542,0.3459476828575134,0.37797367572784424,0.5478806495666504,115,0.6506024096385542,0.3459476828575134,0.5478806495666504,0.5 <= ESA < 0.75,CCS-consistent: L2 + saved train Yes/No offsets
mixed,gemma-2-9b-it,7,0.004326457157731,False,0.6572864321608041,0.342713567839196,0.6572864321608041,0.6706827309236948,0.2595188617706299,0.6706827309236948,0.8714859437751004,0.5903614457831325,0.17403024435043335,0.005028655752539635,0.31743210554122925,115,0.6706827309236948,0.17403024435043335,0.31743210554122925,0.5 <= ESA < 0.75,CCS-consistent: L2 + saved train Yes/No offsets
mixed,gemma-2-9b-it,8,0.0021879780106246,True,0.3336683417085427,0.6663316582914572,0.6663316582914572,0.678714859437751,0.6020058989524841,0.678714859437751,0.8714859437751004,0.5983935742971888,0.10305372625589371,0.0012965763453394175,0.330121248960495,115,0.678714859437751,0.10305372625589371,0.330121248960495,0.5 <= ESA < 0.75,CCS-consistent: L2 + saved train Yes/No offsets
mixed,gemma-2-9b-it,9,0.002036718185991,True,0.3326633165829146,0.6673366834170854,0.6673366834170854,0.678714859437751,0.5887643098831177,0.678714859437751,0.8714859437751004,0.5983935742971888,0.1982591152191162,0.0010235246736556292,0.339620977640152,115,0.678714859437751,0.1982591152191162,0.339620977640152,0.5 <= ESA < 0.75,CCS-consistent: L2 + saved train Yes/No offsets
mixed,gemma-2-9b-it,10,0.0020110143814235,True,0.3326633165829146,0.6673366834170854,0.6673366834170854,0.6827309236947792,0.5809808969497681,0.6827309236947792,0.8714859437751004,0.6024096385542169,0.2016342729330063,0.0008240682655014098,0.3428420126438141,115,0.6827309236947792,0.2016342729330063,0.3428420126438141,0.5 <= ESA < 0.75,CCS-consistent: L2 + saved train Yes/No offsets
mixed,gemma-2-9b-it,11,0.0017600029241293,True,0.3306532663316583,0.6693467336683417,0.6693467336683417,0.678714859437751,0.5866004228591919,0.678714859437751,0.8714859437751004,0.5983935742971888,0.17316056787967682,0.00055889313807711,0.3455144166946411,115,0.678714859437751,0.17316056787967682,0.3455144166946411,0.5 <= ESA < 0.75,CCS-consistent: L2 + saved train Yes/No offsets
mixed,gemma-2-9b-it,12,0.0017575724050402,False,0.6683417085427136,0.3316582914572864,0.6683417085427136,0.6746987951807228,0.6006128787994385,0.6746987951807228,0.8714859437751004,0.5943775100401606,0.13858924806118011,0.0008255740394815803,0.3223841190338135,115,0.6746987951807228,0.13858924806118011,0.3223841190338135,0.5 <= ESA < 0.75,CCS-consistent: L2 + saved train Yes/No offsets
mixed,gemma-2-9b-it,13,0.0014805470127612,False,0.6693467336683417,0.3306532663316583,0.6693467336683417,0.6746987951807228,0.5700984001159668,0.6746987951807228,0.8714859437751004,0.5943775100401606,0.17403574287891388,0.000506290583871305,0.32457900047302246,115,0.6746987951807228,0.17403574287891388,0.32457900047302246,0.5 <= ESA < 0.75,CCS-consistent: L2 + saved train Yes/No offsets
mixed,gemma-2-9b-it,14,0.0011630262015387,True,0.3266331658291457,0.6733668341708543,0.6733668341708543,0.6827309236947792,0.5582501888275146,0.6827309236947792,0.8714859437751004,0.6024096385542169,0.08704405277967453,0.0006066267960704863,0.33589574694633484,115,0.6827309236947792,0.08704405277967453,0.33589574694633484,0.5 <= ESA < 0.75,CCS-consistent: L2 + saved train Yes/No offsets
mixed,gemma-2-9b-it,15,0.001210993155837,True,0.3276381909547738,0.6723618090452261,0.6723618090452261,0.6827309236947792,0.5246871709823608,0.6827309236947792,0.8714859437751004,0.6024096385542169,0.13597649335861206,0.000540662556886673,0.3379857540130615,115,0.6827309236947792,0.13597649335861206,0.3379857540130615,0.5 <= ESA < 0.75,CCS-consistent: L2 + saved train Yes/No offsets
mixed,gemma-2-9b-it,16,0.0014829067513346,True,0.3256281407035176,0.6743718592964824,0.6743718592964824,0.6827309236947792,0.5318852066993713,0.6827309236947792,0.8714859437751004,0.6024096385542169,0.2073260247707367,0.0007527089910581708,0.3429395854473114,115,0.6827309236947792,0.2073260247707367,0.3429395854473114,0.5 <= ESA < 0.75,CCS-consistent: L2 + saved train Yes/No offsets
mixed,gemma-2-9b-it,17,0.001613626955077,False,0.6844221105527638,0.3155778894472362,0.6844221105527638,0.6907630522088354,0.5026531219482422,0.6907630522088354,0.8714859437751004,0.6104417670682731,0.19131790101528168,0.0012656194157898426,0.32541948556900024,115,0.6907630522088354,0.19131790101528168,0.32541948556900024,0.5 <= ESA < 0.75,CCS-consistent: L2 + saved train Yes/No offsets
mixed,gemma-2-9b-it,18,0.0012924415059387,False,0.6773869346733669,0.3226130653266331,0.6773869346733669,0.6706827309236948,0.4502431750297546,0.6706827309236948,0.8714859437751004,0.5903614457831325,0.1611134111881256,0.0009596613817848265,0.33719828724861145,115,0.6706827309236948,0.1611134111881256,0.33719828724861145,0.5 <= ESA < 0.75,CCS-consistent: L2 + saved train Yes/No offsets
mixed,gemma-2-9b-it,19,0.0013546366244554,True,0.3175879396984924,0.6824120603015076,0.6824120603015076,0.6867469879518072,0.3829122483730316,0.6867469879518072,0.8714859437751004,0.606425702811245,0.07771902531385422,0.0010339254513382912,0.35381177067756653,115,0.6867469879518072,0.07771902531385422,0.35381177067756653,0.5 <= ESA < 0.75,CCS-consistent: L2 + saved train Yes/No offsets
mixed,gemma-2-9b-it,20,0.0009901496814563,False,0.9728643216080402,0.0271356783919597,0.9728643216080402,0.9799196787148594,0.2895382642745971,0.9799196787148594,0.8714859437751004,0.8594377510040161,0.020434269681572914,7.581100362585858e-05,0.04288051277399063,115,0.9799196787148594,0.020434269681572914,0.04288051277399063,strong ESA (>= 0.75),CCS-consistent: L2 + saved train Yes/No offsets
mixed,gemma-2-9b-it,21,0.001380548113957,False,0.9618090452261306,0.0381909547738693,0.9618090452261306,0.963855421686747,0.3404543101787567,0.963855421686747,0.8714859437751004,0.8433734939759037,0.027523213997483253,7.132538303267211e-05,0.05097711458802223,115,0.963855421686747,0.027523213997483253,0.05097711458802223,strong ESA (>= 0.75),CCS-consistent: L2 + saved train Yes/No offsets
mixed,gemma-2-9b-it,22,0.0009306994616053,False,0.971859296482412,0.0281407035175879,0.971859296482412,0.9759036144578314,0.3385705947875976,0.9759036144578314,0.8714859437751004,0.8554216867469879,0.026078401133418083,6.483173638116568e-05,0.05248938500881195,115,0.9759036144578314,0.026078401133418083,0.05248938500881195,strong ESA (>= 0.75),CCS-consistent: L2 + saved train Yes/No offsets
mixed,gemma-2-9b-it,23,0.0010119172511622,True,0.0231155778894472,0.9768844221105528,0.9768844221105528,0.9759036144578314,0.3497012257575989,0.9759036144578314,0.8714859437751004,0.8554216867469879,0.025489354506134987,9.620733908377588e-05,0.051386114209890366,115,0.9759036144578314,0.025489354506134987,0.051386114209890366,strong ESA (>= 0.75),CCS-consistent: L2 + saved train Yes/No offsets
mixed,gemma-2-9b-it,24,0.001056816545315,False,0.9748743718592964,0.0251256281407035,0.9748743718592964,0.9799196787148594,0.38361856341362,0.9799196787148594,0.8714859437751004,0.8594377510040161,0.028736114501953125,5.5270862503675744e-05,0.052482057362794876,115,0.9799196787148594,0.028736114501953125,0.052482057362794876,strong ESA (>= 0.75),CCS-consistent: L2 + saved train Yes/No offsets
mixed,gemma-2-9b-it,25,0.0011800224892795,False,0.9758793969849248,0.0241206030150753,0.9758793969849248,0.9759036144578314,0.3819864988327026,0.9759036144578314,0.8714859437751004,0.8634538152610441,0.030781958252191544,7.085372635629028e-05,0.0580931156873703,115,0.9759036144578314,0.030781958252191544,0.0580931156873703,strong ESA (>= 0.75),CCS-consistent: L2 + saved train Yes/No offsets
mixed,gemma-2-9b-it,26,0.0011112547945231,False,0.9748743718592964,0.0251256281407035,0.9748743718592964,0.9718875502008032,0.368300586938858,0.9718875502008032,0.8714859437751004,0.8594377510040161,0.032258354127407074,7.662496500415727e-05,0.05812687799334526,115,0.9718875502008032,0.032258354127407074,0.05812687799334526,strong ESA (>= 0.75),CCS-consistent: L2 + saved train Yes/No offsets
mixed,gemma-2-9b-it,27,0.001110746175982,False,0.9728643216080402,0.0271356783919597,0.9728643216080402,0.9678714859437751,0.3570878505706787,0.9678714859437751,0.8714859437751004,0.8554216867469879,0.02897612750530243,7.711564830970019e-05,0.05168239027261734,115,0.9678714859437751,0.02897612750530243,0.05168239027261734,strong ESA (>= 0.75),CCS-consistent: L2 + saved train Yes/No offsets
mixed,gemma-2-9b-it,28,0.0012785316212102,False,0.9738693467336684,0.0261306532663316,0.9738693467336684,0.963855421686747,0.3551332950592041,0.963855421686747,0.8714859437751004,0.8514056224899599,0.023911578580737114,8.522855205228552e-05,0.05263824760913849,115,0.963855421686747,0.023911578580737114,0.05263824760913849,strong ESA (>= 0.75),CCS-consistent: L2 + saved train Yes/No offsets
mixed,gemma-2-9b-it,29,0.0013982219388708,False,0.9728643216080402,0.0271356783919597,0.9728643216080402,0.963855421686747,0.3362911343574524,0.963855421686747,0.8714859437751004,0.8514056224899599,0.03007984161376953,0.00012400225386954844,0.06143823266029358,115,0.963855421686747,0.03007984161376953,0.06143823266029358,strong ESA (>= 0.75),CCS-consistent: L2 + saved train Yes/No offsets
mixed,gemma-2-9b-it,30,0.0014467996079474,False,0.971859296482412,0.0281407035175879,0.971859296482412,0.9718875502008032,0.3437768518924713,0.9718875502008032,0.8714859437751004,0.8514056224899599,0.0287577323615551,6.915218546055257e-05,0.05772312730550766,115,0.9718875502008032,0.0287577323615551,0.05772312730550766,strong ESA (>= 0.75),CCS-consistent: L2 + saved train Yes/No offsets
mixed,gemma-2-9b-it,31,0.0014363513328135,False,0.9698492462311558,0.0301507537688442,0.9698492462311558,0.9718875502008032,0.3449617028236389,0.9718875502008032,0.8714859437751004,0.8514056224899599,0.02056206949055195,6.0865200794069096e-05,0.06400623172521591,115,0.9718875502008032,0.02056206949055195,0.06400623172521591,strong ESA (>= 0.75),CCS-consistent: L2 + saved train Yes/No offsets
mixed,gemma-2-9b-it,32,0.0014487277949228,True,0.0321608040201005,0.9678391959798996,0.9678391959798996,0.9678714859437751,0.3265958726406097,0.9678714859437751,0.8714859437751004,0.8473895582329317,0.023053932934999466,4.4025025999872014e-05,0.06197896972298622,115,0.9678714859437751,0.023053932934999466,0.06197896972298622,strong ESA (>= 0.75),CCS-consistent: L2 + saved train Yes/No offsets
mixed,gemma-2-9b-it,33,0.0013524759560823,True,0.0331658291457286,0.9668341708542714,0.9668341708542714,0.963855421686747,0.315735787153244,0.963855421686747,0.8714859437751004,0.8433734939759037,0.023056969046592712,3.9819937228458e-05,0.05949113145470619,115,0.963855421686747,0.023056969046592712,0.05949113145470619,strong ESA (>= 0.75),CCS-consistent: L2 + saved train Yes/No offsets
mixed,gemma-2-9b-it,34,0.0015129771782085,True,0.0341708542713567,0.9658291457286432,0.9658291457286432,0.9678714859437751,0.3122954666614532,0.9678714859437751,0.8714859437751004,0.8473895582329317,0.03670308366417885,8.028460433706641e-05,0.06049203500151634,115,0.9678714859437751,0.03670308366417885,0.06049203500151634,strong ESA (>= 0.75),CCS-consistent: L2 + saved train Yes/No offsets
mixed,gemma-2-9b-it,35,0.0012625639792531,True,0.0321608040201005,0.9678391959798996,0.9678391959798996,0.963855421686747,0.3053910136222839,0.963855421686747,0.8714859437751004,0.8433734939759037,0.02304559387266636,4.3407617340562865e-05,0.06027866154909134,115,0.963855421686747,0.02304559387266636,0.06027866154909134,strong ESA (>= 0.75),CCS-consistent: L2 + saved train Yes/No offsets
mixed,gemma-2-9b-it,36,0.0012421139981597,True,0.0321608040201005,0.9678391959798996,0.9678391959798996,0.963855421686747,0.3088924884796142,0.963855421686747,0.8714859437751004,0.8433734939759037,0.0443587563931942,5.590018554357812e-05,0.07058380544185638,115,0.963855421686747,0.0443587563931942,0.07058380544185638,strong ESA (>= 0.75),CCS-consistent: L2 + saved train Yes/No offsets
mixed,gemma-2-9b-it,37,0.0012876961845904,False,0.9668341708542714,0.0331658291457286,0.9668341708542714,0.9598393574297188,0.3089735507965088,0.9598393574297188,0.8714859437751004,0.8473895582329317,0.03236052393913269,5.602165765594691e-05,0.07266993820667267,115,0.9598393574297188,0.03236052393913269,0.07266993820667267,strong ESA (>= 0.75),CCS-consistent: L2 + saved train Yes/No offsets
mixed,gemma-2-9b-it,38,0.0013718218542635,True,0.0321608040201005,0.9678391959798996,0.9678391959798996,0.963855421686747,0.3029232621192932,0.963855421686747,0.8714859437751004,0.8433734939759037,0.04392416402697563,8.050901669776067e-05,0.07676317542791367,115,0.963855421686747,0.04392416402697563,0.07676317542791367,strong ESA (>= 0.75),CCS-consistent: L2 + saved train Yes/No offsets
mixed,gemma-2-9b-it,39,0.0013283740263432,False,0.9688442211055276,0.0311557788944723,0.9688442211055276,0.963855421686747,0.3074955940246582,0.963855421686747,0.8714859437751004,0.8433734939759037,0.024903133511543274,5.1643899496411905e-05,0.06639090925455093,115,0.963855421686747,0.024903133511543274,0.06639090925455093,strong ESA (>= 0.75),CCS-consistent: L2 + saved train Yes/No offsets
mixed,gemma-2-9b-it,40,0.0015198041219264,True,0.0311557788944723,0.9688442211055276,0.9688442211055276,0.963855421686747,0.2987101376056671,0.963855421686747,0.8714859437751004,0.8433734939759037,0.04460559040307999,0.00012365264410618693,0.07847586274147034,115,0.963855421686747,0.04460559040307999,0.07847586274147034,strong ESA (>= 0.75),CCS-consistent: L2 + saved train Yes/No offsets
mixed,gemma-2-9b-it,41,0.0019513969309628,True,0.0321608040201005,0.9678391959798996,0.9678391959798996,0.963855421686747,0.2909413576126098,0.963855421686747,0.8714859437751004,0.8433734939759037,0.044307008385658264,0.0002190704399254173,0.08417680114507675,115,0.963855421686747,0.044307008385658264,0.08417680114507675,strong ESA (>= 0.75),CCS-consistent: L2 + saved train Yes/No offsets
mixed,gemma-2-9b-it,42,0.0009109277161769,True,0.0341708542713567,0.9658291457286432,0.9658291457286432,0.963855421686747,0.2840393781661987,0.963855421686747,0.8714859437751004,0.8433734939759037,0.038773857057094574,4.2055093217641115e-05,0.062450047582387924,115,0.963855421686747,0.038773857057094574,0.062450047582387924,strong ESA (>= 0.75),CCS-consistent: L2 + saved train Yes/No offsets
mixed,deberta-hate-tuned,0,0.199999988079071,False,0.5095477386934674,0.5095477386934674,0.5095477386934674,0.5381526104417671,0.0,0.4618473895582329,0.6666666666666666,0.7871485943775101,0.0,0.0,0.32003235816955566,115,0.5381526104417671,0.0,0.32003235816955566,0.5 <= ESA < 0.75,CCS-consistent: L2 + saved train Yes/No offsets
mixed,deberta-hate-tuned,1,0.1892287582159042,True,0.4030150753768844,0.5969849246231156,0.5969849246231156,0.606425702811245,0.4691505134105682,0.606425702811245,0.6666666666666666,0.5783132530120482,-0.002367895795032382,0.0023625590838491917,0.33150216937065125,115,0.606425702811245,-0.002367895795032382,0.33150216937065125,0.5 <= ESA < 0.75,CCS-consistent: L2 + saved train Yes/No offsets
mixed,deberta-hate-tuned,2,0.1496361047029495,False,0.549748743718593,0.450251256281407,0.549748743718593,0.5341365461847389,0.2571852803230285,0.5341365461847389,0.6666666666666666,0.4096385542168674,-0.001569699845276773,0.01695077121257782,0.3821965157985687,115,0.5341365461847389,-0.001569699845276773,0.3821965157985687,0.5 <= ESA < 0.75,CCS-consistent: L2 + saved train Yes/No offsets
mixed,deberta-hate-tuned,3,0.15993532538414,True,0.4522613065326633,0.5477386934673367,0.5477386934673367,0.5220883534136547,0.4200753271579742,0.5220883534136547,0.6666666666666666,0.5261044176706827,-0.004552267491817474,0.015936868265271187,0.34896165132522583,115,0.5220883534136547,-0.004552267491817474,0.34896165132522583,0.5 <= ESA < 0.75,CCS-consistent: L2 + saved train Yes/No offsets
mixed,deberta-hate-tuned,4,0.1140147298574447,False,0.5829145728643216,0.4170854271356783,0.5829145728643216,0.5742971887550201,0.2306248992681503,0.5742971887550201,0.6666666666666666,0.5060240963855421,0.007361065596342087,0.08310786634683609,0.45173531770706177,115,0.5742971887550201,0.007361065596342087,0.45173531770706177,0.5 <= ESA < 0.75,CCS-consistent: L2 + saved train Yes/No offsets
mixed,deberta-hate-tuned,5,0.1126400157809257,True,0.392964824120603,0.607035175879397,0.607035175879397,0.5783132530120482,0.5142427682876587,0.5783132530120482,0.6666666666666666,0.5341365461847389,0.03821288421750069,0.06773737818002701,0.357870876789093,115,0.5783132530120482,0.03821288421750069,0.357870876789093,0.5 <= ESA < 0.75,CCS-consistent: L2 + saved train Yes/No offsets
mixed,deberta-hate-tuned,6,0.1197849214076995,True,0.4442211055276382,0.5557788944723618,0.5557788944723618,0.570281124497992,0.4961088597774505,0.570281124497992,0.6666666666666666,0.5180722891566265,-0.009737015701830387,0.10184704512357712,0.4257837235927582,115,0.570281124497992,-0.009737015701830387,0.4257837235927582,0.5 <= ESA < 0.75,CCS-consistent: L2 + saved train Yes/No offsets
mixed,deberta-hate-tuned,7,0.1108963638544082,False,0.5738693467336683,0.4261306532663316,0.5738693467336683,0.5542168674698795,0.3808313310146332,0.5542168674698795,0.6666666666666666,0.5502008032128514,0.045945070683956146,0.07556113600730896,0.40224742889404297,115,0.5542168674698795,0.045945070683956146,0.40224742889404297,0.5 <= ESA < 0.75,CCS-consistent: L2 + saved train Yes/No offsets
mixed,deberta-hate-tuned,8,0.1176748275756836,False,0.5698492462311557,0.4301507537688442,0.5698492462311557,0.5582329317269076,0.4256658256053924,0.5582329317269076,0.6666666666666666,0.5461847389558233,0.015658719465136528,0.04189779981970787,0.5093221664428711,115,0.5582329317269076,0.015658719465136528,0.5093221664428711,0.5 <= ESA < 0.75,CCS-consistent: L2 + saved train Yes/No offsets
mixed,deberta-hate-tuned,9,0.0990635156631469,True,0.44321608040201,0.5567839195979899,0.5567839195979899,0.5020080321285141,0.5482133626937866,0.4979919678714859,0.6666666666666666,0.4779116465863454,0.01520113181322813,0.14798617362976074,0.46487367153167725,115,0.5020080321285141,0.01520113181322813,0.46487367153167725,0.5 <= ESA < 0.75,CCS-consistent: L2 + saved train Yes/No offsets
mixed,deberta-hate-tuned,10,0.1282675862312317,False,0.5819095477386935,0.4180904522613065,0.5819095477386935,0.5421686746987951,0.396635353565216,0.5421686746987951,0.6666666666666666,0.5381526104417671,0.008840573951601982,0.04194517061114311,0.38354870676994324,115,0.5421686746987951,0.008840573951601982,0.38354870676994324,0.5 <= ESA < 0.75,CCS-consistent: L2 + saved train Yes/No offsets
mixed,deberta-hate-tuned,11,0.1460511088371276,True,0.3889447236180904,0.6110552763819096,0.6110552763819096,0.5461847389558233,0.4392545521259308,0.5461847389558233,0.6666666666666666,0.5662650602409639,0.020670372992753983,0.031027445569634438,0.3916293680667877,115,0.5461847389558233,0.020670372992753983,0.3916293680667877,0.5 <= ESA < 0.75,CCS-consistent: L2 + saved train Yes/No offsets
mixed,deberta-hate-tuned,12,0.1516811847686767,False,0.5507537688442211,0.4492462311557789,0.5507537688442211,0.5783132530120482,0.3571077585220337,0.5783132530120482,0.6666666666666666,0.5180722891566265,-0.00015732814790681005,0.01871282234787941,0.342268168926239,115,0.5783132530120482,-0.00015732814790681005,0.342268168926239,0.5 <= ESA < 0.75,CCS-consistent: L2 + saved train Yes/No offsets
mixed,deberta-hate-tuned,13,0.1704241335391998,True,0.3577889447236181,0.6422110552763819,0.6422110552763819,0.6345381526104418,0.252470999956131,0.6345381526104418,0.6666666666666666,0.5582329317269076,0.00010575138730928302,0.011320176534354687,0.3461228609085083,115,0.6345381526104418,0.00010575138730928302,0.3461228609085083,0.5 <= ESA < 0.75,CCS-consistent: L2 + saved train Yes/No offsets
mixed,deberta-hate-tuned,14,0.1232430934906005,True,0.3507537688442211,0.6492462311557788,0.6492462311557788,0.6265060240963856,0.3675467669963836,0.6265060240963856,0.6666666666666666,0.4698795180722891,0.020634876564145088,0.026311498135328293,0.3462054133415222,115,0.6265060240963856,0.020634876564145088,0.3462054133415222,0.5 <= ESA < 0.75,CCS-consistent: L2 + saved train Yes/No offsets
mixed,deberta-hate-tuned,15,0.1513417661190033,True,0.4150753768844221,0.5849246231155779,0.5849246231155779,0.5180722891566265,0.3012926876544952,0.5180722891566265,0.6666666666666666,0.5542168674698795,0.011775934137403965,0.019665924832224846,0.38248729705810547,115,0.5180722891566265,0.011775934137403965,0.38248729705810547,0.5 <= ESA < 0.75,CCS-consistent: L2 + saved train Yes/No offsets
mixed,deberta-hate-tuned,16,0.1108000576496124,True,0.3688442211055276,0.6311557788944724,0.6311557788944724,0.5903614457831325,0.3006034791469574,0.5903614457831325,0.6666666666666666,0.5461847389558233,0.06288802623748779,0.05330900847911835,0.39737918972969055,115,0.5903614457831325,0.06288802623748779,0.39737918972969055,0.5 <= ESA < 0.75,CCS-consistent: L2 + saved train Yes/No offsets
mixed,deberta-hate-tuned,17,0.1403798162937164,True,0.2532663316582914,0.7467336683417085,0.7467336683417085,0.6907630522088353,0.2655720710754394,0.6907630522088354,0.6666666666666666,0.5903614457831325,0.01768045499920845,0.02561941370368004,0.3594982624053955,115,0.6907630522088353,0.01768045499920845,0.3594982624053955,0.5 <= ESA < 0.75,CCS-consistent: L2 + saved train Yes/No offsets
mixed,deberta-hate-tuned,18,0.1503449827432632,True,0.1879396984924623,0.8120603015075377,0.8120603015075377,0.7670682730923695,0.2000287473201751,0.7670682730923695,0.6666666666666666,0.6586345381526104,0.0085043516010046,0.01313097681850195,0.34346213936805725,115,0.7670682730923695,0.0085043516010046,0.34346213936805725,strong ESA (>= 0.75),CCS-consistent: L2 + saved train Yes/No offsets
mixed,deberta-hate-tuned,19,0.0460379235446453,True,0.3597989949748744,0.6402010050251257,0.6402010050251257,0.6265060240963856,0.2127659171819687,0.6265060240963856,0.6666666666666666,0.6144578313253012,0.13157784938812256,0.12711024284362793,0.43621599674224854,115,0.6265060240963856,0.13157784938812256,0.43621599674224854,0.5 <= ESA < 0.75,CCS-consistent: L2 + saved train Yes/No offsets
mixed,deberta-hate-tuned,20,0.0360765121877193,True,0.0492462311557788,0.9507537688442212,0.9507537688442212,0.963855421686747,0.2536529302597046,0.963855421686747,0.6666666666666666,0.7028112449799196,0.05413791909813881,0.02718319557607174,0.22638267278671265,115,0.963855421686747,0.05413791909813881,0.22638267278671265,strong ESA (>= 0.75),CCS-consistent: L2 + saved train Yes/No offsets
mixed,deberta-hate-tuned,21,0.0395016893744468,True,0.0462311557788944,0.9537688442211056,0.9537688442211056,0.9518072289156626,0.2624094486236572,0.9518072289156626,0.6666666666666666,0.7068273092369478,0.04813487455248833,0.03523126244544983,0.23081180453300476,115,0.9518072289156626,0.04813487455248833,0.23081180453300476,strong ESA (>= 0.75),CCS-consistent: L2 + saved train Yes/No offsets
mixed,deberta-hate-tuned,22,0.044829212129116,False,0.9015075376884422,0.0984924623115577,0.9015075376884422,0.8795180722891566,0.2726373672485351,0.8795180722891566,0.6666666666666666,0.6907630522088354,0.037361957132816315,0.029710449278354645,0.28868040442466736,115,0.8795180722891566,0.037361957132816315,0.28868040442466736,strong ESA (>= 0.75),CCS-consistent: L2 + saved train Yes/No offsets
mixed,deberta-hate-tuned,23,0.0476728975772857,False,0.892462311557789,0.107537688442211,0.892462311557789,0.8795180722891566,0.2685020864009857,0.8795180722891566,0.6666666666666666,0.6827309236947792,0.04274944216012955,0.04789706692099571,0.2087244838476181,115,0.8795180722891566,0.04274944216012955,0.2087244838476181,strong ESA (>= 0.75),CCS-consistent: L2 + saved train Yes/No offsets
mixed,deberta-hate-tuned,24,0.0509044975042343,True,0.1105527638190954,0.8894472361809045,0.8894472361809045,0.8795180722891567,0.221576914191246,0.8795180722891566,0.6666666666666666,0.6666666666666666,0.062327638268470764,0.06462068855762482,0.5144696831703186,115,0.8795180722891567,0.062327638268470764,0.5144696831703186,strong ESA (>= 0.75),CCS-consistent: L2 + saved train Yes/No offsets
not,gemma-2-2b,0,0.199999988079071,False,0.504,0.504,0.504,0.516,0.0,0.484,0.512,0.004,0.0,0.0,0.3200364410877228,121,0.516,0.0,0.3200364410877228,0.5 <= ESA < 0.75,CCS-consistent: L2 + saved train Yes/No offsets
not,gemma-2-2b,1,0.0718437731266021,True,0.467,0.533,0.533,0.544,0.2675797641277313,0.544,0.512,0.376,0.20444755256175995,0.14007148146629333,0.524384617805481,121,0.544,0.20444755256175995,0.524384617805481,0.5 <= ESA < 0.75,CCS-consistent: L2 + saved train Yes/No offsets
not,gemma-2-2b,2,0.0355762578547,False,0.565,0.435,0.565,0.58,0.1100774109363555,0.58,0.512,0.508,0.31746619939804077,0.3636980652809143,0.6118369102478027,121,0.58,0.31746619939804077,0.6118369102478027,0.5 <= ESA < 0.75,CCS-consistent: L2 + saved train Yes/No offsets
not,gemma-2-2b,3,0.0214168187230825,False,0.56,0.44,0.56,0.6,0.1440303325653076,0.6,0.512,0.504,0.29784730076789856,0.5181428790092468,0.6367706060409546,121,0.6,0.29784730076789856,0.6367706060409546,0.5 <= ESA < 0.75,CCS-consistent: L2 + saved train Yes/No offsets
not,gemma-2-2b,4,0.0181779991835355,True,0.432,0.568,0.568,0.6,0.1790955811738968,0.6,0.512,0.496,0.3577016294002533,0.5115993022918701,0.641594648361206,121,0.6,0.3577016294002533,0.641594648361206,0.5 <= ESA < 0.75,CCS-consistent: L2 + saved train Yes/No offsets
not,gemma-2-2b,5,0.0184945613145828,False,0.579,0.421,0.579,0.6,0.210502415895462,0.6,0.512,0.504,0.3779878318309784,0.5143303871154785,0.6195431351661682,121,0.6,0.3779878318309784,0.6195431351661682,0.5 <= ESA < 0.75,CCS-consistent: L2 + saved train Yes/No offsets
not,gemma-2-2b,6,0.0061342641711235,False,0.54,0.46,0.54,0.556,0.3102192282676697,0.556,0.512,0.468,0.06855296343564987,0.00021380143880378455,0.11859115213155746,121,0.556,0.06855296343564987,0.11859115213155746,0.5 <= ESA < 0.75,CCS-consistent: L2 + saved train Yes/No offsets
not,gemma-2-2b,7,0.0061188335530459,False,0.54,0.46,0.54,0.56,0.3262066543102264,0.56,0.512,0.48,0.07168538868427277,0.0003024693578481674,0.12923353910446167,121,0.56,0.07168538868427277,0.12923353910446167,0.5 <= ESA < 0.75,CCS-consistent: L2 + saved train Yes/No offsets
not,gemma-2-2b,8,0.0042418865486979,True,0.486,0.514,0.514,0.536,0.3940990567207336,0.536,0.512,0.448,0.08920655399560928,7.878334872657433e-05,0.1405014544725418,121,0.536,0.08920655399560928,0.1405014544725418,0.5 <= ESA < 0.75,CCS-consistent: L2 + saved train Yes/No offsets
not,gemma-2-2b,9,0.003606587415561,True,0.494,0.506,0.506,0.532,0.3565068542957306,0.532,0.512,0.436,0.11284317821264267,0.00015990770771168172,0.1625426560640335,121,0.532,0.11284317821264267,0.1625426560640335,0.5 <= ESA < 0.75,CCS-consistent: L2 + saved train Yes/No offsets
not,gemma-2-2b,10,0.0036952411755919,True,0.499,0.501,0.501,0.528,0.3360515236854553,0.472,0.512,0.56,0.12176699191331863,0.00023712393885944039,0.15927347540855408,121,0.528,0.12176699191331863,0.15927347540855408,0.5 <= ESA < 0.75,CCS-consistent: L2 + saved train Yes/No offsets
not,gemma-2-2b,11,0.0035731135867536,False,0.504,0.496,0.504,0.532,0.339283287525177,0.532,0.512,0.444,0.09406621009111404,0.00014294657739810646,0.16136322915554047,121,0.532,0.09406621009111404,0.16136322915554047,0.5 <= ESA < 0.75,CCS-consistent: L2 + saved train Yes/No offsets
not,gemma-2-2b,12,0.0037765915039926,False,0.503,0.497,0.503,0.532,0.3193341791629791,0.532,0.512,0.428,0.07811850309371948,0.0001798161247279495,0.18860383331775665,121,0.532,0.07811850309371948,0.18860383331775665,0.5 <= ESA < 0.75,CCS-consistent: L2 + saved train Yes/No offsets
not,gemma-2-2b,13,0.0039186989888548,False,0.504,0.496,0.504,0.528,0.2821934819221496,0.528,0.512,0.416,0.10492201894521713,0.00023224609321914613,0.18644042313098907,121,0.528,0.10492201894521713,0.18644042313098907,0.5 <= ESA < 0.75,CCS-consistent: L2 + saved train Yes/No offsets
not,gemma-2-2b,14,0.0049017569981515,False,0.51,0.49,0.51,0.532,0.2785269916057586,0.532,0.512,0.404,0.09177080541849136,0.00032087182626128197,0.1906890869140625,121,0.532,0.09177080541849136,0.1906890869140625,0.5 <= ESA < 0.75,CCS-consistent: L2 + saved train Yes/No offsets
not,gemma-2-2b,15,0.0049410630017519,True,0.491,0.509,0.509,0.528,0.2593022584915161,0.528,0.512,0.416,0.08537325263023376,0.0003343564458191395,0.20236113667488098,121,0.528,0.08537325263023376,0.20236113667488098,0.5 <= ESA < 0.75,CCS-consistent: L2 + saved train Yes/No offsets
not,gemma-2-2b,16,0.0062656556256115,False,0.514,0.486,0.514,0.528,0.2248656898736953,0.528,0.512,0.432,0.10029327869415283,0.00097952620126307,0.1822066456079483,121,0.528,0.10029327869415283,0.1822066456079483,0.5 <= ESA < 0.75,CCS-consistent: L2 + saved train Yes/No offsets
not,gemma-2-2b,17,0.0065259425900876,False,0.516,0.484,0.516,0.532,0.2177663892507553,0.532,0.512,0.436,0.08000287413597107,0.0011380882933735847,0.17185281217098236,121,0.532,0.08000287413597107,0.17185281217098236,0.5 <= ESA < 0.75,CCS-consistent: L2 + saved train Yes/No offsets
not,gemma-2-2b,18,0.0071208523586392,False,0.507,0.493,0.507,0.524,0.1893936544656753,0.476,0.512,0.548,0.02887246198952198,0.0006271966849453747,0.1631467640399933,121,0.524,0.02887246198952198,0.1631467640399933,0.5 <= ESA < 0.75,CCS-consistent: L2 + saved train Yes/No offsets
not,gemma-2-2b,19,0.0089665269479155,True,0.483,0.517,0.517,0.524,0.2014030218124389,0.524,0.512,0.428,0.07213516533374786,0.002284255577251315,0.22961834073066711,121,0.524,0.07213516533374786,0.22961834073066711,0.5 <= ESA < 0.75,CCS-consistent: L2 + saved train Yes/No offsets
not,gemma-2-2b,20,0.0100861741229891,True,0.493,0.507,0.507,0.52,0.1887912452220916,0.52,0.512,0.44,0.041985414922237396,0.003907269332557917,0.24338684976100922,121,0.52,0.041985414922237396,0.24338684976100922,0.5 <= ESA < 0.75,CCS-consistent: L2 + saved train Yes/No offsets
not,gemma-2-2b,21,0.0102457292377948,False,0.513,0.487,0.513,0.524,0.1864534169435501,0.524,0.512,0.436,0.07934792339801788,0.0038887106347829103,0.22182628512382507,121,0.524,0.07934792339801788,0.22182628512382507,0.5 <= ESA < 0.75,CCS-consistent: L2 + saved train Yes/No offsets
not,gemma-2-2b,22,0.0121850008144974,True,0.476,0.524,0.524,0.54,0.1871544420719146,0.54,0.512,0.452,0.07376082241535187,0.004168281331658363,0.2272675782442093,121,0.54,0.07376082241535187,0.2272675782442093,0.5 <= ESA < 0.75,CCS-consistent: L2 + saved train Yes/No offsets
not,gemma-2-2b,23,0.0142620941624045,False,0.694,0.306,0.694,0.672,0.1348640471696853,0.672,0.512,0.496,0.18476177752017975,0.20805659890174866,0.48686012625694275,121,0.672,0.18476177752017975,0.48686012625694275,0.5 <= ESA < 0.75,CCS-consistent: L2 + saved train Yes/No offsets
not,gemma-2-2b,24,0.0141890002414584,True,0.303,0.697,0.697,0.656,0.130244180560112,0.656,0.512,0.488,0.32129862904548645,0.3347717821598053,0.4868778884410858,121,0.656,0.32129862904548645,0.4868778884410858,0.5 <= ESA < 0.75,CCS-consistent: L2 + saved train Yes/No offsets
not,gemma-2-2b,25,0.0137521522119641,True,0.316,0.684,0.684,0.652,0.124217502772808,0.652,0.512,0.476,0.2686375677585602,0.34869539737701416,0.5027413964271545,121,0.652,0.2686375677585602,0.5027413964271545,0.5 <= ESA < 0.75,CCS-consistent: L2 + saved train Yes/No offsets
not,gemma-2-2b,26,0.0170704070478677,True,0.286,0.714,0.714,0.712,0.1315928399562835,0.712,0.512,0.56,0.11745420098304749,0.09889936447143555,0.41300925612449646,121,0.712,0.11745420098304749,0.41300925612449646,0.5 <= ESA < 0.75,CCS-consistent: L2 + saved train Yes/No offsets
not,gemma-2-2b-it,0,0.199999988079071,False,0.504,0.504,0.504,0.516,0.0,0.484,0.516,0.0,0.0,0.0,0.3200364410877228,121,0.516,0.0,0.3200364410877228,0.5 <= ESA < 0.75,CCS-consistent: L2 + saved train Yes/No offsets
not,gemma-2-2b-it,1,0.0855856090784072,True,0.47,0.53,0.53,0.516,0.1926672309637069,0.516,0.516,0.448,0.1603592038154602,0.1149870753288269,0.49820995330810547,121,0.516,0.1603592038154602,0.49820995330810547,0.5 <= ESA < 0.75,CCS-consistent: L2 + saved train Yes/No offsets
not,gemma-2-2b-it,2,0.038592517375946,False,0.54,0.46,0.54,0.548,0.1853040158748626,0.548,0.516,0.512,0.28960704803466797,0.4176795482635498,0.6346186995506287,121,0.548,0.28960704803466797,0.6346186995506287,0.5 <= ESA < 0.75,CCS-consistent: L2 + saved train Yes/No offsets
not,gemma-2-2b-it,3,0.0239367019385099,True,0.425,0.575,0.575,0.5800000000000001,0.1432244330644607,0.58,0.516,0.448,0.29686254262924194,0.37759479880332947,0.6078464984893799,121,0.5800000000000001,0.29686254262924194,0.6078464984893799,0.5 <= ESA < 0.75,CCS-consistent: L2 + saved train Yes/No offsets
not,gemma-2-2b-it,4,0.0212596971541643,False,0.554,0.446,0.554,0.556,0.2305168509483337,0.556,0.516,0.464,0.36987653374671936,0.5798580646514893,0.6414405107498169,121,0.556,0.36987653374671936,0.6414405107498169,0.5 <= ESA < 0.75,CCS-consistent: L2 + saved train Yes/No offsets
not,gemma-2-2b-it,5,0.0202667936682701,False,0.556,0.444,0.556,0.556,0.2869481146335602,0.556,0.516,0.488,0.34412717819213867,0.5238043665885925,0.617809534072876,121,0.556,0.34412717819213867,0.617809534072876,0.5 <= ESA < 0.75,CCS-consistent: L2 + saved train Yes/No offsets
not,gemma-2-2b-it,6,0.004053499083966,True,0.469,0.531,0.531,0.556,0.4321234226226806,0.556,0.516,0.464,0.05434131622314453,6.170764390844852e-05,0.11039029806852341,121,0.556,0.05434131622314453,0.11039029806852341,0.5 <= ESA < 0.75,CCS-consistent: L2 + saved train Yes/No offsets
not,gemma-2-2b-it,7,0.0044561773538589,True,0.464,0.536,0.536,0.552,0.4463088512420654,0.552,0.516,0.476,0.07639694213867188,9.12883915589191e-05,0.11097836494445801,121,0.552,0.07639694213867188,0.11097836494445801,0.5 <= ESA < 0.75,CCS-consistent: L2 + saved train Yes/No offsets
not,gemma-2-2b-it,8,0.0028126875404268,False,0.507,0.493,0.507,0.528,0.4632717967033386,0.528,0.516,0.436,0.07364703714847565,4.094361065654084e-05,0.1398298293352127,121,0.528,0.07364703714847565,0.1398298293352127,0.5 <= ESA < 0.75,CCS-consistent: L2 + saved train Yes/No offsets
not,gemma-2-2b-it,9,0.00292489095591,False,0.504,0.496,0.504,0.528,0.4295346438884735,0.528,0.516,0.436,0.07308492064476013,9.796299855224788e-05,0.14262060821056366,121,0.528,0.07308492064476013,0.14262060821056366,0.5 <= ESA < 0.75,CCS-consistent: L2 + saved train Yes/No offsets
not,gemma-2-2b-it,10,0.0027375579811632,False,0.505,0.495,0.505,0.52,0.3960760533809662,0.52,0.516,0.444,0.0816698968410492,9.429328929400072e-05,0.13701094686985016,121,0.52,0.0816698968410492,0.13701094686985016,0.5 <= ESA < 0.75,CCS-consistent: L2 + saved train Yes/No offsets
not,gemma-2-2b-it,11,0.0027662459760904,False,0.504,0.496,0.504,0.524,0.3809884786605835,0.524,0.516,0.448,0.08982527256011963,0.0001410160184605047,0.14262251555919647,121,0.524,0.08982527256011963,0.14262251555919647,0.5 <= ESA < 0.75,CCS-consistent: L2 + saved train Yes/No offsets
not,gemma-2-2b-it,12,0.0030360580421984,True,0.496,0.504,0.504,0.52,0.3411492705345154,0.52,0.516,0.444,0.08955147117376328,0.0001996308856178075,0.14337258040905,121,0.52,0.08955147117376328,0.14337258040905,0.5 <= ESA < 0.75,CCS-consistent: L2 + saved train Yes/No offsets
not,gemma-2-2b-it,13,0.002975910436362,False,0.502,0.498,0.502,0.516,0.2830480337142944,0.516,0.516,0.432,0.07813376188278198,0.00023598334519192576,0.14907851815223694,121,0.516,0.07813376188278198,0.14907851815223694,0.5 <= ESA < 0.75,CCS-consistent: L2 + saved train Yes/No offsets
not,gemma-2-2b-it,14,0.0021091611124575,False,0.954,0.046,0.954,0.956,0.3010887801647186,0.956,0.516,0.48,0.02298630215227604,7.049408304737881e-05,0.08100484311580658,121,0.956,0.02298630215227604,0.08100484311580658,strong ESA (>= 0.75),CCS-consistent: L2 + saved train Yes/No offsets
not,gemma-2-2b-it,15,0.0017565975431352,False,0.953,0.047,0.953,0.956,0.3500039875507355,0.956,0.516,0.48,0.021293364465236664,3.848888445645571e-05,0.07588973641395569,121,0.956,0.021293364465236664,0.07588973641395569,strong ESA (>= 0.75),CCS-consistent: L2 + saved train Yes/No offsets
not,gemma-2-2b-it,16,0.0025172047317028,False,0.947,0.053,0.947,0.952,0.3142466843128204,0.952,0.516,0.484,0.047529809176921844,7.426018419209868e-05,0.0810294970870018,121,0.952,0.047529809176921844,0.0810294970870018,strong ESA (>= 0.75),CCS-consistent: L2 + saved train Yes/No offsets
not,gemma-2-2b-it,17,0.0026356491725891,True,0.052,0.948,0.948,0.948,0.2974894344806671,0.948,0.516,0.48,0.05226462334394455,0.00010175393254030496,0.1041545420885086,121,0.948,0.05226462334394455,0.1041545420885086,strong ESA (>= 0.75),CCS-consistent: L2 + saved train Yes/No offsets
not,gemma-2-2b-it,18,0.0033379951491951,True,0.051,0.949,0.949,0.948,0.2779209613800049,0.948,0.516,0.48,0.050810009241104126,0.0001306286285398528,0.10679969936609268,121,0.948,0.050810009241104126,0.10679969936609268,strong ESA (>= 0.75),CCS-consistent: L2 + saved train Yes/No offsets
not,gemma-2-2b-it,19,0.0034692366607487,False,0.95,0.05,0.95,0.952,0.2622256875038147,0.952,0.516,0.484,0.031177746132016182,0.00011752449790947139,0.08620963245630264,121,0.952,0.031177746132016182,0.08620963245630264,strong ESA (>= 0.75),CCS-consistent: L2 + saved train Yes/No offsets
not,gemma-2-2b-it,20,0.0039976118132472,True,0.047,0.953,0.953,0.944,0.2556358277797699,0.944,0.516,0.476,0.046803068369627,0.0001609884639037773,0.10721144825220108,121,0.944,0.046803068369627,0.10721144825220108,strong ESA (>= 0.75),CCS-consistent: L2 + saved train Yes/No offsets
not,gemma-2-2b-it,21,0.0043000406585633,False,0.95,0.05,0.95,0.944,0.2379550188779831,0.944,0.516,0.476,0.04588194191455841,0.00022394672851078212,0.09135272353887558,121,0.944,0.04588194191455841,0.09135272353887558,strong ESA (>= 0.75),CCS-consistent: L2 + saved train Yes/No offsets
not,gemma-2-2b-it,22,0.0046329936012625,True,0.051,0.949,0.949,0.936,0.2399103939533233,0.936,0.516,0.468,0.039457350969314575,0.00020188723283354193,0.10539872944355011,121,0.936,0.039457350969314575,0.10539872944355011,strong ESA (>= 0.75),CCS-consistent: L2 + saved train Yes/No offsets
not,gemma-2-2b-it,23,0.0044984756968915,True,0.052,0.948,0.948,0.932,0.2269527167081833,0.932,0.516,0.464,0.059831973165273666,0.0002704958606045693,0.11113478243350983,121,0.932,0.059831973165273666,0.11113478243350983,strong ESA (>= 0.75),CCS-consistent: L2 + saved train Yes/No offsets
not,gemma-2-2b-it,24,0.0044261207804083,True,0.052,0.948,0.948,0.936,0.2229272723197937,0.936,0.516,0.468,0.05909231677651405,0.0006220159702934325,0.11561878770589828,121,0.936,0.05909231677651405,0.11561878770589828,strong ESA (>= 0.75),CCS-consistent: L2 + saved train Yes/No offsets
not,gemma-2-2b-it,25,0.0059323944151401,False,0.948,0.052,0.948,0.932,0.2165534347295761,0.932,0.516,0.464,0.055844441056251526,0.0012779260287061334,0.1166013553738594,121,0.932,0.055844441056251526,0.1166013553738594,strong ESA (>= 0.75),CCS-consistent: L2 + saved train Yes/No offsets
not,gemma-2-2b-it,26,0.0097653158009052,True,0.063,0.937,0.937,0.92,0.1949475407600402,0.92,0.516,0.46,0.03566784784197807,0.0016900899354368448,0.14519217610359192,121,0.92,0.03566784784197807,0.14519217610359192,strong ESA (>= 0.75),CCS-consistent: L2 + saved train Yes/No offsets
not,gemma-2-9b,0,0.199999988079071,False,0.504,0.504,0.504,0.516,0.0,0.484,0.5,0.984,0.0,0.0,0.320033997297287,121,0.516,0.0,0.320033997297287,0.5 <= ESA < 0.75,CCS-consistent: L2 + saved train Yes/No offsets
not,gemma-2-9b,1,0.1058882996439933,True,0.475,0.525,0.525,0.544,0.2630759477615356,0.544,0.5,0.492,0.09001427888870239,0.07508935034275055,0.42648202180862427,121,0.544,0.09001427888870239,0.42648202180862427,0.5 <= ESA < 0.75,CCS-consistent: L2 + saved train Yes/No offsets
not,gemma-2-9b,2,0.0331704393029212,True,0.445,0.555,0.555,0.5640000000000001,0.1903458386659622,0.564,0.5,0.504,0.39955055713653564,0.42674338817596436,0.6194126009941101,121,0.5640000000000001,0.39955055713653564,0.6194126009941101,0.5 <= ESA < 0.75,CCS-consistent: L2 + saved train Yes/No offsets
not,gemma-2-9b,3,0.0265358090400695,True,0.431,0.569,0.569,0.5920000000000001,0.279579758644104,0.592,0.5,0.556,0.37024974822998047,0.4722136855125427,0.6237776279449463,121,0.5920000000000001,0.37024974822998047,0.6237776279449463,0.5 <= ESA < 0.75,CCS-consistent: L2 + saved train Yes/No offsets
not,gemma-2-9b,4,0.022042192518711,True,0.44,0.56,0.56,0.5760000000000001,0.2779266834259033,0.576,0.5,0.556,0.38487812876701355,0.48474401235580444,0.6413964629173279,121,0.5760000000000001,0.38487812876701355,0.6413964629173279,0.5 <= ESA < 0.75,CCS-consistent: L2 + saved train Yes/No offsets
not,gemma-2-9b,5,0.0156864672899246,True,0.45,0.55,0.55,0.544,0.1920470595359802,0.544,0.5,0.58,0.4597254693508148,0.5362380743026733,0.5772560834884644,121,0.544,0.4597254693508148,0.5772560834884644,0.5 <= ESA < 0.75,CCS-consistent: L2 + saved train Yes/No offsets
not,gemma-2-9b,6,0.0163728427141904,True,0.418,0.582,0.582,0.596,0.1982123106718063,0.596,0.5,0.536,0.32200807332992554,0.5084413886070251,0.6042391657829285,121,0.596,0.32200807332992554,0.6042391657829285,0.5 <= ESA < 0.75,CCS-consistent: L2 + saved train Yes/No offsets
not,gemma-2-9b,7,0.0133263058960437,True,0.376,0.624,0.624,0.616,0.2175134867429733,0.616,0.5,0.564,0.3575165271759033,0.2363446205854416,0.5173397064208984,121,0.616,0.3575165271759033,0.5173397064208984,0.5 <= ESA < 0.75,CCS-consistent: L2 + saved train Yes/No offsets
not,gemma-2-9b,8,0.0037139679770916,True,0.459,0.541,0.541,0.556,0.3708805739879608,0.556,0.5,0.544,0.046077728271484375,0.00012091897224308923,0.10325862467288971,121,0.556,0.046077728271484375,0.10325862467288971,0.5 <= ESA < 0.75,CCS-consistent: L2 + saved train Yes/No offsets
not,gemma-2-9b,9,0.00410080794245,False,0.54,0.46,0.54,0.544,0.3458474278450012,0.544,0.5,0.564,0.04259679093956947,7.474382437067106e-05,0.12553925812244415,121,0.544,0.04259679093956947,0.12553925812244415,0.5 <= ESA < 0.75,CCS-consistent: L2 + saved train Yes/No offsets
not,gemma-2-9b,10,0.0040351343341171,True,0.475,0.525,0.525,0.536,0.3628132045269012,0.536,0.5,0.548,0.05337902158498764,9.039862197823822e-05,0.11210668832063675,121,0.536,0.05337902158498764,0.11210668832063675,0.5 <= ESA < 0.75,CCS-consistent: L2 + saved train Yes/No offsets
not,gemma-2-9b,11,0.0023364834487438,False,0.515,0.485,0.515,0.544,0.4020732343196869,0.544,0.5,0.564,0.10201389342546463,2.9045324481558055e-05,0.1596173197031021,121,0.544,0.10201389342546463,0.1596173197031021,0.5 <= ESA < 0.75,CCS-consistent: L2 + saved train Yes/No offsets
not,gemma-2-9b,12,0.0022003422491252,True,0.482,0.518,0.518,0.54,0.4232865273952484,0.54,0.5,0.568,0.08210992068052292,1.6605883502052166e-05,0.14745962619781494,121,0.54,0.08210992068052292,0.14745962619781494,0.5 <= ESA < 0.75,CCS-consistent: L2 + saved train Yes/No offsets
not,gemma-2-9b,13,0.0022653844207525,False,0.517,0.483,0.517,0.544,0.4085673093795776,0.544,0.5,0.564,0.07680997997522354,3.4998862247448415e-05,0.16037152707576752,121,0.544,0.07680997997522354,0.16037152707576752,0.5 <= ESA < 0.75,CCS-consistent: L2 + saved train Yes/No offsets
not,gemma-2-9b,14,0.0022663080599159,True,0.486,0.514,0.514,0.532,0.4319346845149994,0.532,0.5,0.568,0.10126606374979019,5.495280493050814e-05,0.15302962064743042,121,0.532,0.10126606374979019,0.15302962064743042,0.5 <= ESA < 0.75,CCS-consistent: L2 + saved train Yes/No offsets
not,gemma-2-9b,15,0.0023057186044752,False,0.509,0.491,0.509,0.528,0.4156963527202606,0.528,0.5,0.564,0.11596573889255524,4.541728776530363e-05,0.16966648399829865,121,0.528,0.11596573889255524,0.16966648399829865,0.5 <= ESA < 0.75,CCS-consistent: L2 + saved train Yes/No offsets
not,gemma-2-9b,16,0.0025384197942912,True,0.491,0.509,0.509,0.528,0.4587317407131195,0.528,0.5,0.564,0.11260940879583359,4.010963675682433e-05,0.15174752473831177,121,0.528,0.11260940879583359,0.15174752473831177,0.5 <= ESA < 0.75,CCS-consistent: L2 + saved train Yes/No offsets
not,gemma-2-9b,17,0.0028634811751544,False,0.507,0.493,0.507,0.528,0.4541888833045959,0.528,0.5,0.556,0.07853422313928604,7.943902164697647e-05,0.16931866109371185,121,0.528,0.07853422313928604,0.16931866109371185,0.5 <= ESA < 0.75,CCS-consistent: L2 + saved train Yes/No offsets
not,gemma-2-9b,18,0.0021320714149624,False,0.51,0.49,0.51,0.524,0.4087330102920532,0.524,0.5,0.568,0.10143442451953888,6.072291580494493e-05,0.17375177145004272,121,0.524,0.10143442451953888,0.17375177145004272,0.5 <= ESA < 0.75,CCS-consistent: L2 + saved train Yes/No offsets
not,gemma-2-9b,19,0.0018025904428213,False,0.509,0.491,0.509,0.52,0.3597416281700134,0.52,0.5,0.572,0.11275281012058258,9.989104000851512e-05,0.18041397631168365,121,0.52,0.11275281012058258,0.18041397631168365,0.5 <= ESA < 0.75,CCS-consistent: L2 + saved train Yes/No offsets
not,gemma-2-9b,20,0.0022468620445579,False,0.505,0.495,0.505,0.52,0.3269047737121582,0.52,0.5,0.572,0.1304524689912796,0.00011055088543798774,0.18657325208187103,121,0.52,0.1304524689912796,0.18657325208187103,0.5 <= ESA < 0.75,CCS-consistent: L2 + saved train Yes/No offsets
not,gemma-2-9b,21,0.0024776286445558,False,0.504,0.496,0.504,0.52,0.2929441928863525,0.52,0.5,0.572,0.125883087515831,0.0002899229002650827,0.17733274400234222,121,0.52,0.125883087515831,0.17733274400234222,0.5 <= ESA < 0.75,CCS-consistent: L2 + saved train Yes/No offsets
not,gemma-2-9b,22,0.0026382394134998,True,0.491,0.509,0.509,0.524,0.2769930958747864,0.524,0.5,0.568,0.12385041266679764,0.0004360118764452636,0.18427245318889618,121,0.524,0.12385041266679764,0.18427245318889618,0.5 <= ESA < 0.75,CCS-consistent: L2 + saved train Yes/No offsets
not,gemma-2-9b,23,0.0034529780969023,False,0.512,0.488,0.512,0.524,0.2595538794994354,0.524,0.5,0.568,0.10237079113721848,0.0007787838112562895,0.19260145723819733,121,0.524,0.10237079113721848,0.19260145723819733,0.5 <= ESA < 0.75,CCS-consistent: L2 + saved train Yes/No offsets
not,gemma-2-9b,24,0.0041739661246538,False,0.505,0.495,0.505,0.524,0.2415969371795654,0.524,0.5,0.568,0.09029096364974976,0.0009415076347067952,0.18059107661247253,121,0.524,0.09029096364974976,0.18059107661247253,0.5 <= ESA < 0.75,CCS-consistent: L2 + saved train Yes/No offsets
not,gemma-2-9b,25,0.004168408922851,False,0.505,0.495,0.505,0.52,0.2208146601915359,0.48,0.5,0.428,0.08652155846357346,0.00045995478285476565,0.17615488171577454,121,0.52,0.08652155846357346,0.17615488171577454,0.5 <= ESA < 0.75,CCS-consistent: L2 + saved train Yes/No offsets
not,gemma-2-9b,26,0.0046333111822605,True,0.496,0.504,0.504,0.516,0.2046476453542709,0.484,0.5,0.432,0.09958753734827042,0.0007105194963514805,0.17491568624973297,121,0.516,0.09958753734827042,0.17491568624973297,0.5 <= ESA < 0.75,CCS-consistent: L2 + saved train Yes/No offsets
not,gemma-2-9b,27,0.0063444301486015,True,0.238,0.762,0.762,0.768,0.2312399297952652,0.768,0.5,0.46,0.16817894577980042,0.01708167977631092,0.39932015538215637,121,0.768,0.16817894577980042,0.39932015538215637,strong ESA (>= 0.75),CCS-consistent: L2 + saved train Yes/No offsets
not,gemma-2-9b,28,0.0067692203447222,False,0.537,0.463,0.537,0.548,0.20515176653862,0.548,0.5,0.536,0.08735519647598267,0.0008230515522882342,0.19780024886131287,121,0.548,0.08735519647598267,0.19780024886131287,0.5 <= ESA < 0.75,CCS-consistent: L2 + saved train Yes/No offsets
not,gemma-2-9b,29,0.0072584887966513,True,0.47,0.53,0.53,0.56,0.2103580385446548,0.56,0.5,0.524,0.10586602240800858,0.0011389112332835793,0.18631255626678467,121,0.56,0.10586602240800858,0.18631255626678467,0.5 <= ESA < 0.75,CCS-consistent: L2 + saved train Yes/No offsets
not,gemma-2-9b,30,0.0081757400184869,True,0.246,0.754,0.754,0.764,0.2573485374450683,0.764,0.5,0.456,0.13139091432094574,0.046825386583805084,0.4090172052383423,121,0.764,0.13139091432094574,0.4090172052383423,strong ESA (>= 0.75),CCS-consistent: L2 + saved train Yes/No offsets
not,gemma-2-9b,31,0.0085836360231041,True,0.242,0.758,0.758,0.756,0.2495065480470657,0.756,0.5,0.48,0.17192138731479645,0.04723105952143669,0.41618093848228455,121,0.756,0.17192138731479645,0.41618093848228455,strong ESA (>= 0.75),CCS-consistent: L2 + saved train Yes/No offsets
not,gemma-2-9b,32,0.0092473058030009,True,0.238,0.762,0.762,0.756,0.2510562539100647,0.756,0.5,0.488,0.1563822329044342,0.06330452859401703,0.4165436327457428,121,0.756,0.1563822329044342,0.4165436327457428,strong ESA (>= 0.75),CCS-consistent: L2 + saved train Yes/No offsets
not,gemma-2-9b,33,0.0090420041233301,False,0.76,0.24,0.76,0.76,0.2456714957952499,0.76,0.5,0.484,0.1762085109949112,0.07699912786483765,0.4079563617706299,121,0.76,0.1762085109949112,0.4079563617706299,strong ESA (>= 0.75),CCS-consistent: L2 + saved train Yes/No offsets
not,gemma-2-9b,34,0.0093331467360258,False,0.753,0.247,0.753,0.74,0.2315230071544647,0.74,0.5,0.496,0.18277350068092346,0.10195863991975784,0.4178220331668854,121,0.74,0.18277350068092346,0.4178220331668854,0.5 <= ESA < 0.75,CCS-consistent: L2 + saved train Yes/No offsets
not,gemma-2-9b,35,0.0091132773086428,False,0.75,0.25,0.75,0.74,0.2345545440912246,0.74,0.5,0.48,0.1867421567440033,0.0991554856300354,0.4197041988372803,121,0.74,0.1867421567440033,0.4197041988372803,0.5 <= ESA < 0.75,CCS-consistent: L2 + saved train Yes/No offsets
not,gemma-2-9b,36,0.0089222593232989,False,0.751,0.249,0.751,0.724,0.2272663414478302,0.724,0.5,0.504,0.17342473566532135,0.13915909826755524,0.4326680898666382,121,0.724,0.17342473566532135,0.4326680898666382,0.5 <= ESA < 0.75,CCS-consistent: L2 + saved train Yes/No offsets
not,gemma-2-9b,37,0.0088264811784029,False,0.754,0.246,0.754,0.732,0.2325896620750427,0.732,0.5,0.48,0.10876829922199249,0.07193904370069504,0.4114142656326294,121,0.732,0.10876829922199249,0.4114142656326294,0.5 <= ESA < 0.75,CCS-consistent: L2 + saved train Yes/No offsets
not,gemma-2-9b,38,0.008660047315061,False,0.748,0.252,0.748,0.724,0.2230470478534698,0.724,0.5,0.496,0.18456672132015228,0.13012531399726868,0.4371081292629242,121,0.724,0.18456672132015228,0.4371081292629242,0.5 <= ESA < 0.75,CCS-consistent: L2 + saved train Yes/No offsets
not,gemma-2-9b,39,0.0086666569113731,False,0.753,0.247,0.753,0.732,0.21852807700634,0.732,0.5,0.496,0.10972974449396133,0.09647087752819061,0.41754937171936035,121,0.732,0.10972974449396133,0.41754937171936035,0.5 <= ESA < 0.75,CCS-consistent: L2 + saved train Yes/No offsets
not,gemma-2-9b,40,0.0092198839411139,True,0.247,0.753,0.753,0.744,0.2169913351535797,0.744,0.5,0.476,0.1910942792892456,0.08043022453784943,0.43649712204933167,121,0.744,0.1910942792892456,0.43649712204933167,0.5 <= ESA < 0.75,CCS-consistent: L2 + saved train Yes/No offsets
not,gemma-2-9b,41,0.0090280473232269,True,0.253,0.747,0.747,0.756,0.2304680496454239,0.756,0.5,0.448,0.1462266743183136,0.10099326074123383,0.4276005029678345,121,0.756,0.1462266743183136,0.4276005029678345,strong ESA (>= 0.75),CCS-consistent: L2 + saved train Yes/No offsets
not,gemma-2-9b,42,0.0057339407503604,True,0.253,0.747,0.747,0.752,0.227040559053421,0.752,0.5,0.444,0.20448139309883118,0.11020521819591522,0.42450186610221863,121,0.752,0.20448139309883118,0.42450186610221863,strong ESA (>= 0.75),CCS-consistent: L2 + saved train Yes/No offsets
not,gemma-2-9b-it,0,0.1997894048690796,False,0.504,0.502,0.504,0.516,0.0,0.484,0.852,0.352,0.0,0.0,0.32086315751075745,121,0.516,0.0,0.32086315751075745,0.5 <= ESA < 0.75,CCS-consistent: L2 + saved train Yes/No offsets
not,gemma-2-9b-it,1,0.0956442952156066,False,0.508,0.492,0.508,0.572,0.3027528524398803,0.572,0.852,0.544,0.1394476294517517,0.09966447204351425,0.4706360995769501,121,0.572,0.1394476294517517,0.4706360995769501,0.5 <= ESA < 0.75,CCS-consistent: L2 + saved train Yes/No offsets
not,gemma-2-9b-it,2,0.0411593317985534,False,0.536,0.464,0.536,0.6,0.1329342275857925,0.6,0.852,0.612,0.3211662471294403,0.33162784576416016,0.5981033444404602,121,0.6,0.3211662471294403,0.5981033444404602,0.5 <= ESA < 0.75,CCS-consistent: L2 + saved train Yes/No offsets
not,gemma-2-9b-it,3,0.02911246009171,True,0.424,0.576,0.576,0.5880000000000001,0.2474128305912017,0.588,0.852,0.592,0.36389535665512085,0.48030412197113037,0.6283363103866577,121,0.5880000000000001,0.36389535665512085,0.6283363103866577,0.5 <= ESA < 0.75,CCS-consistent: L2 + saved train Yes/No offsets
not,gemma-2-9b-it,4,0.0249138548970222,False,0.575,0.425,0.575,0.604,0.2396253645420074,0.604,0.852,0.608,0.3594686686992645,0.474082887172699,0.6352702379226685,121,0.604,0.3594686686992645,0.6352702379226685,0.5 <= ESA < 0.75,CCS-consistent: L2 + saved train Yes/No offsets
not,gemma-2-9b-it,5,0.0205435194075107,False,0.584,0.416,0.584,0.62,0.1860248148441314,0.62,0.852,0.624,0.3935830593109131,0.4767983555793762,0.6082743406295776,121,0.62,0.3935830593109131,0.6082743406295776,0.5 <= ESA < 0.75,CCS-consistent: L2 + saved train Yes/No offsets
not,gemma-2-9b-it,6,0.0190939083695411,True,0.427,0.573,0.573,0.596,0.1928303390741348,0.596,0.852,0.616,0.3318931460380554,0.56809401512146,0.6637435555458069,121,0.596,0.3318931460380554,0.6637435555458069,0.5 <= ESA < 0.75,CCS-consistent: L2 + saved train Yes/No offsets
not,gemma-2-9b-it,7,0.0041745966300368,False,0.542,0.458,0.542,0.548,0.2538876235485077,0.548,0.852,0.584,0.057461876422166824,0.0006090541719458997,0.1056111752986908,121,0.548,0.057461876422166824,0.1056111752986908,0.5 <= ESA < 0.75,CCS-consistent: L2 + saved train Yes/No offsets
not,gemma-2-9b-it,8,0.0032112330663949,True,0.462,0.538,0.538,0.548,0.519807755947113,0.548,0.852,0.584,0.0457007996737957,0.00011078642273787409,0.09478574991226196,121,0.548,0.0457007996737957,0.09478574991226196,0.5 <= ESA < 0.75,CCS-consistent: L2 + saved train Yes/No offsets
not,gemma-2-9b-it,9,0.0033115672413259,False,0.536,0.464,0.536,0.548,0.5037659406661987,0.548,0.852,0.584,0.04378443956375122,0.00021391019981820136,0.10017494112253189,121,0.548,0.04378443956375122,0.10017494112253189,0.5 <= ESA < 0.75,CCS-consistent: L2 + saved train Yes/No offsets
not,gemma-2-9b-it,10,0.0034605241380631,False,0.53,0.47,0.53,0.548,0.5197569131851196,0.548,0.852,0.584,0.06546854227781296,0.00022187328431755304,0.10983853042125702,121,0.548,0.06546854227781296,0.10983853042125702,0.5 <= ESA < 0.75,CCS-consistent: L2 + saved train Yes/No offsets
not,gemma-2-9b-it,11,0.0035854838788509,True,0.483,0.517,0.517,0.536,0.5352633595466614,0.536,0.852,0.556,0.07877324521541595,4.5761185901938006e-05,0.12103881686925888,121,0.536,0.07877324521541595,0.12103881686925888,0.5 <= ESA < 0.75,CCS-consistent: L2 + saved train Yes/No offsets
not,gemma-2-9b-it,12,0.0037121153436601,False,0.523,0.477,0.523,0.54,0.5485771298408508,0.54,0.852,0.568,0.07435940206050873,3.480117447907105e-05,0.12979590892791748,121,0.54,0.07435940206050873,0.12979590892791748,0.5 <= ESA < 0.75,CCS-consistent: L2 + saved train Yes/No offsets
not,gemma-2-9b-it,13,0.0032299587037414,True,0.474,0.526,0.526,0.544,0.5181698203086853,0.544,0.852,0.564,0.07337762415409088,3.0700943170813844e-05,0.11917728930711746,121,0.544,0.07337762415409088,0.11917728930711746,0.5 <= ESA < 0.75,CCS-consistent: L2 + saved train Yes/No offsets
not,gemma-2-9b-it,14,0.0027253797743469,False,0.507,0.493,0.507,0.536,0.5164797306060791,0.536,0.852,0.564,0.08145400881767273,2.9493754482246004e-05,0.1466992050409317,121,0.536,0.08145400881767273,0.1466992050409317,0.5 <= ESA < 0.75,CCS-consistent: L2 + saved train Yes/No offsets
not,gemma-2-9b-it,15,0.0024764467962086,False,0.5,0.5,0.5,0.52,0.491090327501297,0.48,0.852,0.444,0.10463970899581909,6.7491753725335e-05,0.14130349457263947,121,0.52,0.10463970899581909,0.14130349457263947,0.5 <= ESA < 0.75,CCS-consistent: L2 + saved train Yes/No offsets
not,gemma-2-9b-it,16,0.0026260109152644,False,0.502,0.498,0.502,0.508,0.5256485939025879,0.508,0.852,0.552,0.08424752950668335,3.510566966724582e-05,0.14673809707164764,121,0.508,0.08424752950668335,0.14673809707164764,0.5 <= ESA < 0.75,CCS-consistent: L2 + saved train Yes/No offsets
not,gemma-2-9b-it,17,0.0024463965091854,False,0.504,0.496,0.504,0.524,0.5019366145133972,0.524,0.852,0.552,0.06859057396650314,2.364491047046613e-05,0.13978028297424316,121,0.524,0.06859057396650314,0.13978028297424316,0.5 <= ESA < 0.75,CCS-consistent: L2 + saved train Yes/No offsets
not,gemma-2-9b-it,18,0.0021513502579182,True,0.494,0.506,0.506,0.512,0.4629075229167938,0.488,0.852,0.452,0.060871247202157974,7.817659206921235e-05,0.1627759039402008,121,0.512,0.060871247202157974,0.1627759039402008,0.5 <= ESA < 0.75,CCS-consistent: L2 + saved train Yes/No offsets
not,gemma-2-9b-it,19,0.0019687288440763,False,0.507,0.493,0.507,0.516,0.3802627623081207,0.516,0.852,0.552,0.05876579508185387,0.00011029931192751974,0.15578943490982056,121,0.516,0.05876579508185387,0.15578943490982056,0.5 <= ESA < 0.75,CCS-consistent: L2 + saved train Yes/No offsets
not,gemma-2-9b-it,20,0.0016595951747149,False,0.962,0.038,0.962,0.96,0.2446886748075485,0.96,0.852,0.844,0.020734786987304688,0.00013830386160407215,0.06757563352584839,121,0.96,0.020734786987304688,0.06757563352584839,strong ESA (>= 0.75),CCS-consistent: L2 + saved train Yes/No offsets
not,gemma-2-9b-it,21,0.0014690740499645,True,0.043,0.957,0.957,0.956,0.3044107854366302,0.956,0.852,0.848,0.03867074102163315,8.820245420793071e-05,0.09765436500310898,121,0.956,0.03867074102163315,0.09765436500310898,strong ESA (>= 0.75),CCS-consistent: L2 + saved train Yes/No offsets
not,gemma-2-9b-it,22,0.0015614648582413,False,0.963,0.037,0.963,0.96,0.3344964385032654,0.96,0.852,0.852,0.037694528698921204,6.467322236858308e-05,0.06088503450155258,121,0.96,0.037694528698921204,0.06088503450155258,strong ESA (>= 0.75),CCS-consistent: L2 + saved train Yes/No offsets
not,gemma-2-9b-it,23,0.0020007616840302,False,0.958,0.042,0.958,0.956,0.3637557327747345,0.956,0.852,0.848,0.037306174635887146,8.714262366993353e-05,0.0659206211566925,121,0.956,0.037306174635887146,0.0659206211566925,strong ESA (>= 0.75),CCS-consistent: L2 + saved train Yes/No offsets
not,gemma-2-9b-it,24,0.0020065535791218,False,0.958,0.042,0.958,0.948,0.3999751210212707,0.948,0.852,0.84,0.02912985160946846,8.174301183316857e-05,0.06244033947587013,121,0.948,0.02912985160946846,0.06244033947587013,strong ESA (>= 0.75),CCS-consistent: L2 + saved train Yes/No offsets
not,gemma-2-9b-it,25,0.0021791236940771,False,0.956,0.044,0.956,0.948,0.4004914462566376,0.948,0.852,0.84,0.04249640181660652,7.907934923423454e-05,0.06315583735704422,121,0.948,0.04249640181660652,0.06315583735704422,strong ESA (>= 0.75),CCS-consistent: L2 + saved train Yes/No offsets
not,gemma-2-9b-it,26,0.0020248794462531,True,0.042,0.958,0.958,0.948,0.3894557356834411,0.948,0.852,0.84,0.033065374940633774,7.608035230077803e-05,0.09084699302911758,121,0.948,0.033065374940633774,0.09084699302911758,strong ESA (>= 0.75),CCS-consistent: L2 + saved train Yes/No offsets
not,gemma-2-9b-it,27,0.0020755156874656,False,0.957,0.043,0.957,0.936,0.3810940384864807,0.936,0.852,0.828,0.03370252251625061,7.008398824837059e-05,0.07109849154949188,121,0.936,0.03370252251625061,0.07109849154949188,strong ESA (>= 0.75),CCS-consistent: L2 + saved train Yes/No offsets
not,gemma-2-9b-it,28,0.0025422081816941,True,0.042,0.958,0.958,0.94,0.3737123012542724,0.94,0.852,0.832,0.03696178272366524,0.00016748410416767,0.09102480113506317,121,0.94,0.03696178272366524,0.09102480113506317,strong ESA (>= 0.75),CCS-consistent: L2 + saved train Yes/No offsets
not,gemma-2-9b-it,29,0.0027263483498245,False,0.956,0.044,0.956,0.936,0.3631619215011596,0.936,0.852,0.836,0.03827807307243347,0.000179749695234932,0.08033706992864609,121,0.936,0.03827807307243347,0.08033706992864609,strong ESA (>= 0.75),CCS-consistent: L2 + saved train Yes/No offsets
not,gemma-2-9b-it,30,0.0027316333726048,False,0.946,0.054,0.946,0.94,0.3697676062583923,0.94,0.852,0.84,0.0315713956952095,0.00014876434579491615,0.07338708639144897,121,0.94,0.0315713956952095,0.07338708639144897,strong ESA (>= 0.75),CCS-consistent: L2 + saved train Yes/No offsets
not,gemma-2-9b-it,31,0.0025630658492445,True,0.055,0.945,0.945,0.944,0.3710319697856903,0.944,0.852,0.836,0.028127171099185944,9.656616020947695e-05,0.08545532822608948,121,0.944,0.028127171099185944,0.08545532822608948,strong ESA (>= 0.75),CCS-consistent: L2 + saved train Yes/No offsets
not,gemma-2-9b-it,32,0.0028912853449583,True,0.058,0.942,0.942,0.94,0.3577316999435425,0.94,0.852,0.832,0.029475653544068336,0.00015291485760826617,0.08787840604782104,121,0.94,0.029475653544068336,0.08787840604782104,strong ESA (>= 0.75),CCS-consistent: L2 + saved train Yes/No offsets
not,gemma-2-9b-it,33,0.0027800991665571,True,0.061,0.939,0.939,0.94,0.3518750369548797,0.94,0.852,0.832,0.03220246359705925,0.00013120437506586313,0.09083811938762665,121,0.94,0.03220246359705925,0.09083811938762665,strong ESA (>= 0.75),CCS-consistent: L2 + saved train Yes/No offsets
not,gemma-2-9b-it,34,0.0025181891396641,True,0.059,0.941,0.941,0.94,0.3436611890792846,0.94,0.852,0.832,0.03220890462398529,9.755172504810616e-05,0.09012708812952042,121,0.94,0.03220890462398529,0.09012708812952042,strong ESA (>= 0.75),CCS-consistent: L2 + saved train Yes/No offsets
not,gemma-2-9b-it,35,0.0024275959003716,True,0.059,0.941,0.941,0.936,0.3368709087371826,0.936,0.852,0.828,0.03324038162827492,0.00012896605767309666,0.09306204319000244,121,0.936,0.03324038162827492,0.09306204319000244,strong ESA (>= 0.75),CCS-consistent: L2 + saved train Yes/No offsets
not,gemma-2-9b-it,36,0.0024743191897869,True,0.06,0.94,0.94,0.936,0.3349797129631042,0.936,0.852,0.836,0.014711624942719936,0.0001085241383407265,0.0896572545170784,121,0.936,0.014711624942719936,0.0896572545170784,strong ESA (>= 0.75),CCS-consistent: L2 + saved train Yes/No offsets
not,gemma-2-9b-it,37,0.002367143984884,True,0.059,0.941,0.941,0.94,0.3304257392883301,0.94,0.852,0.84,0.018095839768648148,8.507948950864375e-05,0.09155582636594772,121,0.94,0.018095839768648148,0.09155582636594772,strong ESA (>= 0.75),CCS-consistent: L2 + saved train Yes/No offsets
not,gemma-2-9b-it,38,0.0021420281846076,True,0.061,0.939,0.939,0.932,0.327271431684494,0.932,0.852,0.832,0.04248522222042084,8.643472392577678e-05,0.10163955390453339,121,0.932,0.04248522222042084,0.10163955390453339,strong ESA (>= 0.75),CCS-consistent: L2 + saved train Yes/No offsets
not,gemma-2-9b-it,39,0.0020716125145554,True,0.055,0.945,0.945,0.928,0.3327292501926422,0.928,0.852,0.836,0.0315898060798645,9.684367978479713e-05,0.08929552137851715,121,0.928,0.0315898060798645,0.08929552137851715,strong ESA (>= 0.75),CCS-consistent: L2 + saved train Yes/No offsets
not,gemma-2-9b-it,40,0.0022156019695103,False,0.939,0.061,0.939,0.932,0.3336489498615265,0.932,0.852,0.832,0.024249199777841568,0.00012443959712982178,0.08238065987825394,121,0.932,0.024249199777841568,0.08238065987825394,strong ESA (>= 0.75),CCS-consistent: L2 + saved train Yes/No offsets
not,gemma-2-9b-it,41,0.0029627080075442,True,0.062,0.938,0.938,0.932,0.3190294802188873,0.932,0.852,0.832,0.03534849360585213,0.00028683693381026387,0.11219117790460587,121,0.932,0.03534849360585213,0.11219117790460587,strong ESA (>= 0.75),CCS-consistent: L2 + saved train Yes/No offsets
not,gemma-2-9b-it,42,0.0014607635093852,False,0.942,0.058,0.942,0.928,0.3040118217468261,0.928,0.852,0.836,0.032695990055799484,9.366712038172409e-05,0.07596489042043686,121,0.928,0.032695990055799484,0.07596489042043686,strong ESA (>= 0.75),CCS-consistent: L2 + saved train Yes/No offsets
not,deberta-hate-tuned,0,0.199999988079071,False,0.504,0.504,0.504,0.516,0.0,0.484,0.62,0.856,0.0,0.0,0.3200323283672333,121,0.516,0.0,0.3200323283672333,0.5 <= ESA < 0.75,CCS-consistent: L2 + saved train Yes/No offsets
not,deberta-hate-tuned,1,0.1781352907419204,True,0.494,0.506,0.506,0.524,0.463918387889862,0.524,0.62,0.568,-7.318483403651044e-05,0.007944665849208832,0.33419111371040344,121,0.524,-7.318483403651044e-05,0.33419111371040344,0.5 <= ESA < 0.75,CCS-consistent: L2 + saved train Yes/No offsets
not,deberta-hate-tuned,2,0.1607889831066131,False,0.52,0.48,0.52,0.54,0.1906258016824722,0.54,0.62,0.464,-0.0005069168983027339,0.014011558145284653,0.3688041865825653,121,0.54,-0.0005069168983027339,0.3688041865825653,0.5 <= ESA < 0.75,CCS-consistent: L2 + saved train Yes/No offsets
not,deberta-hate-tuned,3,0.1611732840538025,False,0.521,0.479,0.521,0.516,0.4063940346240997,0.516,0.62,0.504,-7.894227019278333e-05,0.025813957676291466,0.36255335807800293,121,0.516,-7.894227019278333e-05,0.36255335807800293,0.5 <= ESA < 0.75,CCS-consistent: L2 + saved train Yes/No offsets
not,deberta-hate-tuned,4,0.1063078790903091,True,0.498,0.502,0.502,0.532,0.2032521367073059,0.468,0.62,0.448,-0.013568228110671043,0.11078295111656189,0.4472653269767761,121,0.532,-0.013568228110671043,0.4472653269767761,0.5 <= ESA < 0.75,CCS-consistent: L2 + saved train Yes/No offsets
not,deberta-hate-tuned,5,0.1312901675701141,True,0.493,0.507,0.507,0.532,0.4017989635467529,0.532,0.62,0.512,0.002958110999315977,0.06404206156730652,0.39338356256484985,121,0.532,0.002958110999315977,0.39338356256484985,0.5 <= ESA < 0.75,CCS-consistent: L2 + saved train Yes/No offsets
not,deberta-hate-tuned,6,0.1150536090135574,False,0.507,0.493,0.507,0.536,0.4334781169891357,0.536,0.62,0.428,-0.01288164034485817,0.09947429597377777,0.4261532127857208,121,0.536,-0.01288164034485817,0.4261532127857208,0.5 <= ESA < 0.75,CCS-consistent: L2 + saved train Yes/No offsets
not,deberta-hate-tuned,7,0.1242101117968559,True,0.477,0.523,0.523,0.54,0.3125883042812347,0.54,0.62,0.448,0.018428700044751167,0.06833917647600174,0.4247647821903229,121,0.54,0.018428700044751167,0.4247647821903229,0.5 <= ESA < 0.75,CCS-consistent: L2 + saved train Yes/No offsets
not,deberta-hate-tuned,8,0.1312569230794906,True,0.492,0.508,0.508,0.508,0.4043885767459869,0.508,0.62,0.472,0.008375739678740501,0.02806369587779045,0.46374836564064026,121,0.508,0.008375739678740501,0.46374836564064026,0.5 <= ESA < 0.75,CCS-consistent: L2 + saved train Yes/No offsets
not,deberta-hate-tuned,9,0.1218896508216857,True,0.487,0.513,0.513,0.54,0.4880024492740631,0.54,0.62,0.512,0.009812237694859505,0.10528682172298431,0.4256710112094879,121,0.54,0.009812237694859505,0.4256710112094879,0.5 <= ESA < 0.75,CCS-consistent: L2 + saved train Yes/No offsets
not,deberta-hate-tuned,10,0.1492409408092498,False,0.558,0.442,0.558,0.54,0.3410731852054596,0.54,0.62,0.432,0.019354358315467834,0.0156650859862566,0.3263935446739197,121,0.54,0.019354358315467834,0.3263935446739197,0.5 <= ESA < 0.75,CCS-consistent: L2 + saved train Yes/No offsets
not,deberta-hate-tuned,11,0.1545893400907516,False,0.522,0.478,0.522,0.508,0.3748329877853393,0.508,0.62,0.416,0.017846403643488884,0.019682835787534714,0.37474149465560913,121,0.508,0.017846403643488884,0.37474149465560913,0.5 <= ESA < 0.75,CCS-consistent: L2 + saved train Yes/No offsets
not,deberta-hate-tuned,12,0.1538693159818649,True,0.4,0.6,0.6,0.56,0.3633679151535034,0.56,0.62,0.484,0.009711764752864838,0.010093243792653084,0.33750101923942566,121,0.56,0.009711764752864838,0.33750101923942566,0.5 <= ESA < 0.75,CCS-consistent: L2 + saved train Yes/No offsets
not,deberta-hate-tuned,13,0.1735715866088867,False,0.649,0.351,0.649,0.664,0.2686092555522918,0.664,0.62,0.476,0.00044383099884726107,0.004605770111083984,0.3465784788131714,121,0.664,0.00044383099884726107,0.3465784788131714,0.5 <= ESA < 0.75,CCS-consistent: L2 + saved train Yes/No offsets
not,deberta-hate-tuned,14,0.1309425234794616,False,0.555,0.445,0.555,0.532,0.3446635007858276,0.532,0.62,0.472,0.012684617191553116,0.013978838920593262,0.33596324920654297,121,0.532,0.012684617191553116,0.33596324920654297,0.5 <= ESA < 0.75,CCS-consistent: L2 + saved train Yes/No offsets
not,deberta-hate-tuned,15,0.1600075513124466,False,0.527,0.473,0.527,0.552,0.2379413992166519,0.552,0.62,0.54,-0.0029001315124332905,0.01914948597550392,0.3534516394138336,121,0.552,-0.0029001315124332905,0.3534516394138336,0.5 <= ESA < 0.75,CCS-consistent: L2 + saved train Yes/No offsets
not,deberta-hate-tuned,16,0.1234523802995681,True,0.317,0.683,0.683,0.724,0.2518499791622162,0.724,0.62,0.624,-0.0016315230168402195,0.04086582362651825,0.44894036650657654,121,0.724,-0.0016315230168402195,0.44894036650657654,0.5 <= ESA < 0.75,CCS-consistent: L2 + saved train Yes/No offsets
not,deberta-hate-tuned,17,0.1563269793987274,True,0.333,0.667,0.667,0.72,0.1747220009565353,0.72,0.62,0.596,0.004451017826795578,0.01663641445338726,0.3361354470252991,121,0.72,0.004451017826795578,0.3361354470252991,0.5 <= ESA < 0.75,CCS-consistent: L2 + saved train Yes/No offsets
not,deberta-hate-tuned,18,0.1659804135560989,False,0.698,0.302,0.698,0.728,0.1439940929412841,0.728,0.62,0.564,-0.0004988012369722128,0.00920096319168806,0.33133137226104736,121,0.728,-0.0004988012369722128,0.33133137226104736,0.5 <= ESA < 0.75,CCS-consistent: L2 + saved train Yes/No offsets
not,deberta-hate-tuned,19,0.0585475265979766,True,0.327,0.673,0.673,0.6799999999999999,0.1917227059602737,0.68,0.62,0.628,0.04516570642590523,0.22446851432323456,0.396850049495697,121,0.6799999999999999,0.04516570642590523,0.396850049495697,0.5 <= ESA < 0.75,CCS-consistent: L2 + saved train Yes/No offsets
not,deberta-hate-tuned,20,0.0497485175728797,True,0.063,0.937,0.937,0.928,0.1812794208526611,0.928,0.62,0.684,0.052568305283784866,0.03187263384461403,0.26174303889274597,121,0.928,0.052568305283784866,0.26174303889274597,strong ESA (>= 0.75),CCS-consistent: L2 + saved train Yes/No offsets
not,deberta-hate-tuned,21,0.0565826445817947,False,0.924,0.076,0.924,0.904,0.1738840490579605,0.904,0.62,0.652,0.07518491894006729,0.043737247586250305,0.2592692971229553,121,0.904,0.07518491894006729,0.2592692971229553,strong ESA (>= 0.75),CCS-consistent: L2 + saved train Yes/No offsets
not,deberta-hate-tuned,22,0.0528292432427406,True,0.077,0.923,0.923,0.904,0.1701678186655044,0.904,0.62,0.676,0.07145553082227707,0.05586361885070801,0.2792239785194397,121,0.904,0.07145553082227707,0.2792239785194397,strong ESA (>= 0.75),CCS-consistent: L2 + saved train Yes/No offsets
not,deberta-hate-tuned,23,0.0579585842788219,True,0.27,0.73,0.73,0.732,0.2029149532318115,0.732,0.62,0.52,0.03127790242433548,0.05371895432472229,0.3256494402885437,121,0.732,0.03127790242433548,0.3256494402885437,0.5 <= ESA < 0.75,CCS-consistent: L2 + saved train Yes/No offsets
not,deberta-hate-tuned,24,0.0605662129819393,False,0.898,0.102,0.898,0.868,0.1496149897575378,0.868,0.62,0.672,0.05427326261997223,0.05393456295132637,0.2743314504623413,121,0.868,0.05427326261997223,0.2743314504623413,strong ESA (>= 0.75),CCS-consistent: L2 + saved train Yes/No offsets
